id,date,amount,units,status,region,category,fulfillment_center,customer_id,channel,payment_method,discount,delivery_days
ORD-100001,2024-12-01,8650,4,Delivered,East,Electronics,FC-4,CUST-10001,Marketplace,UPI,0,4
ORD-100002,2024-12-01,1349,2,Delivered,North,Home,FC-2,CUST-10002,App,Card,0,2
ORD-100003,2024-12-01,11723,4,Delivered,East,Electronics,FC-7,CUST-10003,Web,COD,1094,4
ORD-100004,2024-12-01,1833,1,Delivered,West,Electronics,FC-6,CUST-10004,Marketplace,COD,198,2
ORD-100005,2024-12-01,1404,4,Delivered,East,Beauty,FC-1,CUST-10005,Web,UPI,0,3
ORD-100006,2024-12-01,258,1,Delivered,West,Grocery,FC-8,CUST-10006,Web,UPI,27,5
ORD-100007,2024-12-01,455,1,Delivered,North,Beauty,FC-6,CUST-10007,App,UPI,0,3
ORD-100008,2024-12-01,5722,2,Delivered,West,Electronics,FC-8,CUST-10008,Web,Wallet,439,3
ORD-100009,2024-12-01,1792,2,Delivered,East,Home,FC-6,CUST-10009,Web,Card,0,3
ORD-100010,2024-12-01,1665,4,Delivered,East,Beauty,FC-4,CUST-10010,Web,COD,0,5
ORD-100011,2024-12-01,1756,2,Delivered,North,Apparel,FC-4,CUST-10011,Marketplace,COD,0,5
ORD-100012,2024-12-01,2603,3,Delivered,South,Home,FC-8,CUST-10012,Web,UPI,0,4
ORD-100013,2024-12-01,528,1,Delivered,South,Apparel,FC-3,CUST-10013,App,UPI,49,2
ORD-100014,2024-12-01,433,2,Delivered,North,Grocery,FC-3,CUST-10014,Web,Card,0,4
ORD-100015,2024-12-01,254,1,Delivered,East,Grocery,FC-4,CUST-10015,Web,Card,0,5
ORD-100016,2024-12-01,2231,2,Pending,East,Home,FC-7,CUST-10016,App,UPI,0,
ORD-100017,2024-12-01,751,4,Delivered,East,Grocery,FC-2,CUST-10017,Web,Card,66,4
ORD-100018,2024-12-01,12855,5,Cancelled,North,Electronics,FC-7,CUST-10018,App,Card,0,
ORD-100019,2024-12-01,1077,1,Cancelled,West,Home,FC-4,CUST-10019,App,UPI,0,
ORD-100020,2024-12-01,4476,4,Delivered,East,Home,FC-5,CUST-10020,Web,UPI,0,5
ORD-100021,2024-12-01,3167,4,Delivered,West,Apparel,FC-1,CUST-10021,Marketplace,UPI,0,3
ORD-100022,2024-12-01,908,1,Shipped,East,Home,FC-8,CUST-10022,Marketplace,Card,62,
ORD-100023,2024-12-01,2197,4,Delivered,East,Apparel,FC-2,CUST-10023,App,UPI,244,3
ORD-100024,2024-12-01,1771,2,Delivered,North,Home,FC-5,CUST-10012,Marketplace,COD,0,3
ORD-100025,2024-12-01,1405,2,Cancelled,South,Apparel,FC-5,CUST-10008,Web,Card,129,
ORD-100026,2024-12-01,2649,1,Delivered,South,Electronics,FC-1,CUST-10011,App,COD,0,2
ORD-100027,2024-12-01,5388,2,Cancelled,West,Electronics,FC-8,CUST-10024,Web,UPI,0,
ORD-100028,2024-12-01,3651,2,Cancelled,North,Electronics,FC-4,CUST-10024,Marketplace,COD,241,
ORD-100029,2024-12-01,9972,3,Cancelled,South,Electronics,FC-8,CUST-10019,Web,Wallet,0,
ORD-100030,2024-12-01,422,1,Delivered,West,Beauty,FC-8,CUST-10001,App,UPI,0,5
ORD-100031,2024-12-01,370,1,Delivered,West,Beauty,FC-8,CUST-10010,App,COD,0,4
ORD-100032,2024-12-01,1782,4,Delivered,West,Beauty,FC-5,CUST-10023,Marketplace,COD,0,2
ORD-100033,2024-12-01,2373,3,Delivered,North,Home,FC-1,CUST-10025,Web,UPI,0,2
ORD-100034,2024-12-01,3221,1,Delivered,West,Electronics,FC-3,CUST-10014,Marketplace,UPI,0,2
ORD-100035,2024-12-01,3128,4,Delivered,West,Apparel,FC-3,CUST-10017,Web,COD,0,3
ORD-100036,2024-12-01,3428,4,Returned,West,Home,FC-6,CUST-10001,App,Card,0,2
ORD-100037,2024-12-01,7058,4,Delivered,East,Electronics,FC-2,CUST-10012,Marketplace,Card,620,4
ORD-100038,2024-12-01,203,1,Returned,North,Grocery,FC-4,CUST-10026,App,UPI,0,4
ORD-100039,2024-12-01,2803,3,Shipped,East,Home,FC-5,CUST-10027,App,UPI,0,
ORD-100040,2024-12-01,2047,1,Shipped,West,Electronics,FC-3,CUST-10028,Web,Wallet,0,
ORD-100041,2024-12-01,963,1,Delivered,North,Home,FC-4,CUST-10015,Web,Card,0,5
ORD-100042,2024-12-01,6512,2,Delivered,North,Electronics,FC-4,CUST-10014,App,UPI,0,5
ORD-100043,2024-12-01,3835,4,Delivered,West,Home,FC-6,CUST-10029,App,Wallet,0,3
ORD-100044,2024-12-01,1484,2,Delivered,South,Home,FC-2,CUST-10009,App,UPI,0,2
ORD-100045,2024-12-01,2270,2,Delivered,North,Home,FC-1,CUST-10002,Web,UPI,0,3
ORD-100046,2024-12-01,4908,2,Delivered,North,Electronics,FC-4,CUST-10002,Marketplace,UPI,0,5
ORD-100047,2024-12-01,2117,4,Delivered,South,Beauty,FC-6,CUST-10014,App,Wallet,0,2
ORD-100048,2024-12-01,4921,2,Cancelled,North,Electronics,FC-3,CUST-10016,Marketplace,Wallet,429,
ORD-100049,2024-12-01,711,1,Delivered,West,Apparel,FC-1,CUST-10030,Marketplace,Wallet,0,2
ORD-100050,2024-12-01,1027,2,Delivered,South,Apparel,FC-5,CUST-10012,Marketplace,COD,0,2
ORD-100051,2024-12-01,524,1,Delivered,West,Apparel,FC-7,CUST-10014,Web,COD,42,4
ORD-100052,2024-12-01,529,1,Cancelled,West,Apparel,FC-1,CUST-10015,Web,Wallet,28,
ORD-100053,2024-12-01,3943,2,Returned,North,Electronics,FC-4,CUST-10005,App,Card,0,4
ORD-100054,2024-12-01,718,1,Delivered,North,Home,FC-6,CUST-10024,Marketplace,Card,39,4
ORD-100055,2024-12-01,759,1,Returned,North,Home,FC-4,CUST-10031,App,COD,0,3
ORD-100056,2024-12-01,4953,2,Delivered,West,Electronics,FC-7,CUST-10006,Web,COD,0,4
ORD-100057,2024-12-01,4506,2,Delivered,West,Electronics,FC-2,CUST-10011,Marketplace,Card,0,3
ORD-100058,2024-12-01,880,4,Delivered,South,Grocery,FC-3,CUST-10032,Marketplace,UPI,0,3
ORD-100059,2024-12-01,182,1,Delivered,East,Grocery,FC-1,CUST-10028,Web,UPI,0,4
ORD-100060,2024-12-01,1409,3,Delivered,East,Beauty,FC-5,CUST-10029,Web,Wallet,139,5
ORD-100061,2024-12-01,517,1,Delivered,East,Beauty,FC-8,CUST-10017,App,Card,0,4
ORD-100062,2024-12-01,2395,1,Returned,East,Electronics,FC-5,CUST-10033,Web,UPI,265,3
ORD-100063,2024-12-01,535,1,Delivered,South,Apparel,FC-4,CUST-10019,App,UPI,0,3
ORD-100064,2024-12-01,9849,3,Delivered,West,Electronics,FC-5,CUST-10015,Web,Card,0,3
ORD-100065,2024-12-01,9028,3,Delivered,South,Electronics,FC-3,CUST-10034,App,COD,0,3
ORD-100066,2024-12-01,381,1,Delivered,North,Beauty,FC-2,CUST-10013,Marketplace,COD,0,2
ORD-100067,2024-12-01,200,1,Pending,West,Grocery,FC-1,CUST-10017,Web,UPI,14,
ORD-100068,2024-12-01,1136,1,Delivered,North,Home,FC-2,CUST-10011,App,UPI,80,4
ORD-100069,2024-12-01,1109,2,Delivered,East,Apparel,FC-1,CUST-10014,App,COD,0,3
ORD-100070,2024-12-01,6254,3,Delivered,West,Electronics,FC-7,CUST-10006,Web,UPI,0,3
ORD-100071,2024-12-01,1020,1,Delivered,East,Home,FC-6,CUST-10016,Web,UPI,0,3
ORD-100072,2024-12-01,4038,4,Delivered,South,Home,FC-5,CUST-10035,Web,UPI,0,4
ORD-100073,2024-12-01,15801,5,Delivered,North,Electronics,FC-8,CUST-10008,Web,UPI,0,5
ORD-100074,2024-12-01,1044,1,Delivered,North,Home,FC-2,CUST-10036,Marketplace,Card,0,4
ORD-100075,2024-12-01,277,1,Delivered,North,Grocery,FC-8,CUST-10005,Marketplace,UPI,0,3
ORD-100076,2024-12-01,889,3,Delivered,West,Grocery,FC-3,CUST-10037,Web,UPI,0,2
ORD-100077,2024-12-01,484,2,Delivered,West,Grocery,FC-6,CUST-10003,App,Wallet,0,3
ORD-100078,2024-12-01,660,2,Delivered,North,Beauty,FC-1,CUST-10014,App,UPI,0,3
ORD-100079,2024-12-01,6171,3,Delivered,North,Electronics,FC-5,CUST-10038,Marketplace,UPI,413,4
ORD-100080,2024-12-01,627,2,Returned,East,Beauty,FC-2,CUST-10014,App,Wallet,0,3
ORD-100081,2024-12-01,529,2,Delivered,West,Grocery,FC-1,CUST-10028,App,UPI,0,3
ORD-100082,2024-12-01,2374,3,Delivered,North,Apparel,FC-1,CUST-10014,Marketplace,COD,0,3
ORD-100083,2024-12-01,575,3,Delivered,North,Grocery,FC-7,CUST-10003,Web,Wallet,0,4
ORD-100084,2024-12-01,1029,1,Delivered,West,Home,FC-5,CUST-10039,Web,UPI,0,3
ORD-100085,2024-12-01,296,1,Delivered,North,Beauty,FC-2,CUST-10037,App,Card,30,4
ORD-100086,2024-12-01,2188,3,Cancelled,South,Apparel,FC-2,CUST-10011,App,Card,192,
ORD-100087,2024-12-01,396,2,Delivered,North,Grocery,FC-6,CUST-10005,App,UPI,32,3
ORD-100088,2024-12-01,937,4,Returned,East,Grocery,FC-1,CUST-10012,Web,Card,97,3
ORD-100089,2024-12-01,242,1,Returned,South,Grocery,FC-3,CUST-10003,Web,Card,0,2
ORD-100090,2024-12-01,265,1,Returned,East,Grocery,FC-4,CUST-10040,App,Wallet,0,4
ORD-100091,2024-12-01,2208,2,Delivered,South,Home,FC-8,CUST-10041,Web,COD,122,3
ORD-100092,2024-12-01,711,2,Delivered,West,Beauty,FC-4,CUST-10014,Web,Wallet,73,5
ORD-100093,2024-12-01,3999,2,Delivered,East,Electronics,FC-8,CUST-10011,Web,Card,0,6
ORD-100094,2024-12-01,2794,3,Delivered,West,Home,FC-1,CUST-10027,App,COD,304,2
ORD-100095,2024-12-01,674,1,Delivered,West,Home,FC-8,CUST-10039,Marketplace,UPI,0,5
ORD-100096,2024-12-01,1026,1,Delivered,West,Home,FC-3,CUST-10042,Marketplace,Wallet,86,3
ORD-100097,2024-12-01,4187,4,Delivered,South,Home,FC-6,CUST-10036,App,COD,0,3
ORD-100098,2024-12-01,533,1,Returned,North,Apparel,FC-4,CUST-10024,App,UPI,31,5
ORD-100099,2024-12-01,531,1,Cancelled,South,Beauty,FC-2,CUST-10003,Marketplace,COD,0,
ORD-100100,2024-12-01,1213,2,Delivered,South,Apparel,FC-4,CUST-10043,Web,Wallet,0,3
ORD-100101,2024-12-01,10737,5,Delivered,North,Electronics,FC-6,CUST-10044,Web,UPI,921,2
ORD-100102,2024-12-01,11878,5,Delivered,North,Electronics,FC-2,CUST-10023,Web,Wallet,0,4
ORD-100103,2024-12-01,989,1,Delivered,North,Home,FC-2,CUST-10044,App,UPI,0,3
ORD-100104,2024-12-01,781,1,Delivered,West,Home,FC-8,CUST-10005,App,UPI,0,3
ORD-100105,2024-12-01,1593,2,Delivered,West,Apparel,FC-6,CUST-10010,Web,Wallet,143,4
ORD-100106,2024-12-01,197,1,Shipped,West,Grocery,FC-4,CUST-10010,App,COD,11,
ORD-100107,2024-12-01,10057,4,Cancelled,East,Electronics,FC-4,CUST-10037,Web,UPI,1009,
ORD-100108,2024-12-01,1052,2,Delivered,South,Apparel,FC-1,CUST-10001,App,UPI,0,3
ORD-100109,2024-12-01,673,1,Delivered,North,Home,FC-6,CUST-10039,Marketplace,UPI,65,4
ORD-100110,2024-12-01,232,1,Delivered,East,Grocery,FC-6,CUST-10014,App,Wallet,15,5
ORD-100111,2024-12-01,3960,2,Delivered,East,Electronics,FC-6,CUST-10038,App,UPI,0,4
ORD-100112,2024-12-01,1139,2,Cancelled,West,Apparel,FC-4,CUST-10010,Marketplace,COD,0,
ORD-100113,2024-12-01,1087,2,Delivered,East,Beauty,FC-5,CUST-10045,App,UPI,0,4
ORD-100114,2024-12-01,10557,4,Delivered,North,Electronics,FC-2,CUST-10046,App,UPI,0,4
ORD-100115,2024-12-01,3707,2,Delivered,South,Electronics,FC-3,CUST-10041,App,COD,0,2
ORD-100116,2024-12-01,262,1,Delivered,East,Grocery,FC-8,CUST-10011,Web,COD,25,4
ORD-100117,2024-12-01,13086,4,Delivered,East,Electronics,FC-5,CUST-10013,Web,UPI,0,4
ORD-100118,2024-12-01,776,1,Delivered,North,Apparel,FC-2,CUST-10047,Web,UPI,0,4
ORD-100119,2024-12-01,3350,1,Shipped,West,Electronics,FC-1,CUST-10048,Marketplace,Card,0,
ORD-100120,2024-12-01,3927,4,Delivered,North,Home,FC-6,CUST-10027,Web,UPI,0,3
ORD-100121,2024-12-01,357,2,Delivered,East,Grocery,FC-5,CUST-10030,Web,Card,0,5
ORD-100122,2024-12-01,651,4,Delivered,East,Grocery,FC-6,CUST-10049,Marketplace,Wallet,59,4
ORD-100123,2024-12-01,284,1,Delivered,South,Grocery,FC-6,CUST-10050,App,Card,25,3
ORD-100124,2024-12-02,1071,2,Delivered,South,Apparel,FC-3,CUST-10051,App,UPI,109,3
ORD-100125,2024-12-02,1759,1,Delivered,North,Electronics,FC-6,CUST-10049,Web,UPI,115,2
ORD-100126,2024-12-02,249,1,Returned,South,Grocery,FC-2,CUST-10051,Marketplace,UPI,0,4
ORD-100127,2024-12-02,290,1,Delivered,North,Grocery,FC-5,CUST-10005,App,Card,20,4
ORD-100128,2024-12-02,680,4,Delivered,South,Grocery,FC-5,CUST-10005,Web,UPI,0,4
ORD-100129,2024-12-02,553,1,Delivered,North,Apparel,FC-4,CUST-10035,Marketplace,Card,0,4
ORD-100130,2024-12-02,512,1,Delivered,North,Beauty,FC-7,CUST-10052,App,UPI,0,5
ORD-100131,2024-12-02,570,1,Delivered,East,Apparel,FC-5,CUST-10027,App,Card,0,4
ORD-100132,2024-12-02,999,4,Delivered,East,Grocery,FC-5,CUST-10030,App,COD,0,4
ORD-100133,2024-12-02,12215,4,Delivered,West,Electronics,FC-4,CUST-10051,App,COD,0,3
ORD-100134,2024-12-02,256,1,Delivered,West,Grocery,FC-8,CUST-10013,App,COD,0,4
ORD-100135,2024-12-02,934,2,Delivered,East,Beauty,FC-3,CUST-10035,Web,UPI,0,5
ORD-100136,2024-12-02,385,1,Delivered,South,Beauty,FC-1,CUST-10053,Web,COD,0,2
ORD-100137,2024-12-02,605,2,Delivered,West,Beauty,FC-7,CUST-10054,Web,UPI,0,4
ORD-100138,2024-12-02,621,3,Delivered,East,Grocery,FC-4,CUST-10055,App,Card,62,4
ORD-100139,2024-12-02,717,2,Delivered,North,Beauty,FC-6,CUST-10003,App,Wallet,71,4
ORD-100140,2024-12-02,3446,4,Delivered,North,Home,FC-1,CUST-10033,App,UPI,379,3
ORD-100141,2024-12-02,5516,2,Cancelled,South,Electronics,FC-5,CUST-10054,App,UPI,595,
ORD-100142,2024-12-02,8246,3,Delivered,North,Electronics,FC-6,CUST-10037,App,COD,0,3
ORD-100143,2024-12-02,1328,5,Delivered,South,Grocery,FC-8,CUST-10016,Web,UPI,0,2
ORD-100144,2024-12-02,4105,2,Delivered,East,Electronics,FC-4,CUST-10056,Marketplace,UPI,0,5
ORD-100145,2024-12-02,360,1,Delivered,West,Beauty,FC-7,CUST-10057,Web,COD,35,4
ORD-100146,2024-12-02,7484,4,Delivered,East,Electronics,FC-2,CUST-10037,Marketplace,Wallet,535,4
ORD-100147,2024-12-02,1831,1,Delivered,West,Electronics,FC-2,CUST-10041,Web,Wallet,0,2
ORD-100148,2024-12-02,4582,2,Delivered,West,Electronics,FC-2,CUST-10049,Web,Card,0,3
ORD-100149,2024-12-02,2426,1,Delivered,North,Electronics,FC-4,CUST-10043,App,UPI,0,4
ORD-100150,2024-12-02,878,1,Delivered,West,Home,FC-4,CUST-10010,App,COD,60,5
ORD-100151,2024-12-02,2365,3,Delivered,West,Apparel,FC-6,CUST-10041,App,UPI,0,4
ORD-100152,2024-12-02,1993,3,Returned,West,Apparel,FC-7,CUST-10001,App,UPI,140,3
ORD-100153,2024-12-02,1452,2,Cancelled,West,Apparel,FC-7,CUST-10011,App,Card,0,
ORD-100154,2024-12-02,12948,5,Cancelled,North,Electronics,FC-3,CUST-10005,Web,COD,849,
ORD-100155,2024-12-02,307,1,Delivered,North,Beauty,FC-6,CUST-10056,App,Card,0,2
ORD-100156,2024-12-02,710,2,Delivered,South,Beauty,FC-1,CUST-10033,Web,UPI,0,3
ORD-100157,2024-12-02,936,1,Delivered,South,Home,FC-4,CUST-10058,Marketplace,UPI,99,3
ORD-100158,2024-12-02,241,1,Delivered,North,Grocery,FC-5,CUST-10010,App,UPI,23,3
ORD-100159,2024-12-02,694,4,Delivered,East,Grocery,FC-2,CUST-10037,Marketplace,COD,57,3
ORD-100160,2024-12-02,841,1,Delivered,West,Apparel,FC-4,CUST-10019,Web,COD,0,4
ORD-100161,2024-12-02,4083,5,Delivered,East,Home,FC-8,CUST-10059,Web,UPI,217,4
ORD-100162,2024-12-02,818,1,Cancelled,East,Home,FC-3,CUST-10046,App,COD,69,
ORD-100163,2024-12-02,632,3,Delivered,South,Grocery,FC-8,CUST-10011,Web,COD,0,4
ORD-100164,2024-12-02,347,1,Delivered,North,Beauty,FC-4,CUST-10041,App,COD,38,4
ORD-100165,2024-12-02,1027,1,Cancelled,South,Home,FC-6,CUST-10012,Web,Wallet,0,
ORD-100166,2024-12-02,504,1,Delivered,North,Beauty,FC-1,CUST-10012,Marketplace,Card,0,2
ORD-100167,2024-12-02,837,2,Delivered,South,Beauty,FC-4,CUST-10060,Web,COD,0,4
ORD-100168,2024-12-02,2088,2,Delivered,West,Home,FC-1,CUST-10061,App,UPI,192,3
ORD-100169,2024-12-02,266,1,Cancelled,North,Grocery,FC-5,CUST-10059,App,UPI,0,
ORD-100170,2024-12-02,515,1,Delivered,North,Beauty,FC-4,CUST-10062,App,Card,0,4
ORD-100171,2024-12-02,1775,2,Delivered,North,Home,FC-2,CUST-10037,App,COD,0,4
ORD-100172,2024-12-02,1935,1,Cancelled,West,Electronics,FC-8,CUST-10028,Marketplace,COD,0,
ORD-100173,2024-12-02,3915,2,Delivered,South,Electronics,FC-6,CUST-10007,Web,UPI,0,2
ORD-100174,2024-12-02,444,2,Cancelled,North,Grocery,FC-2,CUST-10063,App,COD,41,
ORD-100175,2024-12-02,6590,3,Returned,East,Electronics,FC-2,CUST-10064,App,COD,0,5
ORD-100176,2024-12-02,199,1,Delivered,North,Grocery,FC-1,CUST-10024,Marketplace,COD,11,4
ORD-100177,2024-12-02,9724,4,Delivered,South,Electronics,FC-8,CUST-10004,Marketplace,COD,875,3
ORD-100178,2024-12-02,852,1,Delivered,East,Home,FC-2,CUST-10041,App,Card,0,5
ORD-100179,2024-12-02,619,1,Delivered,West,Home,FC-1,CUST-10061,App,Card,61,4
ORD-100180,2024-12-02,281,1,Cancelled,East,Beauty,FC-8,CUST-10048,Web,COD,25,
ORD-100181,2024-12-02,542,2,Delivered,South,Grocery,FC-8,CUST-10065,App,Wallet,0,2
ORD-100182,2024-12-02,2854,1,Delivered,East,Electronics,FC-1,CUST-10016,Marketplace,Card,155,4
ORD-100183,2024-12-02,2167,2,Delivered,South,Home,FC-8,CUST-10003,Web,Wallet,0,3
ORD-100184,2024-12-02,641,2,Delivered,East,Beauty,FC-6,CUST-10059,App,Wallet,0,5
ORD-100185,2024-12-02,629,1,Delivered,East,Apparel,FC-4,CUST-10066,Web,COD,0,6
ORD-100186,2024-12-02,1338,3,Delivered,South,Beauty,FC-3,CUST-10033,Marketplace,Card,0,2
ORD-100187,2024-12-02,4343,2,Cancelled,East,Electronics,FC-8,CUST-10067,App,COD,0,
ORD-100188,2024-12-02,2407,3,Pending,North,Home,FC-4,CUST-10061,Marketplace,UPI,0,
ORD-100189,2024-12-02,952,2,Delivered,West,Beauty,FC-4,CUST-10059,App,Card,54,4
ORD-100190,2024-12-02,861,1,Cancelled,South,Home,FC-1,CUST-10066,Web,UPI,0,
ORD-100191,2024-12-02,879,2,Delivered,South,Beauty,FC-7,CUST-10068,App,Card,0,3
ORD-100192,2024-12-02,6581,3,Returned,South,Electronics,FC-6,CUST-10069,Web,UPI,0,3
ORD-100193,2024-12-02,2584,5,Delivered,South,Apparel,FC-6,CUST-10061,Marketplace,Card,147,2
ORD-100194,2024-12-02,212,1,Delivered,West,Grocery,FC-5,CUST-10062,App,Card,0,3
ORD-100195,2024-12-02,1425,5,Delivered,East,Grocery,FC-6,CUST-10070,App,UPI,0,4
ORD-100196,2024-12-02,1617,2,Delivered,North,Apparel,FC-7,CUST-10020,Marketplace,COD,0,4
ORD-100197,2024-12-02,1496,2,Cancelled,South,Apparel,FC-3,CUST-10015,App,COD,0,
ORD-100198,2024-12-02,1320,2,Delivered,South,Home,FC-4,CUST-10040,App,Card,143,4
ORD-100199,2024-12-02,9897,3,Returned,West,Electronics,FC-6,CUST-10071,App,COD,0,2
ORD-100200,2024-12-02,1696,2,Delivered,South,Apparel,FC-3,CUST-10019,App,Card,0,3
ORD-100201,2024-12-02,533,2,Returned,West,Grocery,FC-3,CUST-10072,App,Wallet,0,4
ORD-100202,2024-12-02,5181,2,Delivered,East,Electronics,FC-2,CUST-10017,Web,Card,0,3
ORD-100203,2024-12-02,235,1,Delivered,North,Grocery,FC-1,CUST-10012,App,Wallet,0,2
ORD-100204,2024-12-02,1046,2,Delivered,West,Beauty,FC-8,CUST-10073,Marketplace,UPI,0,4
ORD-100205,2024-12-02,614,2,Pending,South,Grocery,FC-6,CUST-10074,Marketplace,UPI,0,
ORD-100206,2024-12-02,7782,4,Returned,South,Electronics,FC-2,CUST-10066,Web,COD,0,3
ORD-100207,2024-12-02,270,1,Delivered,South,Grocery,FC-4,CUST-10007,App,COD,0,4
ORD-100208,2024-12-02,1644,2,Delivered,North,Home,FC-5,CUST-10048,Web,Card,106,4
ORD-100209,2024-12-02,593,1,Cancelled,South,Apparel,FC-4,CUST-10024,Marketplace,COD,0,
ORD-100210,2024-12-02,826,1,Delivered,South,Apparel,FC-7,CUST-10075,App,UPI,0,3
ORD-100211,2024-12-02,836,1,Returned,East,Apparel,FC-7,CUST-10054,Web,UPI,0,4
ORD-100212,2024-12-02,1269,2,Delivered,East,Apparel,FC-5,CUST-10075,Marketplace,Wallet,0,4
ORD-100213,2024-12-02,787,1,Delivered,South,Home,FC-8,CUST-10073,App,COD,51,3
ORD-100214,2024-12-02,214,1,Delivered,West,Grocery,FC-7,CUST-10076,Web,COD,0,3
ORD-100215,2024-12-02,263,1,Delivered,North,Grocery,FC-4,CUST-10077,App,Card,0,5
ORD-100216,2024-12-02,695,1,Cancelled,West,Home,FC-4,CUST-10078,App,Card,0,
ORD-100217,2024-12-02,262,1,Delivered,North,Grocery,FC-6,CUST-10070,Marketplace,COD,0,4
ORD-100218,2024-12-03,1382,2,Delivered,West,Apparel,FC-8,CUST-10079,Web,UPI,137,3
ORD-100219,2024-12-03,2420,3,Delivered,South,Home,FC-5,CUST-10079,Web,UPI,0,2
ORD-100220,2024-12-03,726,1,Delivered,North,Home,FC-5,CUST-10024,App,UPI,0,3
ORD-100221,2024-12-03,186,1,Delivered,East,Grocery,FC-4,CUST-10063,App,Card,0,5
ORD-100222,2024-12-03,11448,4,Delivered,East,Electronics,FC-1,CUST-10004,App,UPI,1131,4
ORD-100223,2024-12-03,961,1,Delivered,South,Home,FC-3,CUST-10080,Web,COD,0,3
ORD-100224,2024-12-03,430,2,Delivered,East,Grocery,FC-8,CUST-10081,App,Wallet,0,5
ORD-100225,2024-12-03,793,1,Delivered,North,Apparel,FC-1,CUST-10057,Web,UPI,0,4
ORD-100226,2024-12-03,6146,2,Delivered,North,Electronics,FC-2,CUST-10016,Marketplace,COD,345,3
ORD-100227,2024-12-03,888,1,Delivered,West,Apparel,FC-8,CUST-10082,Web,UPI,0,3
ORD-100228,2024-12-03,15550,5,Delivered,East,Electronics,FC-4,CUST-10059,Marketplace,Card,0,4
ORD-100229,2024-12-03,378,2,Delivered,South,Grocery,FC-5,CUST-10043,Web,UPI,33,3
ORD-100230,2024-12-03,3132,3,Delivered,North,Home,FC-5,CUST-10052,Marketplace,Wallet,0,4
ORD-100231,2024-12-03,866,3,Returned,North,Grocery,FC-7,CUST-10064,Web,COD,0,3
ORD-100232,2024-12-03,706,1,Delivered,South,Apparel,FC-5,CUST-10070,App,COD,0,3
ORD-100233,2024-12-03,641,2,Delivered,North,Beauty,FC-1,CUST-10083,App,COD,0,4
ORD-100234,2024-12-03,793,1,Delivered,East,Apparel,FC-4,CUST-10035,Web,UPI,72,5
ORD-100235,2024-12-03,1948,2,Delivered,North,Home,FC-8,CUST-10028,Web,Card,0,3
ORD-100236,2024-12-03,4719,2,Delivered,South,Electronics,FC-4,CUST-10037,Marketplace,COD,419,4
ORD-100237,2024-12-03,2757,3,Delivered,North,Home,FC-5,CUST-10084,App,Card,0,2
ORD-100238,2024-12-03,622,1,Delivered,East,Apparel,FC-5,CUST-10066,App,UPI,50,4
ORD-100239,2024-12-03,6597,2,Delivered,South,Electronics,FC-7,CUST-10045,App,COD,0,4
ORD-100240,2024-12-03,484,1,Delivered,North,Beauty,FC-1,CUST-10038,Marketplace,Card,0,3
ORD-100241,2024-12-03,1362,4,Delivered,North,Beauty,FC-7,CUST-10058,App,UPI,0,5
ORD-100242,2024-12-03,1388,5,Delivered,North,Grocery,FC-3,CUST-10031,Marketplace,Card,97,2
ORD-100243,2024-12-03,1067,5,Delivered,South,Grocery,FC-3,CUST-10085,Web,COD,0,3
ORD-100244,2024-12-03,2830,4,Returned,North,Apparel,FC-4,CUST-10041,Web,UPI,242,5
ORD-100245,2024-12-03,1471,3,Returned,North,Apparel,FC-3,CUST-10086,App,Wallet,94,4
ORD-100246,2024-12-03,418,1,Delivered,South,Beauty,FC-8,CUST-10066,App,UPI,28,4
ORD-100247,2024-12-03,1914,2,Returned,North,Home,FC-5,CUST-10087,Web,Card,0,4
ORD-100248,2024-12-03,1591,2,Delivered,East,Apparel,FC-6,CUST-10088,Web,UPI,127,4
ORD-100249,2024-12-03,10334,4,Delivered,East,Electronics,FC-7,CUST-10089,App,UPI,1091,5
ORD-100250,2024-12-03,642,1,Delivered,West,Apparel,FC-4,CUST-10090,Marketplace,Card,0,3
ORD-100251,2024-12-03,243,1,Pending,South,Grocery,FC-6,CUST-10091,App,UPI,26,
ORD-100252,2024-12-03,600,2,Delivered,North,Grocery,FC-7,CUST-10092,App,UPI,0,5
ORD-100253,2024-12-03,2513,1,Delivered,South,Electronics,FC-7,CUST-10010,Web,Card,0,2
ORD-100254,2024-12-03,1293,2,Delivered,South,Home,FC-8,CUST-10086,App,UPI,80,4
ORD-100255,2024-12-03,1276,5,Delivered,South,Grocery,FC-5,CUST-10036,Web,UPI,0,4
ORD-100256,2024-12-03,3121,5,Delivered,West,Home,FC-5,CUST-10093,Web,COD,326,3
ORD-100257,2024-12-03,445,2,Delivered,North,Grocery,FC-6,CUST-10014,App,Wallet,29,4
ORD-100258,2024-12-03,6518,3,Delivered,East,Electronics,FC-1,CUST-10071,Web,COD,364,3
ORD-100259,2024-12-03,3523,3,Delivered,East,Home,FC-5,CUST-10087,App,COD,0,5
ORD-100260,2024-12-03,7294,3,Delivered,South,Electronics,FC-2,CUST-10094,Web,COD,0,3
ORD-100261,2024-12-03,2867,4,Delivered,North,Home,FC-4,CUST-10095,App,Card,0,5
ORD-100262,2024-12-03,522,1,Delivered,South,Beauty,FC-3,CUST-10037,Marketplace,Wallet,0,2
ORD-100263,2024-12-03,624,1,Delivered,South,Apparel,FC-4,CUST-10041,Marketplace,UPI,0,3
ORD-100264,2024-12-03,546,1,Delivered,West,Apparel,FC-6,CUST-10087,App,UPI,0,2
ORD-100265,2024-12-03,1331,4,Delivered,South,Beauty,FC-7,CUST-10096,App,UPI,122,4
ORD-100266,2024-12-03,11489,4,Cancelled,South,Electronics,FC-6,CUST-10080,App,Wallet,978,
ORD-100267,2024-12-03,251,1,Delivered,North,Grocery,FC-1,CUST-10017,App,UPI,0,2
ORD-100268,2024-12-03,331,1,Delivered,South,Beauty,FC-6,CUST-10097,Web,UPI,0,4
ORD-100269,2024-12-03,380,2,Delivered,West,Grocery,FC-6,CUST-10098,App,UPI,0,2
ORD-100270,2024-12-03,1695,4,Cancelled,East,Beauty,FC-3,CUST-10035,Web,COD,168,
ORD-100271,2024-12-03,16017,5,Delivered,East,Electronics,FC-5,CUST-10024,Web,COD,0,4
ORD-100272,2024-12-03,3903,2,Delivered,West,Electronics,FC-7,CUST-10099,App,COD,399,3
ORD-100273,2024-12-03,808,4,Delivered,East,Grocery,FC-6,CUST-10036,App,COD,49,3
ORD-100274,2024-12-03,3289,4,Delivered,East,Home,FC-4,CUST-10037,App,COD,0,5
ORD-100275,2024-12-03,2161,3,Delivered,East,Home,FC-5,CUST-10100,Web,Card,0,5
ORD-100276,2024-12-03,620,2,Delivered,South,Grocery,FC-1,CUST-10101,Marketplace,Wallet,0,3
ORD-100277,2024-12-03,6476,2,Delivered,South,Electronics,FC-2,CUST-10070,Marketplace,COD,0,2
ORD-100278,2024-12-03,2073,3,Returned,South,Apparel,FC-4,CUST-10053,Web,COD,0,4
ORD-100279,2024-12-03,10082,3,Delivered,East,Electronics,FC-6,CUST-10102,Marketplace,UPI,0,3
ORD-100280,2024-12-03,1331,2,Returned,North,Apparel,FC-3,CUST-10080,Web,COD,0,3
ORD-100281,2024-12-03,600,1,Delivered,East,Apparel,FC-8,CUST-10016,Web,UPI,0,5
ORD-100282,2024-12-03,10029,3,Returned,East,Electronics,FC-1,CUST-10103,App,Card,0,3
ORD-100283,2024-12-03,1206,2,Delivered,East,Apparel,FC-5,CUST-10070,Web,UPI,126,3
ORD-100284,2024-12-03,915,5,Delivered,North,Grocery,FC-4,CUST-10044,Web,UPI,90,4
ORD-100285,2024-12-03,4153,5,Shipped,South,Apparel,FC-3,CUST-10089,App,COD,391,
ORD-100286,2024-12-03,197,1,Delivered,South,Grocery,FC-2,CUST-10066,App,COD,14,4
ORD-100287,2024-12-03,393,2,Delivered,South,Grocery,FC-6,CUST-10104,Marketplace,UPI,0,3
ORD-100288,2024-12-03,1617,2,Delivered,West,Apparel,FC-3,CUST-10075,Marketplace,Card,0,4
ORD-100289,2024-12-03,618,3,Delivered,South,Grocery,FC-1,CUST-10105,Marketplace,Card,56,3
ORD-100290,2024-12-03,725,2,Cancelled,North,Beauty,FC-2,CUST-10061,App,Wallet,79,
ORD-100291,2024-12-03,1814,3,Delivered,South,Apparel,FC-4,CUST-10020,App,UPI,145,4
ORD-100292,2024-12-03,447,2,Delivered,North,Grocery,FC-6,CUST-10106,App,UPI,0,3
ORD-100293,2024-12-03,1112,1,Delivered,West,Home,FC-1,CUST-10107,Web,UPI,0,4
ORD-100294,2024-12-03,2854,4,Delivered,West,Apparel,FC-1,CUST-10108,App,Card,0,2
ORD-100295,2024-12-03,360,2,Delivered,West,Grocery,FC-8,CUST-10043,App,UPI,0,4
ORD-100296,2024-12-03,650,1,Delivered,South,Apparel,FC-5,CUST-10069,App,Card,0,3
ORD-100297,2024-12-03,1050,2,Delivered,West,Apparel,FC-8,CUST-10071,Web,UPI,57,3
ORD-100298,2024-12-03,8699,4,Delivered,North,Electronics,FC-6,CUST-10068,App,UPI,506,4
ORD-100299,2024-12-03,2254,1,Delivered,South,Electronics,FC-2,CUST-10090,Web,COD,0,2
ORD-100300,2024-12-03,5040,2,Returned,East,Electronics,FC-3,CUST-10072,Web,COD,0,3
ORD-100301,2024-12-03,1113,2,Cancelled,East,Apparel,FC-8,CUST-10109,Web,Card,0,
ORD-100302,2024-12-03,585,3,Returned,South,Grocery,FC-2,CUST-10003,Web,Card,32,2
ORD-100303,2024-12-03,295,1,Delivered,North,Beauty,FC-8,CUST-10004,Marketplace,Wallet,22,5
ORD-100304,2024-12-03,831,2,Delivered,South,Beauty,FC-3,CUST-10013,Web,UPI,0,2
ORD-100305,2024-12-03,924,2,Delivered,East,Apparel,FC-7,CUST-10060,Web,Wallet,71,5
ORD-100306,2024-12-03,1508,2,Delivered,North,Apparel,FC-8,CUST-10068,Web,COD,163,5
ORD-100307,2024-12-03,1098,2,Delivered,North,Apparel,FC-5,CUST-10010,App,COD,0,4
ORD-100308,2024-12-03,838,1,Cancelled,North,Home,FC-5,CUST-10110,App,UPI,86,
ORD-100309,2024-12-03,1110,2,Cancelled,South,Apparel,FC-5,CUST-10085,App,UPI,0,
ORD-100310,2024-12-03,622,1,Delivered,North,Apparel,FC-1,CUST-10111,App,UPI,0,2
ORD-100311,2024-12-03,441,1,Delivered,North,Beauty,FC-4,CUST-10043,App,UPI,0,5
ORD-100312,2024-12-03,8740,3,Cancelled,East,Electronics,FC-4,CUST-10112,App,COD,0,
ORD-100313,2024-12-03,6815,3,Delivered,West,Electronics,FC-8,CUST-10003,Web,Card,751,4
ORD-100314,2024-12-03,1047,5,Returned,West,Grocery,FC-6,CUST-10039,App,UPI,0,4
ORD-100315,2024-12-03,1579,2,Delivered,South,Apparel,FC-8,CUST-10038,Marketplace,Card,0,3
ORD-100316,2024-12-03,471,1,Cancelled,North,Beauty,FC-7,CUST-10014,App,UPI,0,
ORD-100317,2024-12-03,1222,2,Delivered,North,Apparel,FC-6,CUST-10061,Web,Wallet,0,2
ORD-100318,2024-12-03,1625,2,Cancelled,South,Home,FC-6,CUST-10113,Marketplace,COD,0,
ORD-100319,2024-12-03,1632,2,Delivered,South,Home,FC-7,CUST-10089,Web,COD,93,3
ORD-100320,2024-12-03,8592,4,Delivered,West,Electronics,FC-1,CUST-10114,Marketplace,Card,0,3
ORD-100321,2024-12-03,609,2,Delivered,South,Grocery,FC-1,CUST-10017,Marketplace,Wallet,0,2
ORD-100322,2024-12-03,845,1,Delivered,East,Apparel,FC-2,CUST-10033,App,Wallet,0,4
ORD-100323,2024-12-03,2126,3,Delivered,North,Apparel,FC-8,CUST-10115,Marketplace,UPI,0,3
ORD-100324,2024-12-03,486,1,Returned,South,Beauty,FC-5,CUST-10048,Web,UPI,0,2
ORD-100325,2024-12-03,678,1,Delivered,North,Apparel,FC-3,CUST-10030,App,Card,0,4
ORD-100326,2024-12-03,9434,3,Delivered,North,Electronics,FC-7,CUST-10011,App,Card,0,5
ORD-100327,2024-12-03,1504,5,Delivered,East,Grocery,FC-8,CUST-10010,App,Wallet,0,4
ORD-100328,2024-12-03,5182,3,Delivered,West,Electronics,FC-3,CUST-10037,Web,UPI,365,4
ORD-100329,2024-12-03,2601,1,Returned,West,Electronics,FC-6,CUST-10040,Web,Card,0,2
ORD-100330,2024-12-03,2508,3,Pending,West,Home,FC-5,CUST-10018,App,UPI,0,
ORD-100331,2024-12-03,192,1,Cancelled,West,Grocery,FC-3,CUST-10116,Web,UPI,0,
ORD-100332,2024-12-03,5326,2,Delivered,West,Electronics,FC-7,CUST-10117,App,UPI,459,3
ORD-100333,2024-12-04,2621,3,Delivered,West,Home,FC-7,CUST-10019,App,UPI,0,3
ORD-100334,2024-12-04,2246,5,Delivered,South,Apparel,FC-2,CUST-10071,App,UPI,247,2
ORD-100335,2024-12-04,2154,4,Cancelled,North,Beauty,FC-6,CUST-10118,Web,UPI,0,
ORD-100336,2024-12-04,1575,2,Delivered,West,Apparel,FC-3,CUST-10058,Marketplace,UPI,0,2
ORD-100337,2024-12-04,1254,2,Delivered,West,Apparel,FC-7,CUST-10119,Web,Card,103,3
ORD-100338,2024-12-04,3365,3,Delivered,North,Home,FC-2,CUST-10102,Marketplace,COD,0,3
ORD-100339,2024-12-04,845,1,Delivered,South,Apparel,FC-7,CUST-10065,App,COD,0,4
ORD-100340,2024-12-04,379,2,Delivered,East,Grocery,FC-6,CUST-10069,App,UPI,0,5
ORD-100341,2024-12-04,4650,2,Shipped,West,Electronics,FC-5,CUST-10106,Marketplace,UPI,480,
ORD-100342,2024-12-04,13339,5,Delivered,South,Electronics,FC-3,CUST-10089,Marketplace,Card,1205,3
ORD-100343,2024-12-04,6641,2,Delivered,North,Electronics,FC-7,CUST-10118,Marketplace,COD,0,4
ORD-100344,2024-12-04,225,1,Delivered,South,Grocery,FC-5,CUST-10095,App,Wallet,0,3
ORD-100345,2024-12-04,1293,2,Returned,South,Apparel,FC-8,CUST-10033,Web,Card,0,3
ORD-100346,2024-12-04,291,1,Delivered,South,Grocery,FC-3,CUST-10120,App,Card,0,3
ORD-100347,2024-12-04,788,1,Delivered,South,Apparel,FC-4,CUST-10001,Web,Wallet,61,3
ORD-100348,2024-12-04,398,1,Delivered,North,Beauty,FC-7,CUST-10121,App,Card,0,4
ORD-100349,2024-12-04,4381,2,Delivered,East,Electronics,FC-4,CUST-10119,App,COD,0,6
ORD-100350,2024-12-04,2586,4,Returned,North,Home,FC-7,CUST-10102,Web,Card,266,4
ORD-100351,2024-12-04,475,1,Delivered,South,Beauty,FC-7,CUST-10122,Web,UPI,28,3
ORD-100352,2024-12-04,809,1,Delivered,North,Apparel,FC-8,CUST-10123,App,COD,53,3
ORD-100353,2024-12-04,216,1,Delivered,South,Grocery,FC-6,CUST-10124,Web,COD,0,3
ORD-100354,2024-12-04,444,1,Delivered,East,Beauty,FC-5,CUST-10125,App,UPI,42,4
ORD-100355,2024-12-04,499,2,Returned,South,Grocery,FC-1,CUST-10024,Web,COD,0,2
ORD-100356,2024-12-04,12972,5,Delivered,West,Electronics,FC-1,CUST-10077,App,COD,0,2
ORD-100357,2024-12-04,2129,3,Delivered,West,Home,FC-3,CUST-10126,Web,Wallet,0,4
ORD-100358,2024-12-04,794,1,Cancelled,North,Apparel,FC-8,CUST-10127,Marketplace,COD,0,
ORD-100359,2024-12-04,2919,4,Delivered,South,Home,FC-6,CUST-10128,Marketplace,Card,0,2
ORD-100360,2024-12-04,381,2,Delivered,West,Grocery,FC-3,CUST-10129,Marketplace,Wallet,0,2
ORD-100361,2024-12-04,221,1,Delivered,West,Grocery,FC-5,CUST-10077,Marketplace,COD,15,3
ORD-100362,2024-12-04,2671,3,Returned,South,Apparel,FC-2,CUST-10009,Web,Card,0,2
ORD-100363,2024-12-04,1474,4,Delivered,South,Beauty,FC-3,CUST-10075,Web,Card,0,4
ORD-100364,2024-12-04,2675,4,Delivered,East,Home,FC-4,CUST-10035,App,UPI,0,5
ORD-100365,2024-12-04,504,1,Returned,West,Apparel,FC-2,CUST-10037,Web,Card,49,2
ORD-100366,2024-12-04,6152,2,Returned,West,Electronics,FC-7,CUST-10130,Web,UPI,0,3
ORD-100367,2024-12-04,501,1,Delivered,North,Apparel,FC-7,CUST-10014,Web,UPI,0,4
ORD-100368,2024-12-04,2418,3,Delivered,North,Apparel,FC-1,CUST-10100,Web,Wallet,251,3
ORD-100369,2024-12-04,551,2,Delivered,South,Beauty,FC-5,CUST-10131,Web,UPI,48,3
ORD-100370,2024-12-04,601,2,Delivered,East,Beauty,FC-6,CUST-10006,Marketplace,COD,57,4
ORD-100371,2024-12-04,893,3,Delivered,West,Beauty,FC-4,CUST-10132,Web,Wallet,0,3
ORD-100372,2024-12-04,758,4,Returned,West,Grocery,FC-6,CUST-10005,Web,Card,0,2
ORD-100373,2024-12-04,301,1,Delivered,South,Beauty,FC-1,CUST-10058,App,Card,0,3
ORD-100374,2024-12-04,3314,1,Delivered,North,Electronics,FC-4,CUST-10055,App,UPI,0,4
ORD-100375,2024-12-04,4905,5,Delivered,West,Home,FC-7,CUST-10092,App,UPI,0,2
ORD-100376,2024-12-04,375,1,Delivered,East,Beauty,FC-2,CUST-10133,App,Card,0,4
ORD-100377,2024-12-04,999,2,Delivered,South,Apparel,FC-2,CUST-10031,App,Card,0,3
ORD-100378,2024-12-04,1658,2,Delivered,West,Apparel,FC-7,CUST-10134,App,UPI,99,4
ORD-100379,2024-12-04,1587,4,Delivered,North,Beauty,FC-2,CUST-10057,App,UPI,0,4
ORD-100380,2024-12-04,3533,4,Delivered,West,Home,FC-6,CUST-10075,Web,COD,0,3
ORD-100381,2024-12-04,570,3,Delivered,West,Grocery,FC-2,CUST-10058,App,COD,0,3
ORD-100382,2024-12-04,784,1,Delivered,North,Home,FC-2,CUST-10118,Web,UPI,0,4
ORD-100383,2024-12-04,9911,4,Delivered,East,Electronics,FC-8,CUST-10135,App,UPI,644,3
ORD-100384,2024-12-04,212,1,Returned,South,Grocery,FC-3,CUST-10060,Web,COD,23,2
ORD-100385,2024-12-04,224,1,Delivered,South,Grocery,FC-1,CUST-10022,App,COD,0,2
ORD-100386,2024-12-04,338,1,Delivered,West,Beauty,FC-7,CUST-10134,App,UPI,0,4
ORD-100387,2024-12-04,2416,1,Delivered,East,Electronics,FC-6,CUST-10109,App,COD,0,4
ORD-100388,2024-12-04,645,2,Delivered,East,Beauty,FC-8,CUST-10136,App,Wallet,36,5
ORD-100389,2024-12-04,1004,4,Delivered,West,Grocery,FC-4,CUST-10131,Web,UPI,0,5
ORD-100390,2024-12-04,2404,1,Delivered,South,Electronics,FC-5,CUST-10037,Marketplace,UPI,174,2
ORD-100391,2024-12-04,1041,5,Shipped,West,Grocery,FC-2,CUST-10137,Web,UPI,0,
ORD-100392,2024-12-04,2248,3,Cancelled,West,Apparel,FC-4,CUST-10126,Web,COD,168,
ORD-100393,2024-12-04,406,2,Delivered,South,Grocery,FC-8,CUST-10060,Web,COD,25,4
ORD-100394,2024-12-04,610,2,Delivered,South,Grocery,FC-8,CUST-10079,Marketplace,COD,0,3
ORD-100395,2024-12-04,4194,2,Returned,South,Electronics,FC-7,CUST-10107,App,Card,0,2
ORD-100396,2024-12-04,4127,4,Delivered,North,Home,FC-8,CUST-10127,App,Card,0,5
ORD-100397,2024-12-04,2366,3,Delivered,East,Apparel,FC-5,CUST-10113,Web,COD,0,5
ORD-100398,2024-12-04,513,1,Delivered,North,Beauty,FC-6,CUST-10035,Marketplace,UPI,0,3
ORD-100399,2024-12-04,3186,1,Delivered,East,Electronics,FC-4,CUST-10075,Marketplace,UPI,0,6
ORD-100400,2024-12-04,869,5,Delivered,East,Grocery,FC-3,CUST-10125,Marketplace,COD,0,5
ORD-100401,2024-12-04,8050,3,Delivered,East,Electronics,FC-8,CUST-10051,Web,UPI,0,5
ORD-100402,2024-12-04,1823,1,Delivered,West,Electronics,FC-1,CUST-10072,Marketplace,UPI,145,3
ORD-100403,2024-12-04,356,1,Delivered,North,Beauty,FC-6,CUST-10020,Web,UPI,0,4
ORD-100404,2024-12-04,2728,1,Delivered,West,Electronics,FC-5,CUST-10120,Web,Card,0,4
ORD-100405,2024-12-04,718,4,Delivered,West,Grocery,FC-7,CUST-10059,App,COD,0,3
ORD-100406,2024-12-04,1359,2,Delivered,West,Apparel,FC-4,CUST-10138,App,UPI,0,4
ORD-100407,2024-12-04,177,1,Delivered,South,Grocery,FC-6,CUST-10027,Web,Card,12,3
ORD-100408,2024-12-04,450,1,Shipped,West,Beauty,FC-2,CUST-10112,Web,Wallet,43,
ORD-100409,2024-12-04,494,1,Delivered,West,Apparel,FC-2,CUST-10117,Web,Wallet,29,4
ORD-100410,2024-12-04,4548,2,Delivered,North,Electronics,FC-7,CUST-10139,Web,UPI,0,3
ORD-100411,2024-12-04,1436,2,Delivered,South,Apparel,FC-8,CUST-10077,App,Wallet,0,2
ORD-100412,2024-12-04,1227,3,Delivered,North,Beauty,FC-1,CUST-10072,App,COD,129,3
ORD-100413,2024-12-04,979,3,Delivered,South,Beauty,FC-1,CUST-10140,Marketplace,COD,81,2
ORD-100414,2024-12-04,1720,4,Delivered,West,Beauty,FC-8,CUST-10137,Web,Wallet,0,3
ORD-100415,2024-12-04,2776,3,Returned,South,Home,FC-6,CUST-10092,App,Card,0,3
ORD-100416,2024-12-04,879,1,Delivered,West,Apparel,FC-6,CUST-10054,App,UPI,0,2
ORD-100417,2024-12-04,722,1,Delivered,North,Apparel,FC-2,CUST-10077,Marketplace,UPI,0,2
ORD-100418,2024-12-04,839,1,Delivered,West,Home,FC-8,CUST-10022,App,UPI,50,4
ORD-100419,2024-12-04,1851,4,Cancelled,East,Beauty,FC-3,CUST-10048,App,UPI,0,
ORD-100420,2024-12-04,8460,4,Delivered,East,Electronics,FC-6,CUST-10137,App,Card,0,4
ORD-100421,2024-12-04,641,1,Delivered,South,Home,FC-1,CUST-10141,Web,COD,54,3
ORD-100422,2024-12-04,838,1,Delivered,North,Apparel,FC-8,CUST-10142,Web,COD,0,5
ORD-100423,2024-12-04,1232,2,Delivered,West,Apparel,FC-8,CUST-10117,Web,UPI,0,3
ORD-100424,2024-12-04,1200,4,Delivered,South,Grocery,FC-7,CUST-10143,Marketplace,Wallet,0,4
ORD-100425,2024-12-04,9403,3,Delivered,East,Electronics,FC-6,CUST-10144,Marketplace,COD,0,4
ORD-100426,2024-12-04,581,2,Delivered,West,Beauty,FC-5,CUST-10022,Marketplace,UPI,43,4
ORD-100427,2024-12-04,2561,4,Cancelled,South,Apparel,FC-5,CUST-10145,Web,UPI,228,
ORD-100428,2024-12-04,2743,3,Delivered,East,Home,FC-8,CUST-10146,App,COD,285,4
ORD-100429,2024-12-04,2514,3,Delivered,North,Home,FC-6,CUST-10147,App,UPI,183,3
ORD-100430,2024-12-04,2067,2,Cancelled,West,Home,FC-5,CUST-10148,App,Card,0,
ORD-100431,2024-12-04,5237,2,Delivered,East,Electronics,FC-4,CUST-10037,App,Card,0,6
ORD-100432,2024-12-04,2996,4,Delivered,East,Apparel,FC-4,CUST-10140,App,Card,0,6
ORD-100433,2024-12-04,635,2,Delivered,North,Beauty,FC-8,CUST-10149,Web,UPI,34,5
ORD-100434,2024-12-04,276,1,Delivered,East,Grocery,FC-6,CUST-10149,Web,Card,0,4
ORD-100435,2024-12-04,2349,3,Delivered,South,Apparel,FC-1,CUST-10138,Web,UPI,0,2
ORD-100436,2024-12-04,1114,2,Delivered,West,Apparel,FC-8,CUST-10066,Web,COD,0,4
ORD-100437,2024-12-04,10203,4,Delivered,East,Electronics,FC-6,CUST-10150,Web,Wallet,1071,3
ORD-100438,2024-12-04,4501,4,Delivered,East,Home,FC-1,CUST-10075,Web,UPI,0,4
ORD-100439,2024-12-04,6219,2,Delivered,East,Electronics,FC-1,CUST-10151,Web,UPI,0,3
ORD-100440,2024-12-04,7777,4,Delivered,East,Electronics,FC-8,CUST-10069,Web,Wallet,0,5
ORD-100441,2024-12-04,1013,2,Delivered,East,Beauty,FC-5,CUST-10037,App,UPI,68,4
ORD-100442,2024-12-04,2430,2,Delivered,East,Home,FC-8,CUST-10041,Web,COD,0,5
ORD-100443,2024-12-05,561,2,Delivered,South,Grocery,FC-3,CUST-10003,Web,COD,0,3
ORD-100444,2024-12-05,2232,1,Delivered,North,Electronics,FC-3,CUST-10108,App,UPI,0,3
ORD-100445,2024-12-05,202,1,Delivered,East,Grocery,FC-2,CUST-10152,Web,Wallet,0,4
ORD-100446,2024-12-05,1633,2,Delivered,East,Apparel,FC-4,CUST-10041,Web,Card,108,4
ORD-100447,2024-12-05,1527,3,Delivered,North,Apparel,FC-2,CUST-10153,Web,Card,0,3
ORD-100448,2024-12-05,453,1,Delivered,South,Beauty,FC-2,CUST-10127,App,UPI,0,2
ORD-100449,2024-12-05,741,3,Delivered,South,Grocery,FC-7,CUST-10003,Web,Card,0,4
ORD-100450,2024-12-05,841,1,Delivered,East,Home,FC-3,CUST-10145,App,Card,0,5
ORD-100451,2024-12-05,950,1,Delivered,East,Home,FC-7,CUST-10154,App,COD,63,5
ORD-100452,2024-12-05,1067,5,Delivered,East,Grocery,FC-5,CUST-10032,App,COD,79,3
ORD-100453,2024-12-05,1206,1,Delivered,North,Home,FC-3,CUST-10123,App,Card,0,4
ORD-100454,2024-12-05,621,2,Shipped,West,Beauty,FC-5,CUST-10005,Web,COD,0,
ORD-100455,2024-12-05,170,1,Delivered,West,Grocery,FC-4,CUST-10107,Web,COD,0,3
ORD-100456,2024-12-05,1274,5,Delivered,South,Grocery,FC-7,CUST-10136,Web,Wallet,0,3
ORD-100457,2024-12-05,815,3,Delivered,West,Grocery,FC-5,CUST-10155,Marketplace,Wallet,48,3
ORD-100458,2024-12-05,403,2,Returned,East,Grocery,FC-2,CUST-10004,App,COD,42,5
ORD-100459,2024-12-05,582,1,Shipped,North,Apparel,FC-1,CUST-10011,App,COD,0,
ORD-100460,2024-12-05,1106,2,Returned,East,Apparel,FC-6,CUST-10156,Web,COD,0,5
ORD-100461,2024-12-05,6912,3,Cancelled,East,Electronics,FC-5,CUST-10157,Marketplace,UPI,0,
ORD-100462,2024-12-05,292,1,Delivered,South,Grocery,FC-7,CUST-10089,Web,UPI,0,4
ORD-100463,2024-12-05,257,1,Cancelled,West,Grocery,FC-7,CUST-10070,Web,COD,0,
ORD-100464,2024-12-05,1616,2,Delivered,West,Home,FC-3,CUST-10158,App,Wallet,126,4
ORD-100465,2024-12-05,488,2,Delivered,North,Grocery,FC-4,CUST-10159,Web,COD,32,4
ORD-100466,2024-12-05,1870,2,Delivered,East,Home,FC-1,CUST-10141,App,COD,0,3
ORD-100467,2024-12-05,4569,5,Delivered,East,Home,FC-7,CUST-10037,App,Wallet,323,5
ORD-100468,2024-12-05,2284,1,Delivered,South,Electronics,FC-6,CUST-10068,Web,COD,0,2
ORD-100469,2024-12-05,297,1,Delivered,East,Grocery,FC-2,CUST-10069,Web,UPI,0,4
ORD-100470,2024-12-05,1592,3,Delivered,East,Apparel,FC-2,CUST-10160,App,UPI,92,4
ORD-100471,2024-12-05,161,1,Delivered,East,Grocery,FC-7,CUST-10133,Web,UPI,17,3
ORD-100472,2024-12-05,208,1,Delivered,South,Grocery,FC-2,CUST-10126,Web,COD,0,3
ORD-100473,2024-12-05,2982,1,Delivered,North,Electronics,FC-7,CUST-10124,App,UPI,0,3
ORD-100474,2024-12-05,2866,1,Delivered,East,Electronics,FC-1,CUST-10161,App,Wallet,241,4
ORD-100475,2024-12-05,3160,1,Delivered,South,Electronics,FC-7,CUST-10119,Web,UPI,0,2
ORD-100476,2024-12-05,671,2,Delivered,East,Beauty,FC-6,CUST-10113,Web,Card,0,3
ORD-100477,2024-12-05,800,1,Pending,East,Home,FC-1,CUST-10118,App,COD,0,
ORD-100478,2024-12-05,482,2,Delivered,North,Grocery,FC-7,CUST-10162,Web,Card,0,3
ORD-100479,2024-12-05,243,1,Delivered,North,Grocery,FC-5,CUST-10037,Web,UPI,0,4
ORD-100480,2024-12-05,884,1,Delivered,North,Home,FC-8,CUST-10163,App,COD,0,3
ORD-100481,2024-12-05,178,1,Delivered,East,Grocery,FC-6,CUST-10085,Web,COD,0,3
ORD-100482,2024-12-05,232,1,Cancelled,East,Grocery,FC-7,CUST-10065,Web,Wallet,0,
ORD-100483,2024-12-05,2230,2,Cancelled,South,Home,FC-6,CUST-10123,App,Card,181,
ORD-100484,2024-12-05,1690,5,Delivered,East,Beauty,FC-6,CUST-10161,Web,UPI,101,4
ORD-100485,2024-12-05,542,2,Delivered,South,Grocery,FC-7,CUST-10164,Web,Card,0,3
ORD-100486,2024-12-05,596,2,Pending,East,Beauty,FC-6,CUST-10091,App,Wallet,39,
ORD-100487,2024-12-05,317,1,Delivered,West,Beauty,FC-3,CUST-10020,Marketplace,COD,33,3
ORD-100488,2024-12-05,178,1,Delivered,South,Grocery,FC-3,CUST-10089,Web,UPI,15,2
ORD-100489,2024-12-05,2020,4,Delivered,North,Beauty,FC-8,CUST-10136,Web,UPI,135,4
ORD-100490,2024-12-05,1050,2,Delivered,West,Apparel,FC-6,CUST-10124,Web,UPI,0,4
ORD-100491,2024-12-05,8043,3,Delivered,South,Electronics,FC-2,CUST-10165,Marketplace,COD,0,2
ORD-100492,2024-12-05,3323,1,Delivered,East,Electronics,FC-3,CUST-10032,App,Card,0,4
ORD-100493,2024-12-05,3314,4,Delivered,South,Home,FC-6,CUST-10078,App,Wallet,0,2
ORD-100494,2024-12-05,478,1,Cancelled,West,Apparel,FC-5,CUST-10001,App,COD,35,
ORD-100495,2024-12-05,4879,5,Delivered,South,Home,FC-6,CUST-10003,App,UPI,259,3
ORD-100496,2024-12-05,490,1,Delivered,North,Apparel,FC-8,CUST-10013,Marketplace,Card,30,3
ORD-100497,2024-12-05,580,3,Returned,South,Grocery,FC-2,CUST-10139,Web,Card,0,3
ORD-100498,2024-12-05,1659,4,Delivered,North,Beauty,FC-6,CUST-10106,Web,UPI,0,2
ORD-100499,2024-12-05,717,1,Delivered,South,Apparel,FC-1,CUST-10126,App,UPI,0,2
ORD-100500,2024-12-05,1710,2,Delivered,West,Home,FC-4,CUST-10124,App,COD,95,5
ORD-100501,2024-12-05,2687,4,Delivered,West,Apparel,FC-4,CUST-10076,Web,COD,0,5
ORD-100502,2024-12-05,1493,2,Delivered,East,Apparel,FC-4,CUST-10059,App,Card,0,6
ORD-100503,2024-12-05,864,1,Delivered,South,Home,FC-8,CUST-10100,Web,Card,46,4
ORD-100504,2024-12-05,2200,2,Delivered,East,Home,FC-8,CUST-10165,Web,UPI,128,4
ORD-100505,2024-12-05,3111,4,Delivered,East,Home,FC-7,CUST-10166,App,COD,265,4
ORD-100506,2024-12-05,1234,1,Delivered,East,Home,FC-7,CUST-10097,App,Card,0,3
ORD-100507,2024-12-05,646,3,Delivered,North,Grocery,FC-8,CUST-10105,Web,Wallet,0,4
ORD-100508,2024-12-05,3452,3,Delivered,South,Home,FC-4,CUST-10133,App,UPI,0,5
ORD-100509,2024-12-05,2947,1,Delivered,East,Electronics,FC-6,CUST-10167,Web,COD,0,4
ORD-100510,2024-12-05,828,1,Delivered,South,Apparel,FC-4,CUST-10092,Web,UPI,0,4
ORD-100511,2024-12-05,749,1,Delivered,South,Apparel,FC-1,CUST-10163,Web,COD,0,3
ORD-100512,2024-12-05,723,1,Delivered,South,Home,FC-5,CUST-10168,Web,Wallet,0,3
ORD-100513,2024-12-05,2860,1,Delivered,West,Electronics,FC-7,CUST-10127,App,UPI,0,3
ORD-100514,2024-12-05,392,2,Returned,East,Grocery,FC-6,CUST-10163,Web,Card,39,3
ORD-100515,2024-12-05,2574,1,Delivered,East,Electronics,FC-2,CUST-10095,App,COD,0,4
ORD-100516,2024-12-05,3154,1,Delivered,East,Electronics,FC-8,CUST-10169,Web,Card,176,6
ORD-100517,2024-12-05,279,1,Delivered,East,Grocery,FC-1,CUST-10056,Web,Card,19,3
ORD-100518,2024-12-05,1217,4,Delivered,East,Grocery,FC-5,CUST-10098,Marketplace,Wallet,0,5
ORD-100519,2024-12-05,515,2,Delivered,North,Grocery,FC-3,CUST-10065,App,Card,0,4
ORD-100520,2024-12-05,410,1,Delivered,West,Beauty,FC-3,CUST-10007,Web,UPI,0,2
ORD-100521,2024-12-05,2118,2,Delivered,North,Home,FC-6,CUST-10059,Web,COD,0,3
ORD-100522,2024-12-05,1540,5,Delivered,East,Grocery,FC-1,CUST-10095,App,UPI,0,3
ORD-100523,2024-12-05,268,1,Delivered,South,Grocery,FC-8,CUST-10170,App,Wallet,17,3
ORD-100524,2024-12-05,3966,5,Delivered,South,Apparel,FC-8,CUST-10171,Web,UPI,363,3
ORD-100525,2024-12-05,368,2,Delivered,North,Grocery,FC-3,CUST-10080,App,UPI,0,4
ORD-100526,2024-12-05,1848,2,Cancelled,North,Home,FC-8,CUST-10156,App,UPI,135,
ORD-100527,2024-12-05,486,2,Delivered,South,Grocery,FC-4,CUST-10055,Web,UPI,0,3
ORD-100528,2024-12-05,568,1,Delivered,East,Apparel,FC-1,CUST-10172,App,UPI,0,4
ORD-100529,2024-12-05,7591,3,Cancelled,South,Electronics,FC-5,CUST-10173,Web,COD,0,
ORD-100530,2024-12-05,3340,3,Delivered,West,Home,FC-5,CUST-10107,Marketplace,UPI,0,4
ORD-100531,2024-12-05,2359,3,Delivered,North,Apparel,FC-3,CUST-10019,Web,UPI,0,4
ORD-100532,2024-12-05,766,1,Delivered,West,Home,FC-3,CUST-10174,App,Card,0,3
ORD-100533,2024-12-06,1074,1,Delivered,North,Home,FC-8,CUST-10115,Web,Card,0,3
ORD-100534,2024-12-06,809,2,Delivered,North,Beauty,FC-1,CUST-10029,Web,COD,0,2
ORD-100535,2024-12-06,848,1,Delivered,South,Apparel,FC-6,CUST-10175,App,Card,0,3
ORD-100536,2024-12-06,326,1,Cancelled,South,Beauty,FC-6,CUST-10176,App,COD,0,
ORD-100537,2024-12-06,2447,4,Delivered,East,Apparel,FC-2,CUST-10177,Web,UPI,155,3
ORD-100538,2024-12-06,2711,5,Delivered,North,Apparel,FC-6,CUST-10021,Web,UPI,0,3
ORD-100539,2024-12-06,996,1,Delivered,North,Home,FC-3,CUST-10178,App,UPI,87,3
ORD-100540,2024-12-06,785,1,Delivered,West,Apparel,FC-5,CUST-10006,Marketplace,COD,46,2
ORD-100541,2024-12-06,569,2,Delivered,North,Grocery,FC-5,CUST-10071,Web,Card,41,3
ORD-100542,2024-12-06,2654,3,Delivered,West,Apparel,FC-1,CUST-10179,Web,Wallet,0,3
ORD-100543,2024-12-06,5132,2,Delivered,East,Electronics,FC-4,CUST-10013,App,UPI,0,5
ORD-100544,2024-12-06,656,2,Delivered,North,Beauty,FC-2,CUST-10098,App,UPI,0,4
ORD-100545,2024-12-06,8307,3,Delivered,East,Electronics,FC-7,CUST-10180,Web,Card,0,5
ORD-100546,2024-12-06,2695,3,Returned,East,Apparel,FC-5,CUST-10014,Web,COD,0,5
ORD-100547,2024-12-06,696,3,Shipped,West,Grocery,FC-5,CUST-10181,Web,Wallet,0,
ORD-100548,2024-12-06,175,1,Delivered,South,Grocery,FC-2,CUST-10147,Web,UPI,0,2
ORD-100549,2024-12-06,1025,3,Delivered,North,Beauty,FC-6,CUST-10182,Marketplace,UPI,0,2
ORD-100550,2024-12-06,304,1,Pending,South,Grocery,FC-2,CUST-10031,App,COD,0,
ORD-100551,2024-12-06,923,4,Delivered,East,Grocery,FC-3,CUST-10056,Web,Card,0,3
ORD-100552,2024-12-06,3977,4,Returned,West,Home,FC-3,CUST-10070,App,COD,0,4
ORD-100553,2024-12-06,769,3,Delivered,East,Grocery,FC-2,CUST-10072,Web,COD,0,5
ORD-100554,2024-12-06,1370,2,Delivered,North,Apparel,FC-7,CUST-10183,App,COD,0,3
ORD-100555,2024-12-06,8794,4,Delivered,North,Electronics,FC-4,CUST-10077,App,UPI,0,4
ORD-100556,2024-12-06,926,4,Returned,North,Grocery,FC-8,CUST-10023,App,UPI,0,3
ORD-100557,2024-12-06,1897,1,Delivered,North,Electronics,FC-2,CUST-10161,Marketplace,UPI,0,4
ORD-100558,2024-12-06,1328,3,Delivered,North,Beauty,FC-3,CUST-10003,App,Card,0,3
ORD-100559,2024-12-06,8238,3,Delivered,West,Electronics,FC-3,CUST-10167,Marketplace,COD,0,3
ORD-100560,2024-12-06,925,3,Returned,West,Grocery,FC-6,CUST-10184,Web,COD,0,2
ORD-100561,2024-12-06,1180,3,Delivered,South,Beauty,FC-2,CUST-10054,Web,COD,0,2
ORD-100562,2024-12-06,5582,2,Delivered,East,Electronics,FC-6,CUST-10185,Web,Card,0,4
ORD-100563,2024-12-06,3058,3,Delivered,South,Home,FC-6,CUST-10167,Marketplace,Card,0,2
ORD-100564,2024-12-06,1042,2,Cancelled,East,Apparel,FC-3,CUST-10152,App,Card,108,
ORD-100565,2024-12-06,701,1,Delivered,East,Apparel,FC-1,CUST-10131,Web,Wallet,0,4
ORD-100566,2024-12-06,2232,4,Delivered,West,Apparel,FC-3,CUST-10061,App,UPI,154,4
ORD-100567,2024-12-06,1937,2,Delivered,South,Home,FC-8,CUST-10186,Web,COD,0,3
ORD-100568,2024-12-06,335,1,Delivered,North,Beauty,FC-1,CUST-10055,Web,COD,0,3
ORD-100569,2024-12-06,169,1,Delivered,North,Grocery,FC-3,CUST-10183,App,UPI,12,3
ORD-100570,2024-12-06,2220,1,Delivered,East,Electronics,FC-8,CUST-10185,App,COD,0,5
ORD-100571,2024-12-06,1064,2,Delivered,North,Beauty,FC-2,CUST-10187,App,UPI,0,4
ORD-100572,2024-12-06,2165,2,Delivered,East,Home,FC-5,CUST-10140,Web,Wallet,199,5
ORD-100573,2024-12-06,3273,1,Delivered,South,Electronics,FC-8,CUST-10186,App,Card,0,3
ORD-100574,2024-12-06,838,1,Returned,West,Apparel,FC-7,CUST-10017,Web,COD,0,3
ORD-100575,2024-12-06,538,2,Delivered,South,Grocery,FC-4,CUST-10188,Web,Wallet,0,4
ORD-100576,2024-12-06,834,2,Delivered,North,Beauty,FC-8,CUST-10189,App,UPI,78,5
ORD-100577,2024-12-06,1955,1,Returned,East,Electronics,FC-3,CUST-10166,Marketplace,UPI,0,4
ORD-100578,2024-12-06,753,1,Delivered,South,Apparel,FC-3,CUST-10190,Web,Card,0,3
ORD-100579,2024-12-06,2147,3,Delivered,East,Apparel,FC-2,CUST-10014,Marketplace,UPI,0,5
ORD-100580,2024-12-06,1108,1,Returned,East,Home,FC-3,CUST-10138,App,UPI,119,5
ORD-100581,2024-12-06,357,1,Delivered,South,Beauty,FC-1,CUST-10191,App,UPI,0,2
ORD-100582,2024-12-06,4718,2,Delivered,South,Electronics,FC-4,CUST-10089,Web,Wallet,338,4
ORD-100583,2024-12-06,2839,4,Delivered,North,Apparel,FC-1,CUST-10149,Web,UPI,0,2
ORD-100584,2024-12-06,1312,2,Returned,North,Apparel,FC-3,CUST-10089,App,UPI,0,4
ORD-100585,2024-12-06,336,1,Delivered,West,Beauty,FC-6,CUST-10116,Web,UPI,0,3
ORD-100586,2024-12-06,2336,1,Delivered,South,Electronics,FC-8,CUST-10155,Web,Card,0,4
ORD-100587,2024-12-06,2486,1,Delivered,North,Electronics,FC-8,CUST-10192,App,COD,241,3
ORD-100588,2024-12-06,229,1,Delivered,North,Grocery,FC-3,CUST-10062,Web,COD,0,4
ORD-100589,2024-12-06,1349,2,Delivered,South,Home,FC-7,CUST-10167,App,COD,89,3
ORD-100590,2024-12-06,5449,5,Delivered,West,Home,FC-5,CUST-10127,App,Card,0,3
ORD-100591,2024-12-06,530,1,Delivered,West,Apparel,FC-3,CUST-10041,App,Wallet,0,3
ORD-100592,2024-12-06,591,1,Delivered,East,Apparel,FC-3,CUST-10193,Marketplace,Wallet,0,5
ORD-100593,2024-12-06,1671,3,Shipped,North,Apparel,FC-6,CUST-10194,App,UPI,0,
ORD-100594,2024-12-06,209,1,Delivered,South,Grocery,FC-6,CUST-10195,App,UPI,16,3
ORD-100595,2024-12-06,2169,3,Delivered,North,Apparel,FC-6,CUST-10196,Web,UPI,138,3
ORD-100596,2024-12-06,1337,3,Delivered,West,Beauty,FC-3,CUST-10154,App,COD,0,3
ORD-100597,2024-12-06,690,1,Delivered,North,Apparel,FC-6,CUST-10108,Web,UPI,65,3
ORD-100598,2024-12-06,236,1,Delivered,East,Grocery,FC-2,CUST-10167,App,Wallet,21,3
ORD-100599,2024-12-06,1084,2,Delivered,South,Apparel,FC-4,CUST-10126,Web,COD,0,3
ORD-100600,2024-12-06,1689,2,Delivered,North,Home,FC-7,CUST-10019,App,UPI,0,3
ORD-100601,2024-12-06,2086,4,Delivered,South,Apparel,FC-4,CUST-10136,Web,Card,0,5
ORD-100602,2024-12-06,2871,1,Delivered,South,Electronics,FC-4,CUST-10196,Marketplace,UPI,282,4
ORD-100603,2024-12-06,2341,2,Delivered,East,Home,FC-5,CUST-10197,App,COD,0,4
ORD-100604,2024-12-06,1170,2,Cancelled,East,Apparel,FC-5,CUST-10076,Marketplace,COD,0,
ORD-100605,2024-12-06,9341,4,Cancelled,East,Electronics,FC-7,CUST-10055,App,UPI,0,
ORD-100606,2024-12-06,571,2,Delivered,North,Beauty,FC-2,CUST-10198,Marketplace,Card,48,2
ORD-100607,2024-12-06,1121,2,Delivered,South,Apparel,FC-3,CUST-10199,Marketplace,Card,0,3
ORD-100608,2024-12-06,2921,3,Delivered,South,Home,FC-2,CUST-10200,App,Wallet,0,2
ORD-100609,2024-12-06,9526,3,Delivered,West,Electronics,FC-2,CUST-10061,App,Card,0,2
ORD-100610,2024-12-06,2324,1,Delivered,East,Electronics,FC-1,CUST-10043,Marketplace,UPI,248,4
ORD-100611,2024-12-06,170,1,Delivered,East,Grocery,FC-3,CUST-10189,App,UPI,10,4
ORD-100612,2024-12-06,3377,4,Delivered,North,Apparel,FC-5,CUST-10113,App,Card,0,4
ORD-100613,2024-12-06,3280,5,Delivered,West,Apparel,FC-2,CUST-10113,Web,Card,0,3
ORD-100614,2024-12-06,1225,4,Delivered,West,Grocery,FC-6,CUST-10201,Marketplace,UPI,0,4
ORD-100615,2024-12-06,579,2,Delivered,West,Grocery,FC-8,CUST-10129,App,COD,0,3
ORD-100616,2024-12-06,2867,1,Delivered,West,Electronics,FC-2,CUST-10076,App,Card,154,3
ORD-100617,2024-12-06,2224,1,Delivered,South,Electronics,FC-2,CUST-10056,App,Card,0,2
ORD-100618,2024-12-06,359,1,Delivered,North,Beauty,FC-6,CUST-10003,App,UPI,0,4
ORD-100619,2024-12-06,457,1,Delivered,South,Beauty,FC-3,CUST-10163,Web,COD,0,4
ORD-100620,2024-12-06,11031,4,Delivered,South,Electronics,FC-5,CUST-10158,Web,Wallet,590,3
ORD-100621,2024-12-06,1534,3,Delivered,South,Beauty,FC-7,CUST-10001,App,Wallet,0,3
ORD-100622,2024-12-06,792,1,Cancelled,West,Apparel,FC-1,CUST-10160,Web,COD,56,
ORD-100623,2024-12-06,2785,1,Cancelled,North,Electronics,FC-5,CUST-10166,App,UPI,235,
ORD-100624,2024-12-06,1259,2,Delivered,North,Apparel,FC-4,CUST-10185,App,UPI,0,3
ORD-100625,2024-12-06,8001,4,Delivered,South,Electronics,FC-4,CUST-10095,Marketplace,Card,0,4
ORD-100626,2024-12-06,557,2,Returned,West,Grocery,FC-5,CUST-10117,App,COD,45,4
ORD-100627,2024-12-06,865,2,Cancelled,West,Beauty,FC-1,CUST-10202,Web,COD,0,
ORD-100628,2024-12-06,2448,1,Delivered,East,Electronics,FC-7,CUST-10079,Web,Card,0,3
ORD-100629,2024-12-06,1646,2,Returned,West,Apparel,FC-7,CUST-10158,Web,Wallet,167,3
ORD-100630,2024-12-06,3047,1,Returned,North,Electronics,FC-2,CUST-10151,App,COD,198,2
ORD-100631,2024-12-06,987,1,Delivered,East,Home,FC-8,CUST-10148,Marketplace,Card,84,4
ORD-100632,2024-12-06,1490,3,Returned,East,Apparel,FC-2,CUST-10054,Marketplace,COD,0,5
ORD-100633,2024-12-06,1194,1,Delivered,North,Home,FC-1,CUST-10203,Web,Card,0,4
ORD-100634,2024-12-06,3057,4,Returned,West,Apparel,FC-5,CUST-10080,App,Wallet,0,3
ORD-100635,2024-12-06,722,1,Pending,North,Apparel,FC-7,CUST-10085,Web,Card,50,
ORD-100636,2024-12-06,2443,1,Delivered,South,Electronics,FC-7,CUST-10204,Marketplace,COD,0,4
ORD-100637,2024-12-06,2677,3,Delivered,South,Home,FC-8,CUST-10205,App,UPI,159,3
ORD-100638,2024-12-06,906,2,Pending,North,Apparel,FC-2,CUST-10199,Marketplace,UPI,83,
ORD-100639,2024-12-06,9665,3,Delivered,West,Electronics,FC-4,CUST-10058,Web,Card,0,5
ORD-100640,2024-12-06,962,1,Delivered,South,Home,FC-4,CUST-10069,App,Card,0,3
ORD-100641,2024-12-06,419,1,Delivered,West,Beauty,FC-4,CUST-10107,Marketplace,COD,44,4
ORD-100642,2024-12-06,299,1,Delivered,North,Beauty,FC-1,CUST-10033,App,Card,31,3
ORD-100643,2024-12-06,1400,2,Delivered,West,Apparel,FC-4,CUST-10075,Marketplace,UPI,0,4
ORD-100644,2024-12-06,4812,2,Delivered,North,Electronics,FC-7,CUST-10145,Web,UPI,0,3
ORD-100645,2024-12-06,4051,5,Delivered,West,Home,FC-4,CUST-10036,Web,Wallet,0,3
ORD-100646,2024-12-06,596,1,Shipped,East,Apparel,FC-2,CUST-10136,Web,Wallet,0,
ORD-100647,2024-12-07,1191,1,Returned,North,Home,FC-7,CUST-10206,App,COD,0,5
ORD-100648,2024-12-07,3205,4,Delivered,South,Home,FC-7,CUST-10137,App,UPI,0,3
ORD-100649,2024-12-07,701,1,Delivered,East,Home,FC-2,CUST-10207,Web,Card,0,3
ORD-100650,2024-12-07,11675,5,Delivered,East,Electronics,FC-5,CUST-10208,Marketplace,UPI,851,5
ORD-100651,2024-12-07,493,2,Delivered,South,Grocery,FC-7,CUST-10013,Marketplace,UPI,30,2
ORD-100652,2024-12-07,765,1,Delivered,East,Apparel,FC-6,CUST-10209,App,Card,0,5
ORD-100653,2024-12-07,6068,3,Shipped,South,Electronics,FC-1,CUST-10208,Web,UPI,0,
ORD-100654,2024-12-07,5838,2,Delivered,North,Electronics,FC-1,CUST-10016,Web,Card,0,4
ORD-100655,2024-12-07,948,4,Delivered,South,Grocery,FC-4,CUST-10036,App,COD,0,4
ORD-100656,2024-12-07,385,2,Delivered,West,Grocery,FC-7,CUST-10210,Marketplace,UPI,0,3
ORD-100657,2024-12-07,1090,3,Delivered,East,Beauty,FC-6,CUST-10195,App,UPI,0,3
ORD-100658,2024-12-07,5160,3,Delivered,North,Electronics,FC-5,CUST-10145,Web,UPI,350,4
ORD-100659,2024-12-07,2185,2,Cancelled,West,Home,FC-6,CUST-10119,Marketplace,UPI,0,
ORD-100660,2024-12-07,1685,3,Cancelled,West,Apparel,FC-7,CUST-10005,Web,COD,103,
ORD-100661,2024-12-07,305,1,Delivered,East,Grocery,FC-4,CUST-10179,Marketplace,UPI,0,5
ORD-100662,2024-12-07,303,1,Shipped,West,Grocery,FC-3,CUST-10160,Web,UPI,0,
ORD-100663,2024-12-07,1935,2,Delivered,North,Home,FC-6,CUST-10086,Marketplace,COD,166,3
ORD-100664,2024-12-07,2254,3,Delivered,South,Apparel,FC-4,CUST-10198,App,Card,192,4
ORD-100665,2024-12-07,2491,3,Delivered,East,Home,FC-6,CUST-10178,Web,UPI,0,4
ORD-100666,2024-12-07,681,1,Delivered,South,Home,FC-4,CUST-10211,Web,UPI,62,3
ORD-100667,2024-12-07,352,2,Delivered,East,Grocery,FC-7,CUST-10176,App,UPI,20,4
ORD-100668,2024-12-07,904,3,Delivered,South,Grocery,FC-1,CUST-10172,Web,UPI,0,2
ORD-100669,2024-12-07,2805,5,Delivered,North,Apparel,FC-3,CUST-10212,Marketplace,Wallet,0,5
ORD-100670,2024-12-07,1061,2,Delivered,North,Apparel,FC-5,CUST-10027,Web,Wallet,97,4
ORD-100671,2024-12-07,4523,2,Delivered,West,Electronics,FC-3,CUST-10142,App,Card,0,2
ORD-100672,2024-12-07,792,2,Delivered,West,Beauty,FC-7,CUST-10213,App,Wallet,0,2
ORD-100673,2024-12-07,3667,3,Delivered,South,Home,FC-5,CUST-10135,App,UPI,0,2
ORD-100674,2024-12-07,3922,5,Cancelled,East,Home,FC-5,CUST-10179,App,COD,0,
ORD-100675,2024-12-07,1390,2,Delivered,East,Apparel,FC-4,CUST-10122,App,UPI,111,6
ORD-100676,2024-12-07,363,1,Delivered,West,Beauty,FC-5,CUST-10164,Web,UPI,0,2
ORD-100677,2024-12-07,1325,2,Returned,East,Apparel,FC-6,CUST-10214,Web,COD,0,5
ORD-100678,2024-12-07,2879,1,Delivered,South,Electronics,FC-2,CUST-10185,App,Card,0,4
ORD-100679,2024-12-07,367,2,Delivered,East,Grocery,FC-1,CUST-10065,Marketplace,UPI,0,3
ORD-100680,2024-12-07,264,1,Delivered,East,Grocery,FC-7,CUST-10208,App,Card,0,5
ORD-100681,2024-12-07,5772,2,Delivered,North,Electronics,FC-7,CUST-10014,App,COD,405,3
ORD-100682,2024-12-07,1081,2,Returned,South,Apparel,FC-4,CUST-10122,Marketplace,UPI,0,4
ORD-100683,2024-12-07,1070,2,Delivered,North,Beauty,FC-5,CUST-10174,Marketplace,UPI,0,4
ORD-100684,2024-12-07,742,1,Returned,North,Apparel,FC-3,CUST-10158,Web,COD,45,4
ORD-100685,2024-12-07,661,1,Returned,West,Apparel,FC-3,CUST-10173,Marketplace,COD,70,3
ORD-100686,2024-12-07,1017,2,Delivered,East,Apparel,FC-4,CUST-10173,App,UPI,0,6
ORD-100687,2024-12-07,1114,3,Delivered,West,Beauty,FC-3,CUST-10215,Web,UPI,0,4
ORD-100688,2024-12-07,3421,2,Delivered,East,Electronics,FC-2,CUST-10038,Web,Card,242,3
ORD-100689,2024-12-07,437,1,Delivered,South,Beauty,FC-5,CUST-10021,App,UPI,25,3
ORD-100690,2024-12-07,406,1,Delivered,East,Beauty,FC-6,CUST-10039,Web,Card,0,5
ORD-100691,2024-12-07,2436,5,Delivered,South,Beauty,FC-1,CUST-10212,App,COD,0,2
ORD-100692,2024-12-07,1074,1,Cancelled,East,Home,FC-4,CUST-10033,App,Card,0,
ORD-100693,2024-12-07,289,1,Delivered,East,Grocery,FC-5,CUST-10056,Marketplace,Wallet,23,4
ORD-100694,2024-12-07,1251,2,Delivered,East,Apparel,FC-4,CUST-10216,Marketplace,UPI,95,5
ORD-100695,2024-12-07,368,1,Cancelled,East,Beauty,FC-2,CUST-10127,Marketplace,COD,0,
ORD-100696,2024-12-07,299,1,Delivered,East,Grocery,FC-8,CUST-10089,Web,UPI,0,4
ORD-100697,2024-12-07,3314,3,Returned,East,Home,FC-5,CUST-10217,App,UPI,0,4
ORD-100698,2024-12-07,4988,2,Delivered,South,Electronics,FC-1,CUST-10218,Marketplace,UPI,0,2
ORD-100699,2024-12-07,402,2,Delivered,South,Grocery,FC-4,CUST-10072,Marketplace,Wallet,0,4
ORD-100700,2024-12-07,911,2,Delivered,South,Beauty,FC-4,CUST-10219,Marketplace,COD,0,3
ORD-100701,2024-12-07,1949,1,Delivered,East,Electronics,FC-8,CUST-10077,App,Wallet,196,4
ORD-100702,2024-12-07,984,2,Delivered,North,Beauty,FC-6,CUST-10220,App,COD,0,4
ORD-100703,2024-12-07,876,1,Returned,North,Home,FC-6,CUST-10221,Web,COD,0,2
ORD-100704,2024-12-07,603,3,Delivered,North,Grocery,FC-2,CUST-10145,Web,Wallet,0,4
ORD-100705,2024-12-07,1102,2,Delivered,West,Apparel,FC-2,CUST-10180,App,Card,89,2
ORD-100706,2024-12-07,1245,4,Cancelled,East,Grocery,FC-7,CUST-10222,Marketplace,UPI,0,
ORD-100707,2024-12-07,900,1,Delivered,East,Apparel,FC-1,CUST-10208,App,UPI,0,4
ORD-100708,2024-12-07,2805,5,Pending,West,Apparel,FC-1,CUST-10134,App,COD,248,
ORD-100709,2024-12-07,1280,5,Delivered,East,Grocery,FC-3,CUST-10131,App,Card,126,5
ORD-100710,2024-12-07,203,1,Delivered,North,Grocery,FC-8,CUST-10100,App,Wallet,0,3
ORD-100711,2024-12-07,2912,3,Delivered,West,Home,FC-8,CUST-10118,Web,COD,0,5
ORD-100712,2024-12-07,2446,3,Returned,South,Apparel,FC-8,CUST-10019,App,COD,0,3
ORD-100713,2024-12-07,5752,3,Shipped,West,Electronics,FC-7,CUST-10223,Web,UPI,0,
ORD-100714,2024-12-07,3005,4,Delivered,West,Apparel,FC-7,CUST-10224,Web,UPI,166,4
ORD-100715,2024-12-07,1288,5,Delivered,South,Grocery,FC-6,CUST-10066,App,Card,80,2
ORD-100716,2024-12-07,2733,3,Delivered,East,Home,FC-4,CUST-10150,Marketplace,UPI,211,5
ORD-100717,2024-12-07,479,3,Delivered,East,Grocery,FC-8,CUST-10175,Marketplace,UPI,53,5
ORD-100718,2024-12-07,1232,2,Delivered,West,Apparel,FC-5,CUST-10125,App,COD,0,3
ORD-100719,2024-12-07,1489,2,Returned,East,Apparel,FC-7,CUST-10225,App,COD,119,4
ORD-100720,2024-12-07,531,1,Delivered,North,Apparel,FC-5,CUST-10226,App,UPI,0,3
ORD-100721,2024-12-07,747,1,Shipped,South,Home,FC-1,CUST-10136,Web,COD,0,
ORD-100722,2024-12-07,2371,1,Delivered,South,Electronics,FC-1,CUST-10227,App,UPI,202,2
ORD-100723,2024-12-07,5469,3,Delivered,East,Electronics,FC-2,CUST-10120,Web,Card,0,4
ORD-100724,2024-12-07,10412,5,Delivered,East,Electronics,FC-4,CUST-10173,App,Card,0,4
ORD-100725,2024-12-07,5058,2,Delivered,East,Electronics,FC-3,CUST-10106,App,UPI,440,4
ORD-100726,2024-12-07,1097,1,Delivered,South,Home,FC-2,CUST-10228,Marketplace,Wallet,0,2
ORD-100727,2024-12-07,472,1,Delivered,South,Beauty,FC-6,CUST-10137,Web,COD,0,2
ORD-100728,2024-12-07,401,1,Delivered,West,Beauty,FC-7,CUST-10229,Web,Card,0,4
ORD-100729,2024-12-07,2115,3,Delivered,North,Home,FC-5,CUST-10125,Web,UPI,0,2
ORD-100730,2024-12-07,5581,2,Pending,North,Electronics,FC-5,CUST-10230,Web,UPI,317,
ORD-100731,2024-12-07,10522,4,Delivered,South,Electronics,FC-8,CUST-10098,App,Wallet,0,3
ORD-100732,2024-12-07,2498,4,Delivered,North,Apparel,FC-6,CUST-10202,Web,UPI,0,4
ORD-100733,2024-12-07,2119,3,Delivered,East,Apparel,FC-7,CUST-10231,App,UPI,231,5
ORD-100734,2024-12-07,2025,2,Delivered,South,Home,FC-7,CUST-10003,Web,Card,0,3
ORD-100735,2024-12-07,5638,5,Delivered,South,Home,FC-1,CUST-10232,App,UPI,0,3
ORD-100736,2024-12-07,2285,3,Cancelled,West,Apparel,FC-3,CUST-10224,App,UPI,0,
ORD-100737,2024-12-07,630,1,Returned,West,Apparel,FC-8,CUST-10057,Marketplace,UPI,0,4
ORD-100738,2024-12-07,428,1,Cancelled,West,Beauty,FC-1,CUST-10233,App,COD,0,
ORD-100739,2024-12-07,1440,2,Delivered,West,Home,FC-1,CUST-10234,Marketplace,Wallet,0,2
ORD-100740,2024-12-07,781,2,Delivered,South,Beauty,FC-7,CUST-10235,App,Wallet,0,2
ORD-100741,2024-12-07,8583,3,Delivered,East,Electronics,FC-7,CUST-10180,Marketplace,UPI,0,4
ORD-100742,2024-12-07,4565,4,Delivered,South,Home,FC-2,CUST-10127,Marketplace,UPI,0,2
ORD-100743,2024-12-07,2848,1,Delivered,West,Electronics,FC-7,CUST-10236,Marketplace,UPI,200,3
ORD-100744,2024-12-07,923,2,Delivered,South,Beauty,FC-5,CUST-10237,App,Card,0,2
ORD-100745,2024-12-07,178,1,Delivered,East,Grocery,FC-6,CUST-10238,App,Wallet,0,3
ORD-100746,2024-12-07,1233,3,Delivered,East,Beauty,FC-4,CUST-10131,Marketplace,Card,0,6
ORD-100747,2024-12-07,615,2,Cancelled,South,Grocery,FC-6,CUST-10108,App,COD,0,
ORD-100748,2024-12-07,1053,2,Delivered,North,Apparel,FC-1,CUST-10057,App,Card,90,3
ORD-100749,2024-12-07,571,2,Delivered,North,Beauty,FC-1,CUST-10189,Web,UPI,45,2
ORD-100750,2024-12-07,2567,1,Delivered,North,Electronics,FC-4,CUST-10239,Web,COD,0,4
ORD-100751,2024-12-07,2993,1,Delivered,South,Electronics,FC-3,CUST-10240,App,UPI,0,4
ORD-100752,2024-12-07,2268,2,Returned,West,Home,FC-2,CUST-10241,App,Wallet,0,2
ORD-100753,2024-12-07,1262,2,Delivered,South,Home,FC-1,CUST-10242,Marketplace,COD,81,3
ORD-100754,2024-12-07,176,1,Delivered,South,Grocery,FC-3,CUST-10019,Web,UPI,12,4
ORD-100755,2024-12-07,598,2,Delivered,West,Grocery,FC-7,CUST-10069,App,Card,0,4
ORD-100756,2024-12-07,4043,2,Delivered,East,Electronics,FC-2,CUST-10219,Marketplace,UPI,0,4
ORD-100757,2024-12-07,173,1,Delivered,West,Grocery,FC-2,CUST-10243,Web,Card,0,2
ORD-100758,2024-12-07,725,1,Delivered,West,Apparel,FC-6,CUST-10196,Web,Card,0,2
ORD-100759,2024-12-08,1223,1,Delivered,West,Home,FC-8,CUST-10158,Web,COD,0,5
ORD-100760,2024-12-08,527,1,Returned,South,Apparel,FC-4,CUST-10210,App,Wallet,0,5
ORD-100761,2024-12-08,3615,3,Cancelled,North,Home,FC-1,CUST-10135,Marketplace,UPI,0,
ORD-100762,2024-12-08,5558,2,Delivered,West,Electronics,FC-7,CUST-10061,App,COD,582,4
ORD-100763,2024-12-08,1478,4,Returned,North,Beauty,FC-7,CUST-10244,App,UPI,98,3
ORD-100764,2024-12-08,342,2,Delivered,East,Grocery,FC-2,CUST-10139,App,COD,35,4
ORD-100765,2024-12-08,942,1,Delivered,North,Home,FC-2,CUST-10181,Web,UPI,0,4
ORD-100766,2024-12-08,560,1,Delivered,South,Apparel,FC-2,CUST-10245,App,Card,32,3
ORD-100767,2024-12-08,533,2,Delivered,North,Grocery,FC-1,CUST-10070,Web,UPI,32,3
ORD-100768,2024-12-08,6128,2,Delivered,West,Electronics,FC-2,CUST-10237,Marketplace,Card,0,3
ORD-100769,2024-12-08,837,1,Delivered,East,Home,FC-4,CUST-10232,Web,UPI,0,5
ORD-100770,2024-12-08,684,2,Delivered,East,Beauty,FC-4,CUST-10246,Web,Wallet,0,5
ORD-100771,2024-12-08,3242,1,Delivered,South,Electronics,FC-7,CUST-10247,Marketplace,UPI,0,4
ORD-100772,2024-12-08,411,1,Delivered,West,Beauty,FC-8,CUST-10248,Marketplace,UPI,0,3
ORD-100773,2024-12-08,4539,5,Delivered,North,Home,FC-3,CUST-10072,Marketplace,COD,395,3
ORD-100774,2024-12-08,494,1,Delivered,South,Beauty,FC-4,CUST-10249,App,UPI,0,3
ORD-100775,2024-12-08,1203,3,Delivered,North,Beauty,FC-2,CUST-10192,App,UPI,94,4
ORD-100776,2024-12-08,247,1,Delivered,South,Grocery,FC-4,CUST-10250,Web,Card,20,4
ORD-100777,2024-12-08,8586,3,Delivered,South,Electronics,FC-4,CUST-10183,App,Card,0,3
ORD-100778,2024-12-08,2439,3,Delivered,North,Home,FC-8,CUST-10226,Web,COD,0,4
ORD-100779,2024-12-08,412,2,Delivered,North,Grocery,FC-4,CUST-10014,Web,UPI,23,5
ORD-100780,2024-12-08,1270,3,Returned,North,Beauty,FC-5,CUST-10004,Web,COD,135,3
ORD-100781,2024-12-08,1052,1,Delivered,East,Home,FC-5,CUST-10200,App,UPI,89,4
ORD-100782,2024-12-08,1567,5,Shipped,East,Beauty,FC-2,CUST-10251,App,UPI,0,
ORD-100783,2024-12-08,1052,4,Returned,East,Grocery,FC-8,CUST-10252,App,Card,0,5
ORD-100784,2024-12-08,233,1,Returned,South,Grocery,FC-6,CUST-10249,Web,UPI,16,3
ORD-100785,2024-12-08,698,1,Delivered,South,Apparel,FC-3,CUST-10253,Marketplace,COD,0,2
ORD-100786,2024-12-08,361,2,Delivered,East,Grocery,FC-7,CUST-10186,App,COD,20,5
ORD-100787,2024-12-08,186,1,Cancelled,South,Grocery,FC-2,CUST-10254,App,COD,0,
ORD-100788,2024-12-08,833,1,Delivered,South,Apparel,FC-1,CUST-10212,App,Card,0,3
ORD-100789,2024-12-08,322,1,Delivered,East,Beauty,FC-7,CUST-10226,App,Wallet,25,5
ORD-100790,2024-12-08,753,4,Delivered,North,Grocery,FC-4,CUST-10247,Web,UPI,0,5
ORD-100791,2024-12-08,877,1,Returned,North,Home,FC-3,CUST-10072,Web,Wallet,0,4
ORD-100792,2024-12-08,850,1,Returned,East,Apparel,FC-8,CUST-10061,App,COD,0,5
ORD-100793,2024-12-08,495,2,Delivered,East,Grocery,FC-7,CUST-10255,App,COD,0,5
ORD-100794,2024-12-08,1996,4,Delivered,North,Beauty,FC-2,CUST-10175,Web,COD,130,3
ORD-100795,2024-12-08,403,1,Returned,South,Beauty,FC-3,CUST-10256,Web,UPI,0,4
ORD-100796,2024-12-08,1688,2,Delivered,West,Apparel,FC-3,CUST-10192,Web,UPI,0,4
ORD-100797,2024-12-08,360,1,Cancelled,East,Beauty,FC-6,CUST-10070,App,Card,0,
ORD-100798,2024-12-08,8501,3,Delivered,South,Electronics,FC-3,CUST-10033,Web,COD,0,3
ORD-100799,2024-12-08,7427,4,Delivered,West,Electronics,FC-3,CUST-10038,Web,Card,0,3
ORD-100800,2024-12-08,271,1,Delivered,South,Grocery,FC-3,CUST-10257,App,COD,28,4
ORD-100801,2024-12-08,1716,1,Returned,West,Electronics,FC-6,CUST-10240,App,COD,187,3
ORD-100802,2024-12-08,1418,3,Delivered,North,Apparel,FC-8,CUST-10019,Web,COD,127,3
ORD-100803,2024-12-08,740,3,Delivered,South,Grocery,FC-8,CUST-10258,Marketplace,UPI,0,3
ORD-100804,2024-12-08,808,1,Delivered,West,Home,FC-7,CUST-10106,Web,Card,52,4
ORD-100805,2024-12-08,1069,1,Delivered,West,Home,FC-5,CUST-10259,Web,COD,0,4
ORD-100806,2024-12-08,12537,4,Delivered,South,Electronics,FC-8,CUST-10219,Marketplace,Card,0,4
ORD-100807,2024-12-08,3250,3,Delivered,North,Home,FC-2,CUST-10226,Web,COD,0,3
ORD-100808,2024-12-08,5445,2,Delivered,South,Electronics,FC-1,CUST-10029,App,Card,0,2
ORD-100809,2024-12-08,278,1,Delivered,West,Grocery,FC-8,CUST-10228,App,UPI,28,3
ORD-100810,2024-12-08,2531,3,Delivered,East,Apparel,FC-1,CUST-10260,Web,Wallet,0,3
ORD-100811,2024-12-08,9499,3,Cancelled,South,Electronics,FC-5,CUST-10100,Web,UPI,0,
ORD-100812,2024-12-08,1490,3,Delivered,South,Beauty,FC-6,CUST-10168,App,Card,102,2
ORD-100813,2024-12-08,1166,1,Delivered,North,Home,FC-4,CUST-10189,App,UPI,0,5
ORD-100814,2024-12-08,2285,3,Delivered,North,Apparel,FC-2,CUST-10135,Web,UPI,124,2
ORD-100815,2024-12-08,361,1,Pending,East,Beauty,FC-1,CUST-10075,App,Card,0,
ORD-100816,2024-12-08,3050,3,Delivered,East,Home,FC-6,CUST-10173,Marketplace,UPI,0,4
ORD-100817,2024-12-08,275,1,Pending,North,Grocery,FC-3,CUST-10160,Web,Wallet,0,
ORD-100818,2024-12-08,704,1,Delivered,East,Home,FC-1,CUST-10261,Marketplace,Card,0,4
ORD-100819,2024-12-08,1546,2,Delivered,East,Apparel,FC-7,CUST-10095,Web,Wallet,0,4
ORD-100820,2024-12-08,676,3,Delivered,South,Grocery,FC-3,CUST-10213,Marketplace,COD,0,3
ORD-100821,2024-12-08,954,1,Delivered,North,Home,FC-2,CUST-10047,Web,Card,0,3
ORD-100822,2024-12-08,1439,3,Returned,East,Beauty,FC-6,CUST-10195,Marketplace,UPI,0,4
ORD-100823,2024-12-08,1860,2,Delivered,South,Home,FC-6,CUST-10243,Web,Card,0,2
ORD-100824,2024-12-08,2828,5,Delivered,West,Apparel,FC-4,CUST-10262,Web,UPI,0,5
ORD-100825,2024-12-08,1793,4,Delivered,North,Beauty,FC-1,CUST-10263,App,COD,167,3
ORD-100826,2024-12-08,871,1,Delivered,South,Apparel,FC-6,CUST-10195,Web,COD,0,2
ORD-100827,2024-12-08,1129,1,Delivered,East,Home,FC-1,CUST-10185,Web,Card,0,5
ORD-100828,2024-12-08,215,1,Returned,East,Grocery,FC-8,CUST-10250,Web,COD,0,6
ORD-100829,2024-12-08,1472,3,Returned,South,Apparel,FC-6,CUST-10158,Marketplace,COD,0,3
ORD-100830,2024-12-08,1042,1,Delivered,West,Home,FC-1,CUST-10264,App,Card,64,2
ORD-100831,2024-12-08,609,1,Delivered,West,Apparel,FC-8,CUST-10019,Web,UPI,0,3
ORD-100832,2024-12-08,2211,2,Returned,East,Home,FC-3,CUST-10037,Marketplace,COD,154,4
ORD-100833,2024-12-08,5703,2,Delivered,North,Electronics,FC-2,CUST-10174,Marketplace,Card,0,3
ORD-100834,2024-12-08,1211,1,Delivered,South,Home,FC-5,CUST-10075,Marketplace,Card,0,2
ORD-100835,2024-12-08,1382,2,Delivered,North,Apparel,FC-4,CUST-10114,App,Card,0,4
ORD-100836,2024-12-08,2491,1,Delivered,South,Electronics,FC-6,CUST-10238,App,Wallet,0,3
ORD-100837,2024-12-08,1428,3,Cancelled,West,Beauty,FC-8,CUST-10265,App,UPI,0,
ORD-100838,2024-12-08,1625,2,Cancelled,East,Home,FC-7,CUST-10185,Web,COD,0,
ORD-100839,2024-12-08,10954,4,Delivered,North,Electronics,FC-6,CUST-10266,App,UPI,1006,3
ORD-100840,2024-12-08,4018,4,Returned,West,Home,FC-6,CUST-10007,Web,Wallet,0,3
ORD-100841,2024-12-08,4445,2,Delivered,North,Electronics,FC-7,CUST-10265,Marketplace,UPI,0,4
ORD-100842,2024-12-08,218,1,Delivered,South,Grocery,FC-6,CUST-10122,Web,UPI,18,1
ORD-100843,2024-12-08,925,2,Delivered,West,Beauty,FC-2,CUST-10112,Marketplace,Card,0,4
ORD-100844,2024-12-08,598,1,Delivered,North,Apparel,FC-4,CUST-10017,Marketplace,UPI,0,5
ORD-100845,2024-12-08,9964,5,Delivered,South,Electronics,FC-2,CUST-10166,App,COD,0,3
ORD-100846,2024-12-08,1014,1,Delivered,North,Home,FC-6,CUST-10247,Web,Card,0,3
ORD-100847,2024-12-08,1867,3,Delivered,West,Apparel,FC-3,CUST-10263,App,COD,0,3
ORD-100848,2024-12-08,536,1,Pending,South,Apparel,FC-1,CUST-10247,App,UPI,0,
ORD-100849,2024-12-08,5413,2,Delivered,West,Electronics,FC-2,CUST-10264,Marketplace,UPI,0,3
ORD-100850,2024-12-08,6007,2,Delivered,East,Electronics,FC-7,CUST-10055,App,UPI,0,5
ORD-100851,2024-12-08,2072,3,Delivered,West,Apparel,FC-2,CUST-10185,App,UPI,0,4
ORD-100852,2024-12-08,1639,3,Delivered,North,Apparel,FC-4,CUST-10131,App,Wallet,113,4
ORD-100853,2024-12-08,1353,2,Delivered,North,Apparel,FC-8,CUST-10267,Marketplace,UPI,82,5
ORD-100854,2024-12-08,1509,2,Cancelled,South,Apparel,FC-2,CUST-10133,App,COD,0,
ORD-100855,2024-12-08,360,2,Cancelled,South,Grocery,FC-4,CUST-10060,App,COD,23,
ORD-100856,2024-12-08,2526,1,Delivered,North,Electronics,FC-6,CUST-10059,Web,UPI,0,2
ORD-100857,2024-12-08,11359,4,Delivered,South,Electronics,FC-8,CUST-10062,Marketplace,UPI,1074,4
ORD-100858,2024-12-08,330,1,Delivered,East,Beauty,FC-7,CUST-10268,Marketplace,UPI,20,3
ORD-100859,2024-12-08,214,1,Delivered,East,Grocery,FC-7,CUST-10134,App,UPI,13,4
ORD-100860,2024-12-08,532,1,Cancelled,West,Apparel,FC-7,CUST-10198,App,UPI,46,
ORD-100861,2024-12-08,2901,5,Delivered,East,Apparel,FC-3,CUST-10041,App,COD,0,5
ORD-100862,2024-12-08,3082,4,Delivered,East,Home,FC-1,CUST-10269,App,COD,0,4
ORD-100863,2024-12-08,328,1,Delivered,West,Beauty,FC-4,CUST-10172,App,COD,0,5
ORD-100864,2024-12-08,2243,2,Delivered,South,Home,FC-8,CUST-10098,Marketplace,COD,0,4
ORD-100865,2024-12-08,767,1,Pending,North,Apparel,FC-4,CUST-10033,Web,UPI,0,
ORD-100866,2024-12-08,3947,5,Delivered,North,Apparel,FC-1,CUST-10270,Marketplace,Card,0,2
ORD-100867,2024-12-08,2198,2,Delivered,East,Home,FC-6,CUST-10158,Marketplace,Card,0,3
ORD-100868,2024-12-08,777,1,Shipped,East,Apparel,FC-7,CUST-10079,App,UPI,0,
ORD-100869,2024-12-08,968,2,Delivered,North,Apparel,FC-2,CUST-10068,Web,COD,55,4
ORD-100870,2024-12-08,2464,3,Delivered,West,Apparel,FC-6,CUST-10069,App,COD,221,3
ORD-100871,2024-12-08,681,1,Delivered,North,Apparel,FC-1,CUST-10069,Web,UPI,0,3
ORD-100872,2024-12-08,341,1,Delivered,West,Beauty,FC-6,CUST-10271,Web,Card,0,3
ORD-100873,2024-12-08,2837,1,Delivered,South,Electronics,FC-3,CUST-10014,Web,COD,0,3
ORD-100874,2024-12-08,995,2,Cancelled,West,Beauty,FC-7,CUST-10075,App,Wallet,0,
ORD-100875,2024-12-08,442,1,Delivered,North,Beauty,FC-3,CUST-10272,Marketplace,COD,0,3
ORD-100876,2024-12-08,698,1,Cancelled,West,Apparel,FC-1,CUST-10273,App,Card,73,
ORD-100877,2024-12-08,455,1,Delivered,East,Beauty,FC-2,CUST-10274,App,COD,0,5
ORD-100878,2024-12-08,917,1,Delivered,East,Home,FC-4,CUST-10085,App,Card,0,5
ORD-100879,2024-12-08,182,1,Delivered,North,Grocery,FC-1,CUST-10035,App,Card,18,2
ORD-100880,2024-12-08,450,2,Delivered,South,Grocery,FC-4,CUST-10091,Web,UPI,32,4
ORD-100881,2024-12-08,1186,4,Delivered,South,Beauty,FC-1,CUST-10275,App,Card,0,3
ORD-100882,2024-12-08,2527,3,Delivered,West,Apparel,FC-6,CUST-10158,Web,UPI,0,3
ORD-100883,2024-12-08,643,2,Delivered,East,Beauty,FC-7,CUST-10262,Web,UPI,0,5
ORD-100884,2024-12-09,856,1,Delivered,East,Apparel,FC-8,CUST-10276,Web,UPI,0,5
ORD-100885,2024-12-09,490,1,Delivered,North,Beauty,FC-8,CUST-10270,Web,Wallet,53,4
ORD-100886,2024-12-09,880,3,Delivered,North,Grocery,FC-1,CUST-10017,App,Wallet,0,4
ORD-100887,2024-12-09,2376,2,Returned,North,Home,FC-2,CUST-10165,App,UPI,0,4
ORD-100888,2024-12-09,1281,2,Returned,West,Apparel,FC-1,CUST-10245,Web,Card,0,3
ORD-100889,2024-12-09,418,2,Delivered,South,Grocery,FC-1,CUST-10277,Web,Wallet,0,1
ORD-100890,2024-12-09,3613,4,Delivered,East,Apparel,FC-2,CUST-10158,Web,Card,0,4
ORD-100891,2024-12-09,2028,2,Delivered,South,Home,FC-4,CUST-10024,Web,Wallet,203,3
ORD-100892,2024-12-09,2737,4,Returned,South,Home,FC-7,CUST-10270,App,UPI,154,3
ORD-100893,2024-12-09,1602,2,Delivered,North,Home,FC-6,CUST-10278,Web,COD,118,2
ORD-100894,2024-12-09,307,1,Delivered,East,Beauty,FC-1,CUST-10139,App,COD,0,3
ORD-100895,2024-12-09,380,1,Delivered,South,Beauty,FC-5,CUST-10165,App,Card,0,4
ORD-100896,2024-12-09,852,1,Cancelled,South,Apparel,FC-4,CUST-10035,App,UPI,0,
ORD-100897,2024-12-09,1283,2,Delivered,East,Apparel,FC-3,CUST-10279,Web,COD,0,5
ORD-100898,2024-12-09,574,1,Returned,East,Apparel,FC-2,CUST-10068,Web,UPI,0,3
ORD-100899,2024-12-09,3629,4,Delivered,West,Apparel,FC-8,CUST-10280,App,UPI,0,4
ORD-100900,2024-12-09,635,1,Pending,West,Apparel,FC-6,CUST-10207,App,COD,0,
ORD-100901,2024-12-09,4912,4,Returned,West,Home,FC-1,CUST-10165,App,COD,0,3
ORD-100902,2024-12-09,6086,2,Delivered,East,Electronics,FC-2,CUST-10003,Web,COD,0,4
ORD-100903,2024-12-09,1368,2,Returned,West,Home,FC-6,CUST-10155,App,Card,0,4
ORD-100904,2024-12-09,385,2,Delivered,East,Grocery,FC-6,CUST-10281,Web,UPI,0,4
ORD-100905,2024-12-09,502,3,Delivered,North,Grocery,FC-4,CUST-10029,Marketplace,Card,32,4
ORD-100906,2024-12-09,671,3,Delivered,North,Grocery,FC-4,CUST-10085,App,Card,54,4
ORD-100907,2024-12-09,988,3,Returned,South,Beauty,FC-2,CUST-10202,App,UPI,0,2
ORD-100908,2024-12-09,2170,4,Delivered,East,Apparel,FC-1,CUST-10282,Web,COD,0,4
ORD-100909,2024-12-09,705,1,Delivered,South,Apparel,FC-1,CUST-10069,Marketplace,UPI,0,3
ORD-100910,2024-12-09,920,2,Delivered,North,Apparel,FC-4,CUST-10089,Marketplace,COD,66,5
ORD-100911,2024-12-09,1198,4,Delivered,West,Grocery,FC-7,CUST-10059,App,UPI,0,4
ORD-100912,2024-12-09,1315,2,Delivered,West,Apparel,FC-5,CUST-10283,App,COD,0,3
ORD-100913,2024-12-09,1068,1,Delivered,West,Home,FC-6,CUST-10247,Web,UPI,0,3
ORD-100914,2024-12-09,998,2,Delivered,West,Apparel,FC-1,CUST-10027,Marketplace,UPI,0,4
ORD-100915,2024-12-09,1517,2,Delivered,South,Apparel,FC-7,CUST-10166,Web,Card,0,3
ORD-100916,2024-12-09,783,1,Delivered,East,Apparel,FC-6,CUST-10284,App,COD,0,3
ORD-100917,2024-12-09,2028,2,Delivered,North,Home,FC-1,CUST-10013,Marketplace,COD,0,2
ORD-100918,2024-12-09,3274,1,Delivered,West,Electronics,FC-2,CUST-10080,App,COD,0,3
ORD-100919,2024-12-09,614,2,Delivered,West,Grocery,FC-7,CUST-10178,App,COD,0,3
ORD-100920,2024-12-09,557,2,Delivered,East,Grocery,FC-5,CUST-10243,App,UPI,0,4
ORD-100921,2024-12-09,941,1,Delivered,North,Home,FC-8,CUST-10224,Marketplace,COD,0,5
ORD-100922,2024-12-09,1200,2,Delivered,North,Apparel,FC-3,CUST-10153,App,UPI,72,4
ORD-100923,2024-12-09,10113,4,Delivered,South,Electronics,FC-7,CUST-10285,Marketplace,UPI,0,3
ORD-100924,2024-12-09,203,1,Delivered,South,Grocery,FC-5,CUST-10286,App,COD,22,2
ORD-100925,2024-12-09,733,1,Delivered,South,Home,FC-3,CUST-10287,Web,Card,0,2
ORD-100926,2024-12-09,1162,4,Cancelled,South,Grocery,FC-3,CUST-10258,Web,COD,0,
ORD-100927,2024-12-09,991,2,Delivered,North,Beauty,FC-8,CUST-10129,Marketplace,Wallet,73,4
ORD-100928,2024-12-09,4624,2,Delivered,South,Electronics,FC-6,CUST-10288,Web,UPI,0,3
ORD-100929,2024-12-09,765,4,Delivered,North,Grocery,FC-2,CUST-10019,Web,COD,0,4
ORD-100930,2024-12-09,2327,1,Delivered,East,Electronics,FC-1,CUST-10270,Web,Card,0,3
ORD-100931,2024-12-09,456,1,Returned,East,Apparel,FC-5,CUST-10289,Marketplace,UPI,47,3
ORD-100932,2024-12-09,205,1,Shipped,South,Grocery,FC-6,CUST-10137,Web,COD,0,
ORD-100933,2024-12-09,9810,3,Returned,East,Electronics,FC-3,CUST-10243,Web,UPI,0,3
ORD-100934,2024-12-09,2113,2,Delivered,East,Home,FC-8,CUST-10290,Web,UPI,0,6
ORD-100935,2024-12-09,573,3,Delivered,West,Grocery,FC-4,CUST-10189,Web,Card,0,5
ORD-100936,2024-12-09,13002,5,Delivered,West,Electronics,FC-8,CUST-10125,Web,COD,0,3
ORD-100937,2024-12-09,1979,2,Delivered,West,Home,FC-5,CUST-10058,App,UPI,0,3
ORD-100938,2024-12-09,11202,5,Delivered,West,Electronics,FC-5,CUST-10019,App,Card,0,3
ORD-100939,2024-12-09,6489,2,Delivered,South,Electronics,FC-1,CUST-10100,App,Card,0,2
ORD-100940,2024-12-09,688,1,Delivered,East,Apparel,FC-6,CUST-10169,Web,Card,0,3
ORD-100941,2024-12-09,9226,3,Returned,North,Electronics,FC-5,CUST-10291,App,COD,0,4
ORD-100942,2024-12-09,1145,3,Delivered,South,Beauty,FC-7,CUST-10054,App,UPI,121,3
ORD-100943,2024-12-09,4003,4,Returned,North,Home,FC-6,CUST-10070,App,COD,0,4
ORD-100944,2024-12-09,869,3,Delivered,East,Grocery,FC-1,CUST-10292,Web,Wallet,0,3
ORD-100945,2024-12-09,1706,3,Returned,West,Apparel,FC-6,CUST-10089,App,UPI,0,2
ORD-100946,2024-12-09,11419,4,Delivered,East,Electronics,FC-1,CUST-10127,Web,UPI,0,5
ORD-100947,2024-12-09,782,1,Delivered,West,Home,FC-4,CUST-10280,Marketplace,COD,0,4
ORD-100948,2024-12-09,493,1,Delivered,East,Beauty,FC-1,CUST-10072,Marketplace,UPI,40,3
ORD-100949,2024-12-09,1061,1,Returned,West,Home,FC-3,CUST-10226,App,UPI,0,4
ORD-100950,2024-12-09,795,1,Delivered,West,Apparel,FC-1,CUST-10214,App,UPI,0,3
ORD-100951,2024-12-09,2628,1,Delivered,West,Electronics,FC-2,CUST-10262,App,UPI,0,4
ORD-100952,2024-12-09,585,1,Delivered,North,Apparel,FC-1,CUST-10293,Web,Wallet,0,3
ORD-100953,2024-12-09,343,2,Delivered,North,Grocery,FC-1,CUST-10146,Marketplace,Card,38,4
ORD-100954,2024-12-09,2889,4,Delivered,East,Apparel,FC-4,CUST-10294,Web,Wallet,0,4
ORD-100955,2024-12-09,2620,4,Delivered,West,Apparel,FC-2,CUST-10089,App,COD,0,4
ORD-100956,2024-12-09,7796,3,Delivered,East,Electronics,FC-8,CUST-10152,Web,Card,0,4
ORD-100957,2024-12-09,683,3,Delivered,East,Grocery,FC-4,CUST-10165,Web,Card,0,5
ORD-100958,2024-12-09,2960,1,Delivered,East,Electronics,FC-2,CUST-10049,Marketplace,Card,0,3
ORD-100959,2024-12-09,473,1,Delivered,West,Beauty,FC-8,CUST-10295,App,Card,27,3
ORD-100960,2024-12-09,215,1,Delivered,East,Grocery,FC-5,CUST-10098,App,COD,0,4
ORD-100961,2024-12-09,1512,3,Delivered,East,Beauty,FC-8,CUST-10057,Web,Card,117,5
ORD-100962,2024-12-09,3800,5,Delivered,South,Apparel,FC-8,CUST-10252,App,Card,0,2
ORD-100963,2024-12-09,815,2,Delivered,North,Beauty,FC-2,CUST-10172,Web,COD,65,2
ORD-100964,2024-12-09,629,3,Delivered,South,Grocery,FC-8,CUST-10296,Web,COD,0,3
ORD-100965,2024-12-09,3753,4,Delivered,North,Home,FC-6,CUST-10247,App,COD,409,3
ORD-100966,2024-12-09,948,1,Delivered,East,Home,FC-2,CUST-10071,Web,UPI,62,3
ORD-100967,2024-12-09,14109,5,Cancelled,South,Electronics,FC-1,CUST-10089,App,UPI,0,
ORD-100968,2024-12-09,412,2,Cancelled,West,Grocery,FC-6,CUST-10297,App,Wallet,0,
ORD-100969,2024-12-09,2507,1,Cancelled,East,Electronics,FC-5,CUST-10003,Marketplace,COD,0,
ORD-100970,2024-12-09,469,1,Delivered,South,Beauty,FC-8,CUST-10065,Marketplace,UPI,0,4
ORD-100971,2024-12-09,3093,4,Delivered,North,Home,FC-2,CUST-10173,Web,UPI,202,4
ORD-100972,2024-12-09,2343,2,Delivered,East,Home,FC-8,CUST-10184,App,Wallet,0,5
ORD-100973,2024-12-09,829,3,Delivered,South,Grocery,FC-3,CUST-10132,App,Card,0,3
ORD-100974,2024-12-09,3365,1,Pending,West,Electronics,FC-8,CUST-10298,Marketplace,Wallet,0,
ORD-100975,2024-12-09,1673,3,Delivered,West,Apparel,FC-1,CUST-10299,Marketplace,UPI,113,3
ORD-100976,2024-12-09,464,2,Delivered,South,Grocery,FC-4,CUST-10175,Web,COD,0,3
ORD-100977,2024-12-09,8964,3,Delivered,North,Electronics,FC-6,CUST-10300,Web,COD,688,3
ORD-100978,2024-12-09,630,3,Delivered,West,Grocery,FC-8,CUST-10004,App,UPI,0,4
ORD-100979,2024-12-09,528,1,Delivered,North,Apparel,FC-2,CUST-10059,Web,COD,0,2
ORD-100980,2024-12-09,4113,5,Delivered,East,Home,FC-4,CUST-10301,App,Card,0,4
ORD-100981,2024-12-09,2998,3,Returned,North,Home,FC-6,CUST-10263,Marketplace,Card,0,3
ORD-100982,2024-12-09,614,2,Delivered,North,Grocery,FC-6,CUST-10196,App,Card,0,3
ORD-100983,2024-12-09,2383,3,Delivered,West,Home,FC-6,CUST-10302,Web,Card,0,3
ORD-100984,2024-12-09,2666,3,Shipped,East,Apparel,FC-5,CUST-10089,App,Card,0,
ORD-100985,2024-12-09,1015,1,Delivered,West,Home,FC-2,CUST-10276,Web,UPI,0,3
ORD-100986,2024-12-09,3253,1,Delivered,North,Electronics,FC-5,CUST-10303,App,UPI,0,4
ORD-100987,2024-12-09,397,1,Delivered,East,Beauty,FC-1,CUST-10141,App,UPI,33,3
ORD-100988,2024-12-09,2345,3,Delivered,North,Home,FC-7,CUST-10095,Marketplace,COD,0,4
ORD-100989,2024-12-09,868,1,Delivered,West,Home,FC-4,CUST-10056,App,UPI,82,5
ORD-100990,2024-12-09,3259,4,Delivered,South,Apparel,FC-7,CUST-10045,App,COD,0,2
ORD-100991,2024-12-09,2537,3,Delivered,West,Apparel,FC-7,CUST-10304,App,UPI,0,3
ORD-100992,2024-12-09,246,1,Returned,North,Grocery,FC-8,CUST-10065,App,Card,0,3
ORD-100993,2024-12-09,2028,3,Cancelled,East,Apparel,FC-5,CUST-10137,App,Card,0,
ORD-100994,2024-12-09,1051,2,Delivered,South,Beauty,FC-5,CUST-10065,App,UPI,0,3
ORD-100995,2024-12-09,2837,4,Delivered,East,Apparel,FC-2,CUST-10126,Marketplace,COD,0,4
ORD-100996,2024-12-09,1413,2,Returned,West,Apparel,FC-2,CUST-10305,Web,UPI,95,2
ORD-100997,2024-12-10,1250,2,Pending,South,Home,FC-1,CUST-10172,Marketplace,Wallet,121,
ORD-100998,2024-12-10,417,1,Delivered,West,Beauty,FC-3,CUST-10306,Web,COD,0,2
ORD-100999,2024-12-10,2386,2,Delivered,South,Home,FC-4,CUST-10120,App,COD,0,4
ORD-101000,2024-12-10,204,1,Delivered,North,Grocery,FC-7,CUST-10095,App,COD,0,4
ORD-101001,2024-12-10,1268,5,Delivered,East,Grocery,FC-8,CUST-10307,App,UPI,105,5
ORD-101002,2024-12-10,1996,4,Delivered,North,Beauty,FC-2,CUST-10308,Marketplace,Card,145,4
ORD-101003,2024-12-10,2558,4,Delivered,South,Apparel,FC-7,CUST-10183,Marketplace,UPI,0,2
ORD-101004,2024-12-10,10766,4,Delivered,South,Electronics,FC-1,CUST-10309,App,Card,0,2
ORD-101005,2024-12-10,663,4,Delivered,East,Grocery,FC-5,CUST-10119,App,Wallet,72,4
ORD-101006,2024-12-10,715,4,Delivered,East,Grocery,FC-3,CUST-10106,Web,COD,0,5
ORD-101007,2024-12-10,859,4,Delivered,South,Grocery,FC-4,CUST-10038,App,COD,0,4
ORD-101008,2024-12-10,381,1,Returned,West,Beauty,FC-8,CUST-10231,App,COD,26,4
ORD-101009,2024-12-10,903,1,Delivered,East,Home,FC-5,CUST-10183,App,COD,71,3
ORD-101010,2024-12-10,1742,2,Delivered,West,Home,FC-2,CUST-10248,Web,COD,0,3
ORD-101011,2024-12-10,1611,2,Delivered,North,Apparel,FC-4,CUST-10310,App,Wallet,0,5
ORD-101012,2024-12-10,1439,4,Delivered,South,Beauty,FC-7,CUST-10226,Web,UPI,0,4
ORD-101013,2024-12-10,962,1,Delivered,South,Home,FC-2,CUST-10173,App,Card,0,4
ORD-101014,2024-12-10,2873,4,Delivered,West,Apparel,FC-4,CUST-10311,Web,UPI,0,4
ORD-101015,2024-12-10,2169,1,Delivered,North,Electronics,FC-4,CUST-10301,App,UPI,0,5
ORD-101016,2024-12-10,2524,1,Delivered,East,Electronics,FC-4,CUST-10118,Web,COD,0,5
ORD-101017,2024-12-10,3483,2,Delivered,North,Electronics,FC-4,CUST-10131,App,UPI,223,4
ORD-101018,2024-12-10,662,1,Delivered,West,Apparel,FC-6,CUST-10312,App,COD,0,4
ORD-101019,2024-12-10,557,1,Delivered,North,Apparel,FC-3,CUST-10260,Marketplace,Card,43,5
ORD-101020,2024-12-10,13380,4,Delivered,South,Electronics,FC-3,CUST-10120,Web,COD,0,3
ORD-101021,2024-12-10,284,1,Delivered,East,Grocery,FC-1,CUST-10265,App,Card,20,4
ORD-101022,2024-12-10,5453,2,Delivered,West,Electronics,FC-8,CUST-10313,Marketplace,UPI,0,4
ORD-101023,2024-12-10,4030,4,Delivered,North,Home,FC-3,CUST-10170,Web,COD,231,5
ORD-101024,2024-12-10,2143,3,Delivered,North,Apparel,FC-5,CUST-10011,App,UPI,0,4
ORD-101025,2024-12-10,3506,3,Delivered,East,Home,FC-2,CUST-10212,App,UPI,0,5
ORD-101026,2024-12-10,248,1,Delivered,North,Grocery,FC-1,CUST-10045,Marketplace,UPI,0,3
ORD-101027,2024-12-10,2195,4,Delivered,West,Apparel,FC-5,CUST-10293,App,UPI,233,4
ORD-101028,2024-12-10,5254,2,Delivered,North,Electronics,FC-1,CUST-10079,Web,Card,378,3
ORD-101029,2024-12-10,2462,1,Delivered,South,Electronics,FC-2,CUST-10314,App,Card,150,3
ORD-101030,2024-12-10,1060,1,Delivered,West,Home,FC-6,CUST-10265,Marketplace,Card,0,2
ORD-101031,2024-12-10,870,3,Delivered,North,Grocery,FC-8,CUST-10200,App,Card,0,4
ORD-101032,2024-12-10,1094,5,Delivered,West,Grocery,FC-1,CUST-10315,Marketplace,Card,0,3
ORD-101033,2024-12-10,646,2,Delivered,North,Beauty,FC-1,CUST-10273,Web,UPI,53,4
ORD-101034,2024-12-10,2066,4,Delivered,East,Beauty,FC-2,CUST-10174,Marketplace,UPI,0,4
ORD-101035,2024-12-10,675,1,Delivered,South,Apparel,FC-4,CUST-10070,App,UPI,74,3
ORD-101036,2024-12-10,1438,2,Delivered,West,Apparel,FC-3,CUST-10044,Marketplace,Card,0,3
ORD-101037,2024-12-10,1018,2,Delivered,East,Beauty,FC-6,CUST-10238,App,Wallet,0,3
ORD-101038,2024-12-10,1695,5,Returned,East,Beauty,FC-4,CUST-10012,Marketplace,COD,183,5
ORD-101039,2024-12-10,15774,5,Delivered,East,Electronics,FC-8,CUST-10037,App,UPI,1028,5
ORD-101040,2024-12-10,3489,3,Delivered,East,Home,FC-8,CUST-10316,Web,UPI,0,4
ORD-101041,2024-12-10,1251,3,Delivered,West,Beauty,FC-7,CUST-10317,Marketplace,COD,0,3
ORD-101042,2024-12-10,513,2,Cancelled,East,Grocery,FC-4,CUST-10041,App,Wallet,0,
ORD-101043,2024-12-10,539,2,Delivered,North,Grocery,FC-4,CUST-10318,App,UPI,0,5
ORD-101044,2024-12-10,2406,4,Delivered,North,Apparel,FC-6,CUST-10319,Marketplace,UPI,0,4
ORD-101045,2024-12-10,343,2,Delivered,West,Grocery,FC-6,CUST-10137,Web,UPI,0,3
ORD-101046,2024-12-10,282,1,Delivered,North,Grocery,FC-1,CUST-10145,Web,Card,0,4
ORD-101047,2024-12-10,2113,4,Delivered,East,Beauty,FC-4,CUST-10173,Web,COD,0,6
ORD-101048,2024-12-10,4182,5,Delivered,East,Apparel,FC-8,CUST-10320,Marketplace,COD,230,3
ORD-101049,2024-12-10,8533,3,Delivered,North,Electronics,FC-1,CUST-10206,Web,COD,0,2
ORD-101050,2024-12-10,3287,1,Delivered,North,Electronics,FC-8,CUST-10248,App,UPI,0,4
ORD-101051,2024-12-10,1553,2,Returned,West,Home,FC-2,CUST-10321,Web,Wallet,99,2
ORD-101052,2024-12-10,296,1,Delivered,East,Grocery,FC-1,CUST-10322,App,Card,0,3
ORD-101053,2024-12-10,2965,1,Delivered,South,Electronics,FC-2,CUST-10281,Marketplace,COD,0,2
ORD-101054,2024-12-10,2517,3,Delivered,West,Home,FC-5,CUST-10323,Marketplace,COD,228,2
ORD-101055,2024-12-10,733,4,Cancelled,West,Grocery,FC-5,CUST-10324,App,COD,0,
ORD-101056,2024-12-10,2802,4,Delivered,South,Apparel,FC-2,CUST-10325,Marketplace,UPI,0,4
ORD-101057,2024-12-10,1075,5,Returned,North,Grocery,FC-4,CUST-10005,App,Wallet,0,5
ORD-101058,2024-12-10,223,1,Delivered,South,Grocery,FC-5,CUST-10089,App,Card,0,3
ORD-101059,2024-12-10,6039,5,Cancelled,West,Home,FC-5,CUST-10058,App,Wallet,0,
ORD-101060,2024-12-10,985,2,Delivered,West,Beauty,FC-5,CUST-10326,App,Card,0,3
ORD-101061,2024-12-10,4362,5,Delivered,East,Apparel,FC-8,CUST-10327,Marketplace,UPI,0,4
ORD-101062,2024-12-10,268,1,Delivered,East,Grocery,FC-5,CUST-10108,Web,UPI,16,3
ORD-101063,2024-12-10,871,1,Delivered,North,Home,FC-2,CUST-10223,Marketplace,COD,76,4
ORD-101064,2024-12-10,862,1,Returned,North,Apparel,FC-7,CUST-10292,Web,Card,0,3
ORD-101065,2024-12-10,765,1,Delivered,East,Apparel,FC-7,CUST-10069,Web,Wallet,0,4
ORD-101066,2024-12-10,2379,3,Delivered,North,Apparel,FC-4,CUST-10173,Web,UPI,0,5
ORD-101067,2024-12-10,4233,5,Delivered,East,Apparel,FC-2,CUST-10011,Web,COD,0,3
ORD-101068,2024-12-10,486,1,Delivered,South,Beauty,FC-1,CUST-10133,Marketplace,Wallet,43,2
ORD-101069,2024-12-10,2323,1,Delivered,South,Electronics,FC-5,CUST-10007,Web,Card,0,2
ORD-101070,2024-12-10,1512,2,Cancelled,East,Home,FC-6,CUST-10087,Marketplace,Card,143,
ORD-101071,2024-12-10,406,1,Delivered,North,Beauty,FC-7,CUST-10328,Web,Card,0,3
ORD-101072,2024-12-10,285,1,Delivered,West,Grocery,FC-3,CUST-10329,Marketplace,UPI,0,3
ORD-101073,2024-12-10,899,1,Delivered,East,Home,FC-7,CUST-10135,App,COD,0,4
ORD-101074,2024-12-10,3705,2,Delivered,West,Electronics,FC-7,CUST-10317,Web,UPI,0,5
ORD-101075,2024-12-10,869,5,Delivered,South,Grocery,FC-6,CUST-10330,Web,UPI,0,2
ORD-101076,2024-12-10,7404,4,Shipped,North,Electronics,FC-6,CUST-10252,App,COD,403,
ORD-101077,2024-12-10,1950,1,Delivered,West,Electronics,FC-4,CUST-10331,Web,COD,0,3
ORD-101078,2024-12-10,4636,2,Delivered,South,Electronics,FC-5,CUST-10069,Web,Card,513,2
ORD-101079,2024-12-10,488,1,Delivered,South,Beauty,FC-3,CUST-10332,App,UPI,38,2
ORD-101080,2024-12-10,9327,3,Returned,West,Electronics,FC-3,CUST-10333,Web,COD,648,2
ORD-101081,2024-12-10,4603,2,Delivered,West,Electronics,FC-2,CUST-10276,Web,COD,0,2
ORD-101082,2024-12-10,1776,2,Cancelled,South,Home,FC-4,CUST-10074,Web,COD,0,
ORD-101083,2024-12-10,1643,2,Delivered,North,Apparel,FC-2,CUST-10133,Web,UPI,0,3
ORD-101084,2024-12-10,410,2,Delivered,West,Grocery,FC-3,CUST-10334,App,COD,30,4
ORD-101085,2024-12-10,474,1,Delivered,North,Beauty,FC-2,CUST-10335,App,COD,26,2
ORD-101086,2024-12-10,805,2,Delivered,East,Beauty,FC-1,CUST-10287,Web,UPI,0,4
ORD-101087,2024-12-10,1175,3,Delivered,East,Beauty,FC-4,CUST-10289,Web,UPI,0,6
ORD-101088,2024-12-10,5648,2,Delivered,North,Electronics,FC-7,CUST-10336,Marketplace,UPI,314,5
ORD-101089,2024-12-10,766,1,Delivered,West,Apparel,FC-5,CUST-10337,App,UPI,0,3
ORD-101090,2024-12-10,1035,1,Delivered,South,Home,FC-2,CUST-10066,Web,UPI,65,3
ORD-101091,2024-12-10,1065,2,Delivered,West,Apparel,FC-6,CUST-10147,App,UPI,0,2
ORD-101092,2024-12-10,685,3,Delivered,West,Grocery,FC-2,CUST-10338,Marketplace,Card,63,3
ORD-101093,2024-12-10,5642,3,Delivered,East,Electronics,FC-2,CUST-10149,Marketplace,COD,0,4
ORD-101094,2024-12-10,8888,3,Delivered,South,Electronics,FC-2,CUST-10135,Web,Card,0,2
ORD-101095,2024-12-11,12545,4,Delivered,East,Electronics,FC-2,CUST-10172,Web,UPI,0,4
ORD-101096,2024-12-11,869,2,Delivered,North,Beauty,FC-4,CUST-10339,Web,Wallet,0,4
ORD-101097,2024-12-11,2025,3,Delivered,North,Home,FC-7,CUST-10340,App,COD,155,4
ORD-101098,2024-12-11,5318,2,Cancelled,East,Electronics,FC-2,CUST-10151,Web,COD,0,
ORD-101099,2024-12-11,651,1,Delivered,South,Apparel,FC-3,CUST-10341,App,UPI,58,2
ORD-101100,2024-12-11,490,2,Delivered,North,Grocery,FC-8,CUST-10286,Web,COD,35,4
ORD-101101,2024-12-11,704,1,Returned,East,Home,FC-5,CUST-10243,App,COD,73,5
ORD-101102,2024-12-11,2104,2,Cancelled,West,Home,FC-3,CUST-10288,Web,COD,0,
ORD-101103,2024-12-11,7693,4,Delivered,East,Electronics,FC-5,CUST-10314,App,Card,0,4
ORD-101104,2024-12-11,3480,5,Delivered,West,Apparel,FC-1,CUST-10342,App,UPI,0,4
ORD-101105,2024-12-11,447,2,Delivered,South,Grocery,FC-2,CUST-10204,App,UPI,0,4
ORD-101106,2024-12-11,1972,2,Delivered,West,Home,FC-7,CUST-10151,App,Card,188,3
ORD-101107,2024-12-11,448,2,Returned,West,Grocery,FC-7,CUST-10288,App,Wallet,32,2
ORD-101108,2024-12-11,624,3,Delivered,West,Grocery,FC-1,CUST-10017,Marketplace,UPI,0,3
ORD-101109,2024-12-11,2580,3,Delivered,North,Apparel,FC-6,CUST-10037,Marketplace,Card,0,3
ORD-101110,2024-12-11,2916,3,Delivered,West,Home,FC-8,CUST-10302,Web,Card,0,3
ORD-101111,2024-12-11,2338,2,Delivered,West,Home,FC-7,CUST-10343,Web,Wallet,0,3
ORD-101112,2024-12-11,4523,2,Delivered,South,Electronics,FC-3,CUST-10072,App,Wallet,0,4
ORD-101113,2024-12-11,720,1,Delivered,East,Apparel,FC-2,CUST-10344,Web,COD,0,3
ORD-101114,2024-12-11,279,1,Delivered,North,Grocery,FC-3,CUST-10217,App,UPI,0,3
ORD-101115,2024-12-11,689,4,Cancelled,East,Grocery,FC-5,CUST-10055,App,Wallet,0,
ORD-101116,2024-12-11,172,1,Delivered,North,Grocery,FC-5,CUST-10106,App,UPI,0,4
ORD-101117,2024-12-11,522,2,Delivered,West,Grocery,FC-4,CUST-10210,Web,UPI,0,5
ORD-101118,2024-12-11,249,1,Delivered,South,Grocery,FC-5,CUST-10167,Marketplace,UPI,0,2
ORD-101119,2024-12-11,278,1,Delivered,North,Grocery,FC-6,CUST-10340,Web,COD,19,4
ORD-101120,2024-12-11,919,4,Delivered,East,Grocery,FC-4,CUST-10141,Web,Wallet,0,4
ORD-101121,2024-12-11,347,2,Delivered,West,Grocery,FC-2,CUST-10345,Marketplace,Card,0,4
ORD-101122,2024-12-11,755,2,Delivered,North,Beauty,FC-4,CUST-10123,Web,Wallet,0,5
ORD-101123,2024-12-11,3583,3,Returned,South,Home,FC-6,CUST-10223,App,UPI,0,2
ORD-101124,2024-12-11,3367,3,Delivered,South,Home,FC-4,CUST-10057,Marketplace,Card,0,4
ORD-101125,2024-12-11,1502,2,Delivered,East,Apparel,FC-6,CUST-10346,App,Card,0,5
ORD-101126,2024-12-11,3015,4,Delivered,East,Apparel,FC-3,CUST-10347,Web,Wallet,0,5
ORD-101127,2024-12-11,2502,3,Delivered,North,Home,FC-5,CUST-10288,Web,COD,0,2
ORD-101128,2024-12-11,885,3,Cancelled,South,Grocery,FC-4,CUST-10163,Web,UPI,0,
ORD-101129,2024-12-11,715,1,Delivered,West,Apparel,FC-1,CUST-10274,App,UPI,0,3
ORD-101130,2024-12-11,870,1,Delivered,West,Home,FC-8,CUST-10309,App,Wallet,0,4
ORD-101131,2024-12-11,486,1,Delivered,East,Beauty,FC-1,CUST-10152,App,UPI,44,5
ORD-101132,2024-12-11,813,2,Returned,South,Beauty,FC-2,CUST-10060,App,Card,62,3
ORD-101133,2024-12-11,2343,4,Delivered,East,Apparel,FC-4,CUST-10348,App,Card,0,5
ORD-101134,2024-12-11,7921,3,Delivered,South,Electronics,FC-1,CUST-10318,Web,COD,0,3
ORD-101135,2024-12-11,620,2,Delivered,West,Grocery,FC-5,CUST-10240,App,UPI,0,2
ORD-101136,2024-12-11,549,1,Returned,South,Apparel,FC-2,CUST-10270,Web,Card,0,4
ORD-101137,2024-12-11,1644,2,Delivered,West,Apparel,FC-2,CUST-10308,Web,UPI,134,3
ORD-101138,2024-12-11,252,1,Delivered,North,Grocery,FC-7,CUST-10349,Web,UPI,16,3
ORD-101139,2024-12-11,366,2,Delivered,East,Grocery,FC-3,CUST-10350,App,COD,0,4
ORD-101140,2024-12-11,700,1,Delivered,South,Home,FC-7,CUST-10027,App,UPI,0,4
ORD-101141,2024-12-11,686,1,Delivered,North,Home,FC-7,CUST-10351,App,COD,0,3
ORD-101142,2024-12-11,805,1,Delivered,West,Apparel,FC-3,CUST-10270,Web,UPI,0,2
ORD-101143,2024-12-11,615,1,Returned,East,Apparel,FC-3,CUST-10331,Web,COD,39,4
ORD-101144,2024-12-11,9833,3,Delivered,North,Electronics,FC-8,CUST-10322,Marketplace,COD,0,3
ORD-101145,2024-12-11,2565,3,Delivered,West,Home,FC-8,CUST-10352,App,UPI,0,4
ORD-101146,2024-12-11,3309,1,Delivered,South,Electronics,FC-3,CUST-10353,Web,UPI,0,3
ORD-101147,2024-12-11,347,1,Delivered,East,Beauty,FC-1,CUST-10354,App,UPI,19,3
ORD-101148,2024-12-11,5584,3,Delivered,North,Electronics,FC-4,CUST-10126,Marketplace,UPI,405,4
ORD-101149,2024-12-11,229,1,Delivered,South,Grocery,FC-4,CUST-10180,Web,COD,0,3
ORD-101150,2024-12-11,1015,1,Delivered,South,Home,FC-5,CUST-10059,Marketplace,Wallet,0,2
ORD-101151,2024-12-11,496,2,Delivered,North,Grocery,FC-5,CUST-10317,App,COD,0,4
ORD-101152,2024-12-11,1027,2,Delivered,East,Beauty,FC-1,CUST-10355,Web,UPI,0,4
ORD-101153,2024-12-11,983,2,Delivered,North,Beauty,FC-5,CUST-10017,App,COD,82,4
ORD-101154,2024-12-11,1453,2,Cancelled,West,Apparel,FC-1,CUST-10288,Web,UPI,0,
ORD-101155,2024-12-11,384,1,Delivered,West,Beauty,FC-2,CUST-10356,Web,UPI,0,3
ORD-101156,2024-12-11,1728,1,Delivered,West,Electronics,FC-7,CUST-10336,Web,Card,140,4
ORD-101157,2024-12-11,1902,4,Delivered,South,Beauty,FC-6,CUST-10357,Web,Card,0,2
ORD-101158,2024-12-11,2153,3,Delivered,West,Apparel,FC-3,CUST-10358,Web,Card,229,3
ORD-101159,2024-12-11,656,2,Delivered,North,Beauty,FC-2,CUST-10195,Web,Card,50,4
ORD-101160,2024-12-11,1583,5,Delivered,East,Beauty,FC-3,CUST-10086,Marketplace,COD,0,5
ORD-101161,2024-12-11,4992,2,Delivered,North,Electronics,FC-7,CUST-10346,Web,UPI,0,5
ORD-101162,2024-12-11,960,1,Delivered,South,Home,FC-3,CUST-10112,Marketplace,Card,0,3
ORD-101163,2024-12-11,864,1,Delivered,South,Home,FC-2,CUST-10294,Marketplace,UPI,51,2
ORD-101164,2024-12-11,602,3,Delivered,West,Grocery,FC-7,CUST-10263,Marketplace,Wallet,0,4
ORD-101165,2024-12-11,1800,4,Delivered,West,Beauty,FC-5,CUST-10189,Web,UPI,168,4
ORD-101166,2024-12-11,1128,1,Returned,South,Home,FC-1,CUST-10311,Marketplace,COD,0,3
ORD-101167,2024-12-11,2228,5,Delivered,West,Beauty,FC-7,CUST-10359,App,UPI,0,4
ORD-101168,2024-12-11,3889,4,Delivered,South,Home,FC-3,CUST-10235,App,Card,0,3
ORD-101169,2024-12-11,1813,1,Returned,East,Electronics,FC-8,CUST-10360,App,Card,151,5
ORD-101170,2024-12-11,390,2,Delivered,South,Grocery,FC-8,CUST-10069,App,Card,35,4
ORD-101171,2024-12-11,276,1,Delivered,West,Grocery,FC-6,CUST-10261,App,UPI,29,4
ORD-101172,2024-12-11,261,1,Delivered,West,Grocery,FC-2,CUST-10361,Web,COD,0,3
ORD-101173,2024-12-11,2796,1,Pending,West,Electronics,FC-6,CUST-10066,App,Card,0,
ORD-101174,2024-12-11,488,2,Delivered,East,Grocery,FC-5,CUST-10213,App,Card,47,5
ORD-101175,2024-12-11,1407,2,Delivered,West,Apparel,FC-6,CUST-10011,App,COD,0,3
ORD-101176,2024-12-11,587,2,Delivered,East,Grocery,FC-6,CUST-10362,Marketplace,COD,0,4
ORD-101177,2024-12-11,1131,1,Delivered,North,Home,FC-7,CUST-10363,Web,UPI,0,4
ORD-101178,2024-12-11,8648,3,Pending,West,Electronics,FC-1,CUST-10262,Web,COD,873,
ORD-101179,2024-12-11,2303,1,Delivered,West,Electronics,FC-8,CUST-10364,Web,Card,0,3
ORD-101180,2024-12-11,923,1,Cancelled,North,Home,FC-5,CUST-10365,App,COD,0,
ORD-101181,2024-12-11,3796,2,Delivered,South,Electronics,FC-4,CUST-10247,Web,Card,306,4
ORD-101182,2024-12-11,170,1,Pending,East,Grocery,FC-8,CUST-10163,Web,UPI,17,
ORD-101183,2024-12-11,10382,4,Delivered,East,Electronics,FC-2,CUST-10180,App,COD,0,5
ORD-101184,2024-12-11,1606,3,Delivered,North,Beauty,FC-8,CUST-10012,App,COD,0,5
ORD-101185,2024-12-11,958,2,Delivered,West,Beauty,FC-5,CUST-10317,App,COD,0,3
ORD-101186,2024-12-12,2064,3,Delivered,South,Apparel,FC-4,CUST-10060,Web,COD,148,4
ORD-101187,2024-12-12,241,1,Cancelled,West,Grocery,FC-8,CUST-10366,Web,Card,0,
ORD-101188,2024-12-12,555,2,Delivered,South,Grocery,FC-4,CUST-10003,App,UPI,0,3
ORD-101189,2024-12-12,587,1,Delivered,South,Apparel,FC-8,CUST-10016,App,UPI,0,3
ORD-101190,2024-12-12,698,3,Delivered,West,Grocery,FC-8,CUST-10265,Web,UPI,0,4
ORD-101191,2024-12-12,523,3,Delivered,West,Grocery,FC-7,CUST-10367,Marketplace,COD,0,3
ORD-101192,2024-12-12,4973,5,Delivered,South,Home,FC-3,CUST-10368,App,Card,0,3
ORD-101193,2024-12-12,1008,1,Delivered,West,Home,FC-8,CUST-10367,App,COD,0,3
ORD-101194,2024-12-12,566,1,Delivered,South,Apparel,FC-7,CUST-10089,Web,COD,0,3
ORD-101195,2024-12-12,902,1,Returned,East,Apparel,FC-8,CUST-10362,Web,Card,0,5
ORD-101196,2024-12-12,5687,2,Delivered,South,Electronics,FC-7,CUST-10070,Marketplace,UPI,0,3
ORD-101197,2024-12-12,2257,1,Delivered,North,Electronics,FC-2,CUST-10369,App,UPI,0,4
ORD-101198,2024-12-12,931,2,Delivered,North,Beauty,FC-3,CUST-10017,Web,COD,0,4
ORD-101199,2024-12-12,3341,4,Delivered,West,Apparel,FC-1,CUST-10370,Web,Card,0,2
ORD-101200,2024-12-12,2803,3,Delivered,South,Home,FC-8,CUST-10371,Web,COD,0,3
ORD-101201,2024-12-12,364,2,Shipped,West,Grocery,FC-5,CUST-10372,App,Card,31,
ORD-101202,2024-12-12,11503,4,Cancelled,East,Electronics,FC-3,CUST-10373,Marketplace,UPI,692,
ORD-101203,2024-12-12,426,1,Returned,West,Beauty,FC-4,CUST-10374,Web,UPI,0,3
ORD-101204,2024-12-12,196,1,Delivered,North,Grocery,FC-8,CUST-10117,Web,COD,0,3
ORD-101205,2024-12-12,1029,1,Delivered,West,Home,FC-3,CUST-10375,Web,UPI,0,4
ORD-101206,2024-12-12,572,3,Cancelled,North,Grocery,FC-8,CUST-10232,Marketplace,Card,59,
ORD-101207,2024-12-12,710,1,Delivered,North,Home,FC-3,CUST-10363,Web,COD,0,3
ORD-101208,2024-12-12,2763,1,Delivered,North,Electronics,FC-7,CUST-10344,Web,UPI,0,3
ORD-101209,2024-12-12,924,1,Delivered,West,Home,FC-4,CUST-10276,Web,Wallet,0,3
ORD-101210,2024-12-12,12801,4,Returned,South,Electronics,FC-3,CUST-10376,App,COD,0,3
ORD-101211,2024-12-12,3163,4,Delivered,East,Home,FC-6,CUST-10347,App,UPI,0,3
ORD-101212,2024-12-12,1080,2,Delivered,South,Apparel,FC-6,CUST-10377,Web,UPI,63,3
ORD-101213,2024-12-12,738,3,Delivered,East,Grocery,FC-8,CUST-10069,Web,COD,0,4
ORD-101214,2024-12-12,179,1,Delivered,South,Grocery,FC-2,CUST-10362,Web,COD,16,3
ORD-101215,2024-12-12,1133,4,Delivered,East,Grocery,FC-5,CUST-10378,Web,COD,0,4
ORD-101216,2024-12-12,2206,3,Delivered,North,Home,FC-3,CUST-10379,Web,Card,0,4
ORD-101217,2024-12-12,1102,1,Pending,North,Home,FC-5,CUST-10129,App,Card,0,
ORD-101218,2024-12-12,731,2,Cancelled,South,Beauty,FC-6,CUST-10380,App,Wallet,0,
ORD-101219,2024-12-12,894,1,Delivered,North,Apparel,FC-1,CUST-10120,App,UPI,0,2
ORD-101220,2024-12-12,532,1,Delivered,East,Apparel,FC-4,CUST-10381,App,COD,0,5
ORD-101221,2024-12-12,1034,1,Delivered,West,Home,FC-8,CUST-10158,Web,Card,67,4
ORD-101222,2024-12-12,264,1,Delivered,West,Grocery,FC-2,CUST-10108,Marketplace,COD,21,3
ORD-101223,2024-12-12,6533,3,Shipped,South,Electronics,FC-6,CUST-10382,Web,Wallet,0,
ORD-101224,2024-12-12,2423,1,Delivered,West,Electronics,FC-7,CUST-10131,Marketplace,UPI,155,4
ORD-101225,2024-12-12,1982,2,Delivered,South,Home,FC-8,CUST-10383,Web,UPI,0,3
ORD-101226,2024-12-12,376,1,Delivered,North,Beauty,FC-6,CUST-10384,Marketplace,Card,30,3
ORD-101227,2024-12-12,4450,2,Delivered,North,Electronics,FC-2,CUST-10012,Marketplace,Card,0,2
ORD-101228,2024-12-12,2106,1,Delivered,North,Electronics,FC-2,CUST-10385,Web,UPI,173,4
ORD-101229,2024-12-12,430,1,Delivered,North,Beauty,FC-7,CUST-10322,App,Card,36,4
ORD-101230,2024-12-12,1156,1,Delivered,East,Home,FC-4,CUST-10386,Web,UPI,0,5
ORD-101231,2024-12-12,2535,4,Shipped,East,Apparel,FC-5,CUST-10269,Web,COD,0,
ORD-101232,2024-12-12,9425,5,Delivered,South,Electronics,FC-7,CUST-10387,Marketplace,COD,0,3
ORD-101233,2024-12-12,1141,4,Cancelled,East,Grocery,FC-1,CUST-10075,App,Wallet,0,
ORD-101234,2024-12-12,924,3,Delivered,East,Grocery,FC-8,CUST-10388,App,Card,0,3
ORD-101235,2024-12-12,682,2,Delivered,East,Beauty,FC-6,CUST-10270,App,Wallet,0,3
ORD-101236,2024-12-12,2852,3,Delivered,North,Home,FC-5,CUST-10045,App,UPI,0,2
ORD-101237,2024-12-12,2933,1,Delivered,South,Electronics,FC-3,CUST-10068,Marketplace,COD,259,4
ORD-101238,2024-12-12,3607,4,Delivered,West,Home,FC-8,CUST-10066,Web,COD,191,3
ORD-101239,2024-12-12,515,2,Delivered,South,Grocery,FC-8,CUST-10066,App,COD,0,3
ORD-101240,2024-12-12,5065,2,Delivered,South,Electronics,FC-1,CUST-10125,Marketplace,Wallet,320,3
ORD-101241,2024-12-12,3305,1,Delivered,West,Electronics,FC-6,CUST-10389,App,UPI,0,3
ORD-101242,2024-12-12,829,2,Delivered,South,Beauty,FC-2,CUST-10102,Marketplace,Card,0,3
ORD-101243,2024-12-12,3172,3,Delivered,East,Home,FC-2,CUST-10386,Web,COD,0,3
ORD-101244,2024-12-12,678,1,Delivered,South,Apparel,FC-2,CUST-10381,Web,Card,0,2
ORD-101245,2024-12-12,359,2,Delivered,East,Grocery,FC-8,CUST-10058,Marketplace,UPI,29,3
ORD-101246,2024-12-12,893,1,Delivered,North,Home,FC-7,CUST-10309,Marketplace,Card,54,5
ORD-101247,2024-12-12,8354,4,Delivered,South,Electronics,FC-8,CUST-10184,Web,UPI,536,4
ORD-101248,2024-12-12,3463,4,Pending,South,Home,FC-6,CUST-10045,Web,UPI,0,
ORD-101249,2024-12-12,2080,2,Delivered,North,Home,FC-4,CUST-10078,App,UPI,133,5
ORD-101250,2024-12-12,3208,1,Delivered,East,Electronics,FC-8,CUST-10223,App,UPI,0,5
ORD-101251,2024-12-12,779,2,Delivered,South,Beauty,FC-2,CUST-10390,App,Card,79,3
ORD-101252,2024-12-12,434,1,Delivered,East,Beauty,FC-3,CUST-10037,App,Wallet,0,5
ORD-101253,2024-12-12,1439,2,Delivered,East,Apparel,FC-5,CUST-10361,Web,COD,139,4
ORD-101254,2024-12-12,2057,1,Delivered,South,Electronics,FC-7,CUST-10373,Web,Card,0,3
ORD-101255,2024-12-12,1930,1,Delivered,North,Electronics,FC-3,CUST-10391,App,COD,201,3
ORD-101256,2024-12-12,1885,2,Delivered,West,Home,FC-1,CUST-10089,App,Wallet,0,3
ORD-101257,2024-12-12,1013,1,Delivered,North,Home,FC-3,CUST-10058,Marketplace,UPI,106,5
ORD-101258,2024-12-12,395,2,Shipped,West,Grocery,FC-8,CUST-10327,App,Card,0,
ORD-101259,2024-12-12,1461,4,Delivered,East,Beauty,FC-6,CUST-10247,Marketplace,COD,0,3
ORD-101260,2024-12-12,716,1,Delivered,East,Home,FC-4,CUST-10288,Web,COD,0,6
ORD-101261,2024-12-12,9435,4,Delivered,North,Electronics,FC-5,CUST-10111,Web,UPI,921,4
ORD-101262,2024-12-12,4257,4,Delivered,West,Home,FC-1,CUST-10131,Web,COD,0,4
ORD-101263,2024-12-12,5068,2,Delivered,North,Electronics,FC-8,CUST-10286,Web,UPI,482,3
ORD-101264,2024-12-12,2890,1,Delivered,West,Electronics,FC-4,CUST-10195,Marketplace,Card,181,3
ORD-101265,2024-12-12,204,1,Delivered,South,Grocery,FC-7,CUST-10070,Web,Card,0,2
ORD-101266,2024-12-12,4386,4,Delivered,South,Home,FC-3,CUST-10199,App,Card,0,3
ORD-101267,2024-12-12,750,2,Delivered,South,Beauty,FC-4,CUST-10112,Marketplace,UPI,74,4
ORD-101268,2024-12-12,3127,4,Delivered,West,Home,FC-1,CUST-10322,Web,UPI,0,2
ORD-101269,2024-12-12,829,2,Delivered,East,Beauty,FC-1,CUST-10108,App,Wallet,0,4
ORD-101270,2024-12-12,3652,5,Delivered,South,Home,FC-1,CUST-10392,App,COD,0,2
ORD-101271,2024-12-12,1612,2,Delivered,South,Apparel,FC-7,CUST-10393,Web,UPI,0,3
ORD-101272,2024-12-12,766,1,Delivered,West,Home,FC-7,CUST-10339,App,COD,69,3
ORD-101273,2024-12-12,4640,2,Delivered,East,Electronics,FC-2,CUST-10164,App,UPI,0,4
ORD-101274,2024-12-12,7054,3,Cancelled,West,Electronics,FC-7,CUST-10394,App,Wallet,0,
ORD-101275,2024-12-12,9723,3,Delivered,East,Electronics,FC-2,CUST-10395,App,Card,0,5
ORD-101276,2024-12-12,286,1,Delivered,South,Grocery,FC-8,CUST-10396,App,UPI,0,3
ORD-101277,2024-12-12,1840,4,Returned,South,Beauty,FC-6,CUST-10152,App,COD,159,2
ORD-101278,2024-12-12,494,2,Delivered,East,Grocery,FC-6,CUST-10136,Web,Card,0,4
ORD-101279,2024-12-12,2641,1,Delivered,West,Electronics,FC-5,CUST-10397,Marketplace,UPI,0,3
ORD-101280,2024-12-12,5996,2,Returned,South,Electronics,FC-5,CUST-10396,Web,Card,0,3
ORD-101281,2024-12-12,2096,2,Returned,North,Home,FC-7,CUST-10165,Web,UPI,161,4
ORD-101282,2024-12-12,5626,2,Delivered,South,Electronics,FC-6,CUST-10161,App,COD,0,4
ORD-101283,2024-12-12,2676,3,Delivered,West,Home,FC-4,CUST-10179,App,UPI,205,3
ORD-101284,2024-12-12,1550,2,Delivered,North,Apparel,FC-4,CUST-10398,Marketplace,UPI,141,5
ORD-101285,2024-12-12,2165,1,Delivered,West,Electronics,FC-7,CUST-10066,App,Wallet,0,2
ORD-101286,2024-12-12,5763,5,Delivered,South,Home,FC-5,CUST-10332,App,UPI,0,2
ORD-101287,2024-12-12,207,1,Delivered,South,Grocery,FC-6,CUST-10272,Web,COD,0,2
ORD-101288,2024-12-12,289,1,Delivered,South,Grocery,FC-3,CUST-10014,Web,Card,0,4
ORD-101289,2024-12-12,283,1,Delivered,East,Grocery,FC-6,CUST-10161,App,UPI,28,3
ORD-101290,2024-12-12,318,2,Delivered,East,Grocery,FC-4,CUST-10389,App,COD,27,6
ORD-101291,2024-12-12,5582,2,Shipped,West,Electronics,FC-4,CUST-10399,Marketplace,UPI,614,
ORD-101292,2024-12-12,303,1,Delivered,North,Grocery,FC-1,CUST-10196,App,COD,0,3
ORD-101293,2024-12-12,305,1,Delivered,West,Grocery,FC-2,CUST-10314,Marketplace,UPI,0,3
ORD-101294,2024-12-12,7598,4,Delivered,East,Electronics,FC-5,CUST-10033,App,UPI,0,3
ORD-101295,2024-12-12,2682,4,Delivered,North,Apparel,FC-8,CUST-10247,App,UPI,0,5
ORD-101296,2024-12-12,226,1,Delivered,West,Grocery,FC-4,CUST-10061,Web,UPI,14,5
ORD-101297,2024-12-12,692,3,Shipped,South,Grocery,FC-6,CUST-10151,Marketplace,Card,0,
ORD-101298,2024-12-12,2061,4,Delivered,South,Beauty,FC-4,CUST-10205,App,Card,0,4
ORD-101299,2024-12-12,3021,5,Delivered,East,Apparel,FC-8,CUST-10085,App,UPI,0,4
ORD-101300,2024-12-12,13471,4,Delivered,East,Electronics,FC-1,CUST-10400,App,Card,0,4
ORD-101301,2024-12-12,664,3,Delivered,South,Grocery,FC-7,CUST-10145,App,Wallet,58,4
ORD-101302,2024-12-12,571,2,Delivered,East,Grocery,FC-3,CUST-10379,Web,UPI,47,5
ORD-101303,2024-12-12,4620,4,Delivered,North,Home,FC-8,CUST-10401,App,Card,0,4
ORD-101304,2024-12-12,541,1,Delivered,South,Apparel,FC-1,CUST-10231,Marketplace,UPI,0,2
ORD-101305,2024-12-12,1956,1,Delivered,South,Electronics,FC-5,CUST-10054,App,COD,0,4
ORD-101306,2024-12-12,440,1,Delivered,East,Beauty,FC-1,CUST-10394,Marketplace,Card,0,4
ORD-101307,2024-12-12,5266,2,Cancelled,South,Electronics,FC-4,CUST-10402,Web,UPI,0,
ORD-101308,2024-12-12,1277,2,Delivered,West,Apparel,FC-4,CUST-10082,Web,UPI,0,4
ORD-101309,2024-12-12,10890,4,Delivered,North,Electronics,FC-6,CUST-10403,App,Card,0,3
ORD-101310,2024-12-13,2174,2,Delivered,North,Home,FC-5,CUST-10404,App,Card,0,4
ORD-101311,2024-12-13,839,4,Delivered,East,Grocery,FC-1,CUST-10270,App,Card,0,4
ORD-101312,2024-12-13,681,4,Shipped,East,Grocery,FC-8,CUST-10003,Web,Card,0,
ORD-101313,2024-12-13,3704,2,Delivered,West,Electronics,FC-3,CUST-10027,Web,Card,323,4
ORD-101314,2024-12-13,647,2,Delivered,South,Beauty,FC-1,CUST-10317,Web,UPI,0,2
ORD-101315,2024-12-13,4360,4,Delivered,East,Home,FC-1,CUST-10367,Web,Wallet,0,4
ORD-101316,2024-12-13,2193,1,Delivered,West,Electronics,FC-6,CUST-10405,Web,UPI,0,3
ORD-101317,2024-12-13,409,1,Delivered,North,Beauty,FC-5,CUST-10044,App,Card,42,3
ORD-101318,2024-12-13,1368,2,Delivered,East,Home,FC-6,CUST-10036,Web,COD,0,4
ORD-101319,2024-12-13,3219,1,Cancelled,South,Electronics,FC-5,CUST-10406,App,Wallet,0,
ORD-101320,2024-12-13,371,2,Returned,East,Grocery,FC-3,CUST-10407,App,Card,0,5
ORD-101321,2024-12-13,860,1,Returned,East,Apparel,FC-7,CUST-10408,Marketplace,UPI,0,5
ORD-101322,2024-12-13,732,4,Delivered,West,Grocery,FC-7,CUST-10199,Web,COD,61,3
ORD-101323,2024-12-13,489,1,Delivered,East,Beauty,FC-4,CUST-10012,App,COD,0,4
ORD-101324,2024-12-13,2984,1,Delivered,East,Electronics,FC-6,CUST-10247,App,Card,0,4
ORD-101325,2024-12-13,1556,5,Delivered,East,Grocery,FC-4,CUST-10173,App,Wallet,0,5
ORD-101326,2024-12-13,5208,2,Delivered,East,Electronics,FC-2,CUST-10311,Marketplace,UPI,472,4
ORD-101327,2024-12-13,1735,2,Delivered,West,Home,FC-2,CUST-10059,Web,Card,0,3
ORD-101328,2024-12-13,721,1,Delivered,East,Apparel,FC-1,CUST-10292,Marketplace,COD,0,3
ORD-101329,2024-12-13,820,3,Delivered,South,Grocery,FC-3,CUST-10079,Web,Wallet,0,2
ORD-101330,2024-12-13,438,1,Cancelled,East,Beauty,FC-3,CUST-10022,Marketplace,Card,34,
ORD-101331,2024-12-13,417,2,Returned,North,Grocery,FC-6,CUST-10120,App,COD,41,3
ORD-101332,2024-12-13,2410,1,Delivered,East,Electronics,FC-3,CUST-10220,App,COD,0,4
ORD-101333,2024-12-13,626,1,Delivered,East,Apparel,FC-7,CUST-10306,App,Wallet,0,5
ORD-101334,2024-12-13,871,2,Delivered,North,Beauty,FC-1,CUST-10409,Web,Card,0,2
ORD-101335,2024-12-13,765,1,Delivered,South,Home,FC-5,CUST-10410,App,UPI,0,2
ORD-101336,2024-12-13,1198,1,Delivered,North,Home,FC-5,CUST-10014,Marketplace,UPI,0,4
ORD-101337,2024-12-13,15887,5,Cancelled,East,Electronics,FC-8,CUST-10095,Web,UPI,0,
ORD-101338,2024-12-13,1561,2,Delivered,South,Apparel,FC-6,CUST-10408,Web,UPI,0,2
ORD-101339,2024-12-13,3804,4,Delivered,South,Home,FC-4,CUST-10131,Web,COD,343,4
ORD-101340,2024-12-13,2681,5,Shipped,South,Beauty,FC-8,CUST-10377,App,Card,0,
ORD-101341,2024-12-13,1297,5,Delivered,North,Grocery,FC-4,CUST-10046,App,Card,0,4
ORD-101342,2024-12-13,638,2,Delivered,South,Beauty,FC-8,CUST-10378,Web,Wallet,0,4
ORD-101343,2024-12-13,644,3,Delivered,East,Grocery,FC-8,CUST-10255,Marketplace,COD,64,4
ORD-101344,2024-12-13,985,1,Delivered,South,Home,FC-1,CUST-10027,Web,Card,0,3
ORD-101345,2024-12-13,974,2,Cancelled,East,Beauty,FC-2,CUST-10411,Web,Card,77,
ORD-101346,2024-12-13,2827,1,Returned,West,Electronics,FC-4,CUST-10069,Marketplace,Card,266,5
ORD-101347,2024-12-13,821,1,Delivered,East,Home,FC-5,CUST-10295,Web,COD,59,4
ORD-101348,2024-12-13,3047,1,Delivered,East,Electronics,FC-3,CUST-10329,Web,Wallet,0,5
ORD-101349,2024-12-13,3412,2,Delivered,South,Electronics,FC-4,CUST-10412,Marketplace,COD,257,5
ORD-101350,2024-12-13,170,1,Delivered,West,Grocery,FC-5,CUST-10323,Web,Card,0,4
ORD-101351,2024-12-13,635,1,Delivered,East,Apparel,FC-8,CUST-10403,Web,Card,51,4
ORD-101352,2024-12-13,8830,4,Delivered,North,Electronics,FC-6,CUST-10413,App,UPI,0,4
ORD-101353,2024-12-13,1149,4,Delivered,West,Grocery,FC-8,CUST-10414,Web,Card,0,5
ORD-101354,2024-12-13,3120,1,Delivered,North,Electronics,FC-2,CUST-10309,App,Wallet,0,3
ORD-101355,2024-12-13,1845,2,Returned,South,Home,FC-4,CUST-10160,Web,UPI,175,4
ORD-101356,2024-12-13,278,1,Shipped,East,Grocery,FC-1,CUST-10152,Marketplace,COD,0,
ORD-101357,2024-12-13,1190,4,Delivered,West,Grocery,FC-5,CUST-10226,Web,UPI,0,2
ORD-101358,2024-12-13,4369,5,Delivered,East,Apparel,FC-8,CUST-10310,App,Wallet,0,4
ORD-101359,2024-12-13,534,2,Delivered,South,Grocery,FC-1,CUST-10305,App,COD,0,2
ORD-101360,2024-12-13,1119,3,Delivered,North,Beauty,FC-2,CUST-10415,App,UPI,0,4
ORD-101361,2024-12-13,327,2,Delivered,North,Grocery,FC-8,CUST-10194,Web,COD,35,5
ORD-101362,2024-12-13,8586,3,Delivered,East,Electronics,FC-3,CUST-10416,Web,Card,728,5
ORD-101363,2024-12-13,1600,3,Returned,West,Beauty,FC-3,CUST-10417,Web,COD,0,2
ORD-101364,2024-12-13,1746,3,Delivered,East,Apparel,FC-3,CUST-10301,App,COD,0,4
ORD-101365,2024-12-13,1937,2,Cancelled,North,Home,FC-2,CUST-10066,App,UPI,0,
ORD-101366,2024-12-13,1088,2,Delivered,South,Beauty,FC-8,CUST-10004,Web,COD,0,2
ORD-101367,2024-12-13,461,1,Delivered,North,Beauty,FC-8,CUST-10327,App,Wallet,0,4
ORD-101368,2024-12-13,1695,2,Delivered,West,Home,FC-3,CUST-10418,Web,Wallet,0,3
ORD-101369,2024-12-13,3889,5,Returned,East,Apparel,FC-3,CUST-10356,Marketplace,UPI,0,4
ORD-101370,2024-12-13,2264,3,Delivered,West,Apparel,FC-7,CUST-10419,Marketplace,UPI,176,4
ORD-101371,2024-12-13,1908,3,Delivered,North,Apparel,FC-1,CUST-10361,Web,Card,175,2
ORD-101372,2024-12-13,1260,2,Returned,South,Apparel,FC-5,CUST-10420,App,UPI,0,2
ORD-101373,2024-12-13,5339,2,Cancelled,West,Electronics,FC-5,CUST-10108,Web,UPI,0,
ORD-101374,2024-12-13,414,1,Delivered,North,Beauty,FC-1,CUST-10421,App,Wallet,0,3
ORD-101375,2024-12-13,9719,4,Cancelled,East,Electronics,FC-6,CUST-10010,App,UPI,554,
ORD-101376,2024-12-13,2969,1,Returned,West,Electronics,FC-6,CUST-10173,Web,UPI,0,3
ORD-101377,2024-12-13,2930,4,Delivered,South,Apparel,FC-7,CUST-10226,Web,UPI,0,3
ORD-101378,2024-12-13,2222,1,Delivered,North,Electronics,FC-5,CUST-10422,Web,Card,0,3
ORD-101379,2024-12-13,376,2,Delivered,North,Grocery,FC-1,CUST-10075,Marketplace,COD,0,4
ORD-101380,2024-12-13,370,1,Returned,East,Beauty,FC-5,CUST-10423,App,Card,0,3
ORD-101381,2024-12-13,14074,5,Returned,East,Electronics,FC-8,CUST-10027,Marketplace,Card,0,6
ORD-101382,2024-12-13,590,2,Delivered,East,Beauty,FC-2,CUST-10424,Web,COD,0,3
ORD-101383,2024-12-13,702,2,Delivered,South,Beauty,FC-8,CUST-10163,Web,Card,0,2
ORD-101384,2024-12-13,1575,2,Returned,South,Home,FC-4,CUST-10046,App,COD,0,3
ORD-101385,2024-12-13,998,1,Delivered,East,Home,FC-3,CUST-10408,Web,COD,0,4
ORD-101386,2024-12-13,2468,1,Delivered,South,Electronics,FC-8,CUST-10014,Marketplace,COD,0,3
ORD-101387,2024-12-13,699,2,Delivered,West,Beauty,FC-7,CUST-10009,App,UPI,0,4
ORD-101388,2024-12-13,5595,3,Delivered,East,Electronics,FC-5,CUST-10082,App,UPI,0,4
ORD-101389,2024-12-13,1030,1,Delivered,East,Home,FC-5,CUST-10348,App,Wallet,0,4
ORD-101390,2024-12-13,701,1,Delivered,East,Apparel,FC-5,CUST-10055,Marketplace,COD,40,4
ORD-101391,2024-12-13,5850,2,Delivered,North,Electronics,FC-2,CUST-10098,App,UPI,0,3
ORD-101392,2024-12-13,2525,1,Delivered,East,Electronics,FC-2,CUST-10422,Web,Wallet,0,4
ORD-101393,2024-12-13,1538,3,Delivered,East,Beauty,FC-6,CUST-10072,Marketplace,UPI,87,3
ORD-101394,2024-12-13,806,2,Returned,West,Beauty,FC-1,CUST-10408,Web,UPI,75,4
ORD-101395,2024-12-13,2449,3,Delivered,East,Apparel,FC-2,CUST-10425,Web,UPI,0,4
ORD-101396,2024-12-13,808,1,Delivered,West,Home,FC-6,CUST-10355,Web,UPI,0,2
ORD-101397,2024-12-13,458,3,Delivered,West,Grocery,FC-5,CUST-10426,App,Wallet,48,4
ORD-101398,2024-12-13,8321,3,Delivered,North,Electronics,FC-8,CUST-10427,App,Wallet,512,3
ORD-101399,2024-12-13,181,1,Delivered,North,Grocery,FC-6,CUST-10428,Marketplace,COD,0,4
ORD-101400,2024-12-13,616,1,Delivered,North,Apparel,FC-2,CUST-10098,Marketplace,UPI,0,2
ORD-101401,2024-12-13,16861,5,Delivered,South,Electronics,FC-5,CUST-10085,Marketplace,COD,0,4
ORD-101402,2024-12-13,841,4,Delivered,North,Grocery,FC-8,CUST-10145,Web,UPI,83,4
ORD-101403,2024-12-13,784,1,Delivered,East,Home,FC-5,CUST-10223,Marketplace,UPI,0,3
ORD-101404,2024-12-13,915,2,Delivered,South,Beauty,FC-2,CUST-10429,App,Card,0,2
ORD-101405,2024-12-13,866,1,Returned,South,Apparel,FC-1,CUST-10430,Marketplace,Card,0,2
ORD-101406,2024-12-13,1052,2,Delivered,North,Apparel,FC-2,CUST-10080,Web,Card,0,3
ORD-101407,2024-12-13,1203,2,Delivered,South,Apparel,FC-8,CUST-10356,Web,UPI,0,4
ORD-101408,2024-12-13,2193,1,Delivered,North,Electronics,FC-3,CUST-10431,Web,Card,126,3
ORD-101409,2024-12-13,472,1,Delivered,North,Apparel,FC-7,CUST-10344,Web,UPI,25,3
ORD-101410,2024-12-13,2737,5,Delivered,West,Apparel,FC-2,CUST-10226,Web,UPI,0,3
ORD-101411,2024-12-13,637,1,Delivered,North,Apparel,FC-1,CUST-10377,Marketplace,Card,0,4
ORD-101412,2024-12-13,295,1,Delivered,North,Beauty,FC-4,CUST-10261,App,COD,0,4
ORD-101413,2024-12-13,424,2,Delivered,East,Grocery,FC-5,CUST-10349,Marketplace,Wallet,46,4
ORD-101414,2024-12-13,1558,3,Delivered,West,Beauty,FC-2,CUST-10175,Web,Wallet,0,2
ORD-101415,2024-12-13,975,1,Delivered,South,Home,FC-5,CUST-10384,App,Wallet,0,3
ORD-101416,2024-12-13,3670,2,Delivered,South,Electronics,FC-7,CUST-10066,App,Wallet,356,4
ORD-101417,2024-12-13,2532,3,Delivered,West,Home,FC-6,CUST-10432,App,COD,239,3
ORD-101418,2024-12-13,386,1,Delivered,West,Beauty,FC-4,CUST-10282,Web,UPI,0,4
ORD-101419,2024-12-13,2745,5,Delivered,North,Apparel,FC-4,CUST-10071,Web,UPI,296,4
ORD-101420,2024-12-13,455,1,Delivered,North,Beauty,FC-8,CUST-10433,Marketplace,COD,48,3
ORD-101421,2024-12-13,1002,1,Delivered,West,Home,FC-7,CUST-10158,App,UPI,0,4
ORD-101422,2024-12-13,2189,2,Delivered,East,Home,FC-1,CUST-10196,Marketplace,UPI,0,3
ORD-101423,2024-12-13,1385,5,Delivered,East,Grocery,FC-8,CUST-10193,App,UPI,0,4
ORD-101424,2024-12-13,7599,3,Delivered,South,Electronics,FC-1,CUST-10434,Marketplace,UPI,462,3
ORD-101425,2024-12-13,2565,4,Delivered,West,Apparel,FC-8,CUST-10435,Web,UPI,0,3
ORD-101426,2024-12-13,3358,4,Delivered,North,Home,FC-1,CUST-10012,App,Card,0,3
ORD-101427,2024-12-13,3175,1,Delivered,East,Electronics,FC-6,CUST-10370,Web,Card,0,4
ORD-101428,2024-12-13,824,1,Delivered,North,Apparel,FC-7,CUST-10436,App,UPI,0,3
ORD-101429,2024-12-13,866,1,Delivered,West,Home,FC-6,CUST-10152,Marketplace,Card,0,2
ORD-101430,2024-12-13,1073,4,Returned,North,Grocery,FC-7,CUST-10437,Web,UPI,0,4
ORD-101431,2024-12-13,2337,2,Delivered,South,Home,FC-1,CUST-10071,Web,Card,0,2
ORD-101432,2024-12-13,1764,2,Delivered,South,Home,FC-7,CUST-10291,App,UPI,169,3
ORD-101433,2024-12-13,2689,3,Delivered,South,Apparel,FC-2,CUST-10340,App,Card,0,3
ORD-101434,2024-12-13,1206,4,Delivered,East,Grocery,FC-6,CUST-10035,App,UPI,0,4
ORD-101435,2024-12-14,10609,4,Delivered,East,Electronics,FC-5,CUST-10060,App,Card,970,5
ORD-101436,2024-12-14,3184,1,Cancelled,North,Electronics,FC-6,CUST-10435,Marketplace,COD,195,
ORD-101437,2024-12-14,1611,3,Delivered,East,Apparel,FC-1,CUST-10213,Marketplace,Wallet,0,4
ORD-101438,2024-12-14,3497,4,Delivered,North,Home,FC-6,CUST-10438,App,UPI,0,3
ORD-101439,2024-12-14,1593,3,Returned,South,Apparel,FC-8,CUST-10365,Web,UPI,108,3
ORD-101440,2024-12-14,1851,3,Delivered,East,Apparel,FC-8,CUST-10282,App,COD,0,4
ORD-101441,2024-12-14,597,1,Returned,East,Apparel,FC-1,CUST-10283,App,COD,39,3
ORD-101442,2024-12-14,712,2,Delivered,South,Beauty,FC-3,CUST-10371,Marketplace,UPI,0,2
ORD-101443,2024-12-14,9383,3,Delivered,South,Electronics,FC-4,CUST-10439,Web,Wallet,0,4
ORD-101444,2024-12-14,3272,5,Delivered,North,Apparel,FC-6,CUST-10440,Web,Card,0,4
ORD-101445,2024-12-14,211,1,Cancelled,East,Grocery,FC-1,CUST-10127,Web,UPI,0,
ORD-101446,2024-12-14,1537,4,Delivered,North,Beauty,FC-8,CUST-10410,Web,COD,0,4
ORD-101447,2024-12-14,495,2,Delivered,West,Grocery,FC-5,CUST-10441,App,Card,0,4
ORD-101448,2024-12-14,679,1,Delivered,South,Apparel,FC-3,CUST-10136,Web,UPI,0,2
ORD-101449,2024-12-14,473,1,Delivered,West,Beauty,FC-8,CUST-10061,Web,Wallet,0,4
ORD-101450,2024-12-14,1690,4,Cancelled,East,Beauty,FC-8,CUST-10089,Web,UPI,0,
ORD-101451,2024-12-14,1875,1,Cancelled,South,Electronics,FC-4,CUST-10428,App,COD,194,
ORD-101452,2024-12-14,433,1,Returned,East,Beauty,FC-4,CUST-10357,App,Card,0,5
ORD-101453,2024-12-14,1506,2,Delivered,North,Home,FC-2,CUST-10442,Marketplace,UPI,112,4
ORD-101454,2024-12-14,2226,2,Delivered,South,Home,FC-6,CUST-10131,Web,UPI,0,2
ORD-101455,2024-12-14,721,1,Delivered,East,Apparel,FC-7,CUST-10443,Web,UPI,0,5
ORD-101456,2024-12-14,1413,2,Cancelled,East,Apparel,FC-6,CUST-10155,Web,UPI,0,
ORD-101457,2024-12-14,4465,2,Delivered,North,Electronics,FC-6,CUST-10306,Web,UPI,0,3
ORD-101458,2024-12-14,3449,5,Cancelled,East,Apparel,FC-5,CUST-10294,App,UPI,0,
ORD-101459,2024-12-14,698,1,Returned,North,Home,FC-4,CUST-10145,Web,UPI,0,4
ORD-101460,2024-12-14,12040,4,Delivered,West,Electronics,FC-1,CUST-10173,Marketplace,Wallet,0,2
ORD-101461,2024-12-14,4918,2,Delivered,North,Electronics,FC-3,CUST-10377,Web,Card,0,4
ORD-101462,2024-12-14,541,2,Delivered,East,Grocery,FC-5,CUST-10024,Web,Card,0,3
ORD-101463,2024-12-14,849,1,Pending,West,Apparel,FC-7,CUST-10444,App,UPI,62,
ORD-101464,2024-12-14,11900,4,Delivered,North,Electronics,FC-5,CUST-10265,Marketplace,COD,924,4
ORD-101465,2024-12-14,597,3,Delivered,North,Grocery,FC-5,CUST-10445,Web,COD,62,2
ORD-101466,2024-12-14,529,1,Delivered,North,Apparel,FC-7,CUST-10446,Web,Card,0,4
ORD-101467,2024-12-14,1000,4,Delivered,West,Grocery,FC-1,CUST-10077,Marketplace,Card,0,3
ORD-101468,2024-12-14,417,1,Cancelled,East,Beauty,FC-7,CUST-10442,Web,Card,0,
ORD-101469,2024-12-14,5597,2,Delivered,North,Electronics,FC-2,CUST-10270,Web,Wallet,0,2
ORD-101470,2024-12-14,9571,5,Delivered,West,Electronics,FC-2,CUST-10041,Web,Wallet,711,4
ORD-101471,2024-12-14,9522,5,Returned,West,Electronics,FC-3,CUST-10137,App,UPI,0,3
ORD-101472,2024-12-14,9947,5,Pending,South,Electronics,FC-4,CUST-10340,Web,COD,794,
ORD-101473,2024-12-14,13985,5,Delivered,West,Electronics,FC-7,CUST-10320,Marketplace,UPI,0,3
ORD-101474,2024-12-14,3651,3,Delivered,North,Home,FC-1,CUST-10009,Web,UPI,0,3
ORD-101475,2024-12-14,2199,3,Returned,South,Home,FC-8,CUST-10259,App,UPI,147,4
ORD-101476,2024-12-14,691,1,Delivered,North,Apparel,FC-7,CUST-10066,App,UPI,0,3
ORD-101477,2024-12-14,2321,1,Cancelled,East,Electronics,FC-7,CUST-10011,Web,Wallet,0,
ORD-101478,2024-12-14,1166,3,Delivered,North,Beauty,FC-6,CUST-10402,Marketplace,UPI,0,3
ORD-101479,2024-12-14,1162,2,Delivered,North,Apparel,FC-2,CUST-10403,Marketplace,Wallet,0,3
ORD-101480,2024-12-14,899,1,Delivered,East,Home,FC-4,CUST-10158,Marketplace,Wallet,0,4
ORD-101481,2024-12-14,3027,1,Delivered,East,Electronics,FC-4,CUST-10447,Marketplace,UPI,252,5
ORD-101482,2024-12-14,6939,4,Delivered,North,Electronics,FC-1,CUST-10177,App,COD,492,4
ORD-101483,2024-12-14,2920,1,Returned,West,Electronics,FC-3,CUST-10263,Marketplace,COD,161,4
ORD-101484,2024-12-14,2381,1,Delivered,South,Electronics,FC-8,CUST-10448,Web,UPI,0,3
ORD-101485,2024-12-14,565,1,Delivered,West,Apparel,FC-4,CUST-10223,Web,Wallet,0,4
ORD-101486,2024-12-14,384,2,Delivered,North,Grocery,FC-4,CUST-10255,Marketplace,Card,38,5
ORD-101487,2024-12-14,7860,3,Delivered,East,Electronics,FC-6,CUST-10135,Web,UPI,0,4
ORD-101488,2024-12-14,2054,4,Delivered,North,Apparel,FC-1,CUST-10388,App,Card,0,3
ORD-101489,2024-12-14,3442,5,Delivered,South,Apparel,FC-4,CUST-10449,Marketplace,UPI,0,5
ORD-101490,2024-12-14,2307,1,Delivered,South,Electronics,FC-3,CUST-10124,Web,UPI,0,3
ORD-101491,2024-12-14,1310,4,Delivered,West,Beauty,FC-5,CUST-10412,Web,UPI,0,2
ORD-101492,2024-12-14,1149,2,Shipped,East,Apparel,FC-4,CUST-10078,Web,Card,0,
ORD-101493,2024-12-14,255,1,Delivered,North,Grocery,FC-7,CUST-10003,Web,Wallet,0,4
ORD-101494,2024-12-14,3821,5,Returned,East,Home,FC-4,CUST-10240,Marketplace,UPI,0,6
ORD-101495,2024-12-14,722,1,Cancelled,North,Apparel,FC-8,CUST-10219,Marketplace,Wallet,0,
ORD-101496,2024-12-14,1814,2,Delivered,South,Apparel,FC-3,CUST-10450,Web,Wallet,0,2
ORD-101497,2024-12-14,2795,1,Delivered,West,Electronics,FC-8,CUST-10145,App,Card,309,4
ORD-101498,2024-12-14,308,1,Delivered,East,Grocery,FC-7,CUST-10451,App,UPI,0,3
ORD-101499,2024-12-14,498,1,Delivered,East,Apparel,FC-4,CUST-10016,Web,Card,0,5
ORD-101500,2024-12-14,2322,3,Cancelled,South,Home,FC-6,CUST-10452,Web,COD,0,
ORD-101501,2024-12-14,2845,5,Delivered,West,Apparel,FC-8,CUST-10100,App,Wallet,0,4
ORD-101502,2024-12-14,1487,2,Shipped,North,Apparel,FC-6,CUST-10092,Web,Card,80,
ORD-101503,2024-12-14,2605,4,Delivered,East,Apparel,FC-6,CUST-10331,App,Card,0,5
ORD-101504,2024-12-14,2150,1,Delivered,South,Electronics,FC-1,CUST-10403,App,Card,185,3
ORD-101505,2024-12-14,3197,4,Delivered,West,Home,FC-5,CUST-10126,Web,COD,216,4
ORD-101506,2024-12-14,1050,4,Pending,South,Grocery,FC-5,CUST-10112,Web,UPI,0,
ORD-101507,2024-12-14,639,1,Delivered,East,Apparel,FC-1,CUST-10365,App,Card,0,3
ORD-101508,2024-12-14,949,2,Delivered,East,Beauty,FC-6,CUST-10247,Marketplace,UPI,0,3
ORD-101509,2024-12-14,2307,1,Delivered,North,Electronics,FC-7,CUST-10405,App,COD,0,5
ORD-101510,2024-12-14,1043,1,Delivered,East,Home,FC-7,CUST-10453,App,UPI,0,5
ORD-101511,2024-12-14,1122,1,Delivered,East,Home,FC-3,CUST-10454,Web,UPI,0,3
ORD-101512,2024-12-14,3508,4,Delivered,South,Apparel,FC-5,CUST-10455,App,UPI,0,4
ORD-101513,2024-12-14,2202,1,Delivered,South,Electronics,FC-3,CUST-10422,Web,UPI,0,2
ORD-101514,2024-12-14,1016,1,Delivered,East,Home,FC-5,CUST-10293,Web,UPI,109,3
ORD-101515,2024-12-14,2321,3,Delivered,North,Apparel,FC-8,CUST-10189,App,Card,0,4
ORD-101516,2024-12-14,2875,1,Returned,North,Electronics,FC-3,CUST-10456,Web,Card,0,3
ORD-101517,2024-12-14,212,1,Delivered,West,Grocery,FC-3,CUST-10133,Web,UPI,20,2
ORD-101518,2024-12-14,9047,4,Cancelled,South,Electronics,FC-1,CUST-10231,Web,COD,668,
ORD-101519,2024-12-14,697,3,Delivered,East,Grocery,FC-2,CUST-10457,Web,Card,71,4
ORD-101520,2024-12-14,1315,2,Delivered,East,Apparel,FC-7,CUST-10036,Web,Card,0,4
ORD-101521,2024-12-14,415,1,Delivered,West,Beauty,FC-1,CUST-10100,App,Card,0,3
ORD-101522,2024-12-14,233,1,Delivered,East,Grocery,FC-2,CUST-10356,Marketplace,Card,0,4
ORD-101523,2024-12-14,2420,5,Delivered,South,Apparel,FC-6,CUST-10071,Marketplace,UPI,140,2
ORD-101524,2024-12-14,7292,3,Delivered,South,Electronics,FC-8,CUST-10238,Web,Card,0,2
ORD-101525,2024-12-14,1356,2,Delivered,South,Apparel,FC-7,CUST-10458,Web,Card,145,3
ORD-101526,2024-12-14,7481,3,Delivered,West,Electronics,FC-5,CUST-10207,Marketplace,Card,0,2
ORD-101527,2024-12-14,815,3,Cancelled,South,Grocery,FC-5,CUST-10166,Marketplace,UPI,82,
ORD-101528,2024-12-14,986,1,Cancelled,East,Home,FC-5,CUST-10398,Web,UPI,0,
ORD-101529,2024-12-14,5009,5,Delivered,North,Home,FC-8,CUST-10459,App,UPI,0,5
ORD-101530,2024-12-14,3351,5,Delivered,South,Apparel,FC-1,CUST-10349,Web,UPI,365,3
ORD-101531,2024-12-14,817,1,Delivered,West,Apparel,FC-2,CUST-10071,App,COD,0,2
ORD-101532,2024-12-14,1572,2,Delivered,West,Apparel,FC-7,CUST-10460,App,COD,0,2
ORD-101533,2024-12-14,1075,1,Returned,West,Home,FC-4,CUST-10041,App,Card,94,5
ORD-101534,2024-12-14,1854,2,Delivered,East,Home,FC-6,CUST-10255,Marketplace,COD,0,4
ORD-101535,2024-12-14,8344,3,Delivered,South,Electronics,FC-7,CUST-10029,Marketplace,Card,0,4
ORD-101536,2024-12-14,843,1,Delivered,South,Apparel,FC-2,CUST-10255,App,UPI,0,4
ORD-101537,2024-12-14,404,1,Delivered,North,Beauty,FC-1,CUST-10373,Web,UPI,0,2
ORD-101538,2024-12-14,933,2,Delivered,North,Beauty,FC-8,CUST-10400,App,Wallet,0,3
ORD-101539,2024-12-14,3327,4,Delivered,North,Apparel,FC-6,CUST-10461,App,Card,0,2
ORD-101540,2024-12-14,1581,2,Delivered,North,Home,FC-2,CUST-10462,App,UPI,137,3
ORD-101541,2024-12-14,701,1,Delivered,South,Apparel,FC-6,CUST-10054,Web,UPI,0,3
ORD-101542,2024-12-14,10587,4,Delivered,North,Electronics,FC-1,CUST-10117,Marketplace,Wallet,0,3
ORD-101543,2024-12-14,236,1,Delivered,East,Grocery,FC-4,CUST-10126,Web,UPI,0,5
ORD-101544,2024-12-14,2996,1,Delivered,West,Electronics,FC-4,CUST-10463,App,Card,0,4
ORD-101545,2024-12-14,1076,3,Delivered,East,Beauty,FC-3,CUST-10029,Marketplace,Wallet,0,4
ORD-101546,2024-12-14,306,1,Delivered,East,Beauty,FC-8,CUST-10464,App,Wallet,0,4
ORD-101547,2024-12-14,2019,4,Delivered,East,Apparel,FC-3,CUST-10307,App,Wallet,0,3
ORD-101548,2024-12-14,1420,3,Delivered,East,Beauty,FC-7,CUST-10045,Web,Card,0,4
ORD-101549,2024-12-14,3934,2,Returned,South,Electronics,FC-7,CUST-10465,Web,COD,0,2
ORD-101550,2024-12-15,805,1,Returned,South,Apparel,FC-6,CUST-10466,Web,UPI,75,2
ORD-101551,2024-12-15,1610,4,Delivered,South,Beauty,FC-4,CUST-10014,App,Wallet,0,4
ORD-101552,2024-12-15,2611,3,Delivered,South,Home,FC-2,CUST-10362,App,Card,0,2
ORD-101553,2024-12-15,267,1,Delivered,North,Grocery,FC-4,CUST-10467,App,Wallet,0,4
ORD-101554,2024-12-15,831,1,Delivered,West,Home,FC-6,CUST-10232,Web,UPI,0,3
ORD-101555,2024-12-15,2271,2,Returned,West,Home,FC-1,CUST-10297,App,COD,0,2
ORD-101556,2024-12-15,13186,5,Delivered,East,Electronics,FC-3,CUST-10071,App,UPI,0,3
ORD-101557,2024-12-15,861,1,Delivered,North,Home,FC-5,CUST-10273,App,UPI,83,4
ORD-101558,2024-12-15,749,1,Delivered,North,Apparel,FC-5,CUST-10165,Web,Card,0,4
ORD-101559,2024-12-15,2143,2,Delivered,East,Home,FC-5,CUST-10468,App,Card,0,4
ORD-101560,2024-12-15,895,4,Delivered,North,Grocery,FC-4,CUST-10141,Web,UPI,0,4
ORD-101561,2024-12-15,286,1,Delivered,South,Grocery,FC-4,CUST-10236,App,Card,0,3
ORD-101562,2024-12-15,334,1,Returned,South,Beauty,FC-8,CUST-10469,Web,COD,0,3
ORD-101563,2024-12-15,2040,1,Delivered,West,Electronics,FC-7,CUST-10126,App,UPI,0,2
ORD-101564,2024-12-15,536,2,Delivered,North,Grocery,FC-4,CUST-10470,Web,UPI,34,4
ORD-101565,2024-12-15,353,2,Delivered,East,Grocery,FC-2,CUST-10471,Web,Card,0,4
ORD-101566,2024-12-15,973,1,Delivered,East,Home,FC-2,CUST-10314,Marketplace,COD,0,4
ORD-101567,2024-12-15,614,2,Delivered,East,Beauty,FC-1,CUST-10136,Marketplace,Wallet,0,3
ORD-101568,2024-12-15,783,1,Returned,West,Apparel,FC-3,CUST-10262,App,Card,0,3
ORD-101569,2024-12-15,7678,3,Delivered,South,Electronics,FC-8,CUST-10472,Web,UPI,465,4
ORD-101570,2024-12-15,7550,3,Returned,West,Electronics,FC-5,CUST-10473,Marketplace,UPI,0,4
ORD-101571,2024-12-15,1479,2,Returned,East,Home,FC-7,CUST-10463,Marketplace,Wallet,0,5
ORD-101572,2024-12-15,2726,1,Delivered,West,Electronics,FC-8,CUST-10474,Web,Card,162,4
ORD-101573,2024-12-15,1637,2,Delivered,North,Home,FC-2,CUST-10475,App,UPI,160,3
ORD-101574,2024-12-15,373,2,Delivered,West,Grocery,FC-6,CUST-10443,App,COD,37,3
ORD-101575,2024-12-15,1029,1,Delivered,East,Home,FC-2,CUST-10472,Web,COD,0,4
ORD-101576,2024-12-15,451,1,Delivered,South,Beauty,FC-4,CUST-10278,Web,COD,0,3
ORD-101577,2024-12-15,270,1,Delivered,North,Grocery,FC-4,CUST-10435,Web,COD,17,4
ORD-101578,2024-12-15,664,1,Delivered,South,Apparel,FC-1,CUST-10236,Web,UPI,0,2
ORD-101579,2024-12-15,2883,1,Delivered,West,Electronics,FC-2,CUST-10386,App,UPI,0,3
ORD-101580,2024-12-15,268,1,Delivered,West,Grocery,FC-8,CUST-10476,Web,COD,22,3
ORD-101581,2024-12-15,3308,1,Delivered,South,Electronics,FC-6,CUST-10295,Web,Card,0,2
ORD-101582,2024-12-15,1003,3,Cancelled,East,Beauty,FC-4,CUST-10258,App,UPI,61,
ORD-101583,2024-12-15,4365,4,Delivered,North,Home,FC-8,CUST-10238,App,COD,0,3
ORD-101584,2024-12-15,4747,2,Delivered,North,Electronics,FC-5,CUST-10477,Web,UPI,0,3
ORD-101585,2024-12-15,392,2,Cancelled,South,Grocery,FC-7,CUST-10381,App,UPI,31,
ORD-101586,2024-12-15,861,2,Delivered,West,Beauty,FC-5,CUST-10166,Marketplace,Card,80,3
ORD-101587,2024-12-15,428,1,Shipped,South,Beauty,FC-4,CUST-10478,App,Wallet,0,
ORD-101588,2024-12-15,428,2,Delivered,West,Grocery,FC-2,CUST-10246,Web,Card,0,3
ORD-101589,2024-12-15,338,1,Cancelled,East,Beauty,FC-4,CUST-10293,App,COD,0,
ORD-101590,2024-12-15,214,1,Shipped,South,Grocery,FC-6,CUST-10392,Web,UPI,16,
ORD-101591,2024-12-15,1790,2,Delivered,West,Home,FC-2,CUST-10479,Web,Wallet,99,3
ORD-101592,2024-12-15,390,2,Delivered,East,Grocery,FC-1,CUST-10361,App,UPI,0,3
ORD-101593,2024-12-15,2690,3,Delivered,North,Home,FC-2,CUST-10109,App,Card,0,4
ORD-101594,2024-12-15,1751,1,Delivered,South,Electronics,FC-1,CUST-10194,Marketplace,COD,113,3
ORD-101595,2024-12-15,551,3,Cancelled,North,Grocery,FC-3,CUST-10480,Web,UPI,0,
ORD-101596,2024-12-15,6007,3,Pending,West,Electronics,FC-7,CUST-10141,Web,Card,0,
ORD-101597,2024-12-15,1498,2,Pending,South,Apparel,FC-5,CUST-10481,App,Wallet,0,
ORD-101598,2024-12-15,844,3,Delivered,West,Grocery,FC-2,CUST-10465,Web,UPI,0,2
ORD-101599,2024-12-15,1486,3,Delivered,North,Apparel,FC-1,CUST-10174,App,Card,0,3
ORD-101600,2024-12-15,4347,5,Delivered,West,Apparel,FC-8,CUST-10482,Marketplace,Wallet,0,3
ORD-101601,2024-12-15,6633,2,Delivered,West,Electronics,FC-2,CUST-10228,Marketplace,UPI,0,3
ORD-101602,2024-12-15,2375,3,Delivered,North,Home,FC-4,CUST-10071,Marketplace,COD,0,4
ORD-101603,2024-12-15,469,1,Cancelled,West,Apparel,FC-7,CUST-10483,App,Wallet,47,
ORD-101604,2024-12-15,862,2,Delivered,West,Beauty,FC-5,CUST-10484,Web,Wallet,0,4
ORD-101605,2024-12-15,3745,4,Delivered,North,Home,FC-7,CUST-10228,Web,UPI,0,4
ORD-101606,2024-12-15,251,1,Delivered,East,Grocery,FC-7,CUST-10410,App,Card,23,4
ORD-101607,2024-12-15,718,3,Delivered,North,Grocery,FC-5,CUST-10226,Web,UPI,0,2
ORD-101608,2024-12-15,1728,2,Delivered,East,Apparel,FC-1,CUST-10212,App,Card,0,3
ORD-101609,2024-12-15,6204,3,Delivered,East,Electronics,FC-3,CUST-10345,App,COD,0,3
ORD-101610,2024-12-15,350,2,Delivered,North,Grocery,FC-5,CUST-10123,Web,COD,0,3
ORD-101611,2024-12-15,2585,3,Delivered,South,Home,FC-1,CUST-10485,Web,UPI,272,2
ORD-101612,2024-12-15,876,3,Delivered,West,Grocery,FC-1,CUST-10486,Marketplace,COD,0,3
ORD-101613,2024-12-15,1893,4,Delivered,North,Beauty,FC-8,CUST-10284,App,UPI,0,4
ORD-101614,2024-12-15,4611,2,Delivered,North,Electronics,FC-3,CUST-10487,App,UPI,0,4
ORD-101615,2024-12-15,968,1,Delivered,South,Home,FC-3,CUST-10488,App,UPI,0,2
ORD-101616,2024-12-15,2471,4,Delivered,South,Apparel,FC-8,CUST-10489,App,COD,264,3
ORD-101617,2024-12-15,6523,2,Delivered,North,Electronics,FC-6,CUST-10135,App,UPI,0,4
ORD-101618,2024-12-15,1053,1,Delivered,North,Home,FC-5,CUST-10167,App,Wallet,0,3
ORD-101619,2024-12-15,5847,3,Delivered,North,Electronics,FC-7,CUST-10386,Web,COD,0,4
ORD-101620,2024-12-15,1444,3,Delivered,South,Beauty,FC-2,CUST-10339,Web,Card,0,2
ORD-101621,2024-12-15,2037,3,Cancelled,West,Apparel,FC-4,CUST-10490,Web,Card,0,
ORD-101622,2024-12-15,3112,4,Delivered,South,Home,FC-5,CUST-10491,App,UPI,0,3
ORD-101623,2024-12-15,1908,3,Delivered,West,Apparel,FC-2,CUST-10492,App,UPI,203,3
ORD-101624,2024-12-15,172,1,Returned,West,Grocery,FC-6,CUST-10388,Web,COD,0,2
ORD-101625,2024-12-15,736,1,Delivered,North,Apparel,FC-4,CUST-10493,App,UPI,58,4
ORD-101626,2024-12-15,712,1,Delivered,West,Apparel,FC-2,CUST-10075,Marketplace,UPI,0,4
ORD-101627,2024-12-15,2237,2,Pending,West,Home,FC-2,CUST-10494,Web,UPI,0,
ORD-101628,2024-12-15,2887,3,Delivered,South,Home,FC-5,CUST-10495,Marketplace,UPI,0,3
ORD-101629,2024-12-15,950,2,Delivered,West,Beauty,FC-6,CUST-10496,App,Wallet,0,2
ORD-101630,2024-12-15,857,3,Pending,West,Grocery,FC-3,CUST-10152,App,Card,0,
ORD-101631,2024-12-15,1397,2,Delivered,West,Home,FC-4,CUST-10071,Marketplace,UPI,85,5
ORD-101632,2024-12-15,233,1,Cancelled,South,Grocery,FC-3,CUST-10077,App,Wallet,0,
ORD-101633,2024-12-15,266,1,Delivered,North,Grocery,FC-3,CUST-10497,Web,COD,28,4
ORD-101634,2024-12-15,1115,3,Cancelled,South,Beauty,FC-3,CUST-10311,Marketplace,COD,0,
ORD-101635,2024-12-15,3814,2,Delivered,West,Electronics,FC-3,CUST-10498,Marketplace,Card,0,3
ORD-101636,2024-12-15,349,1,Delivered,South,Beauty,FC-4,CUST-10077,Marketplace,UPI,0,4
ORD-101637,2024-12-15,1223,1,Delivered,West,Home,FC-1,CUST-10328,Web,UPI,0,3
ORD-101638,2024-12-15,3061,4,Delivered,East,Home,FC-6,CUST-10315,Web,Card,0,5
ORD-101639,2024-12-15,4703,2,Delivered,West,Electronics,FC-4,CUST-10499,Web,UPI,0,4
ORD-101640,2024-12-15,1702,3,Delivered,North,Apparel,FC-1,CUST-10471,Web,Card,0,4
ORD-101641,2024-12-15,262,1,Delivered,South,Grocery,FC-6,CUST-10500,Web,UPI,0,4
ORD-101642,2024-12-15,7011,3,Returned,North,Electronics,FC-5,CUST-10501,App,UPI,0,4
ORD-101643,2024-12-15,783,3,Delivered,North,Grocery,FC-2,CUST-10019,Marketplace,UPI,43,3
ORD-101644,2024-12-15,4213,5,Delivered,North,Home,FC-7,CUST-10252,Web,Card,331,3
ORD-101645,2024-12-15,1260,2,Delivered,North,Apparel,FC-2,CUST-10125,Marketplace,UPI,0,3
ORD-101646,2024-12-15,565,1,Delivered,East,Apparel,FC-3,CUST-10502,App,Wallet,0,4
ORD-101647,2024-12-15,854,1,Delivered,South,Home,FC-4,CUST-10421,Marketplace,Card,0,3
ORD-101648,2024-12-15,1969,4,Shipped,South,Beauty,FC-5,CUST-10220,Marketplace,COD,212,
ORD-101649,2024-12-15,1261,2,Delivered,East,Apparel,FC-4,CUST-10117,App,UPI,67,5
ORD-101650,2024-12-15,729,1,Delivered,East,Home,FC-8,CUST-10503,Web,Card,0,5
ORD-101651,2024-12-15,1746,3,Delivered,South,Apparel,FC-5,CUST-10133,Marketplace,Card,0,3
ORD-101652,2024-12-15,1061,1,Returned,East,Home,FC-8,CUST-10485,Web,COD,0,4
ORD-101653,2024-12-16,8839,4,Delivered,East,Electronics,FC-8,CUST-10471,App,COD,0,6
ORD-101654,2024-12-16,4279,4,Returned,West,Home,FC-2,CUST-10504,Web,COD,0,2
ORD-101655,2024-12-16,1584,3,Shipped,West,Apparel,FC-7,CUST-10054,Web,Wallet,132,
ORD-101656,2024-12-16,1658,5,Delivered,South,Beauty,FC-6,CUST-10333,Marketplace,COD,0,3
ORD-101657,2024-12-16,466,2,Delivered,South,Grocery,FC-6,CUST-10295,Web,Wallet,45,4
ORD-101658,2024-12-16,378,1,Delivered,East,Beauty,FC-1,CUST-10055,App,UPI,0,4
ORD-101659,2024-12-16,1376,5,Delivered,West,Grocery,FC-2,CUST-10505,Web,COD,0,2
ORD-101660,2024-12-16,2444,4,Delivered,East,Apparel,FC-3,CUST-10506,Web,UPI,256,5
ORD-101661,2024-12-16,285,1,Delivered,North,Grocery,FC-4,CUST-10137,Web,Card,21,5
ORD-101662,2024-12-16,1163,2,Delivered,East,Apparel,FC-4,CUST-10482,App,Card,83,5
ORD-101663,2024-12-16,2660,1,Delivered,East,Electronics,FC-6,CUST-10486,App,UPI,256,4
ORD-101664,2024-12-16,3416,5,Delivered,East,Home,FC-8,CUST-10388,Web,UPI,236,4
ORD-101665,2024-12-16,3504,3,Delivered,South,Home,FC-6,CUST-10198,App,COD,0,2
ORD-101666,2024-12-16,735,2,Delivered,North,Beauty,FC-7,CUST-10175,Web,Wallet,0,3
ORD-101667,2024-12-16,321,1,Delivered,North,Beauty,FC-6,CUST-10507,Marketplace,COD,21,2
ORD-101668,2024-12-16,2683,1,Delivered,South,Electronics,FC-5,CUST-10508,Marketplace,Card,264,2
ORD-101669,2024-12-16,1254,2,Delivered,West,Apparel,FC-8,CUST-10286,Marketplace,UPI,120,5
ORD-101670,2024-12-16,7669,4,Delivered,East,Electronics,FC-4,CUST-10377,App,COD,0,5
ORD-101671,2024-12-16,2763,3,Delivered,South,Home,FC-2,CUST-10481,App,COD,0,3
ORD-101672,2024-12-16,509,3,Delivered,South,Grocery,FC-3,CUST-10509,Marketplace,UPI,0,3
ORD-101673,2024-12-16,4477,5,Cancelled,East,Home,FC-5,CUST-10434,Web,COD,0,
ORD-101674,2024-12-16,216,1,Delivered,East,Grocery,FC-8,CUST-10510,App,COD,20,4
ORD-101675,2024-12-16,381,1,Delivered,East,Beauty,FC-2,CUST-10511,Marketplace,COD,0,4
ORD-101676,2024-12-16,1758,2,Returned,East,Apparel,FC-3,CUST-10512,App,COD,0,4
ORD-101677,2024-12-16,317,1,Delivered,East,Beauty,FC-1,CUST-10513,App,Card,32,3
ORD-101678,2024-12-16,252,1,Delivered,West,Grocery,FC-6,CUST-10383,App,UPI,26,3
ORD-101679,2024-12-16,925,1,Cancelled,East,Home,FC-4,CUST-10495,Web,COD,77,
ORD-101680,2024-12-16,9167,3,Delivered,North,Electronics,FC-2,CUST-10293,App,Card,0,4
ORD-101681,2024-12-16,213,1,Delivered,North,Grocery,FC-5,CUST-10514,App,Card,23,4
ORD-101682,2024-12-16,1317,2,Delivered,East,Apparel,FC-4,CUST-10515,App,UPI,0,6
ORD-101683,2024-12-16,340,2,Cancelled,North,Grocery,FC-8,CUST-10516,Web,COD,0,
ORD-101684,2024-12-16,2014,2,Cancelled,West,Home,FC-6,CUST-10516,Web,UPI,0,
ORD-101685,2024-12-16,865,1,Delivered,West,Apparel,FC-7,CUST-10351,Web,Card,0,3
ORD-101686,2024-12-16,1258,2,Cancelled,West,Home,FC-1,CUST-10377,Marketplace,Wallet,98,
ORD-101687,2024-12-16,749,1,Delivered,South,Apparel,FC-6,CUST-10291,Marketplace,Card,0,3
ORD-101688,2024-12-16,837,1,Delivered,West,Home,FC-8,CUST-10389,App,UPI,0,4
ORD-101689,2024-12-16,1372,2,Delivered,South,Apparel,FC-1,CUST-10255,Web,Card,0,2
ORD-101690,2024-12-16,573,1,Delivered,West,Apparel,FC-8,CUST-10276,Web,Wallet,47,4
ORD-101691,2024-12-16,1134,2,Delivered,South,Apparel,FC-4,CUST-10450,App,Card,90,4
ORD-101692,2024-12-16,2033,3,Delivered,West,Home,FC-8,CUST-10182,App,UPI,0,4
ORD-101693,2024-12-16,840,1,Returned,North,Apparel,FC-5,CUST-10261,App,UPI,0,3
ORD-101694,2024-12-16,497,1,Cancelled,South,Beauty,FC-5,CUST-10517,App,UPI,0,
ORD-101695,2024-12-16,330,1,Delivered,East,Beauty,FC-5,CUST-10189,Web,UPI,0,5
ORD-101696,2024-12-16,270,1,Delivered,West,Grocery,FC-7,CUST-10337,Marketplace,COD,0,3
ORD-101697,2024-12-16,442,1,Delivered,East,Beauty,FC-8,CUST-10518,App,Wallet,0,5
ORD-101698,2024-12-16,777,1,Delivered,South,Home,FC-3,CUST-10448,App,Card,0,4
ORD-101699,2024-12-16,4107,2,Delivered,South,Electronics,FC-5,CUST-10519,App,UPI,271,2
ORD-101700,2024-12-16,4156,5,Delivered,West,Apparel,FC-6,CUST-10520,App,Wallet,0,3
ORD-101701,2024-12-16,407,1,Delivered,North,Beauty,FC-5,CUST-10196,Web,Card,0,3
ORD-101702,2024-12-16,503,2,Delivered,North,Grocery,FC-8,CUST-10051,Marketplace,COD,34,5
ORD-101703,2024-12-16,512,2,Delivered,North,Grocery,FC-4,CUST-10278,App,Card,0,5
ORD-101704,2024-12-16,188,1,Returned,West,Grocery,FC-7,CUST-10521,Marketplace,COD,0,4
ORD-101705,2024-12-16,300,1,Delivered,North,Grocery,FC-1,CUST-10522,App,UPI,0,2
ORD-101706,2024-12-16,2614,3,Delivered,West,Home,FC-5,CUST-10523,Web,UPI,268,3
ORD-101707,2024-12-16,3296,5,Delivered,North,Home,FC-2,CUST-10524,App,Wallet,283,4
ORD-101708,2024-12-16,5096,5,Delivered,East,Home,FC-5,CUST-10525,App,COD,0,3
ORD-101709,2024-12-16,172,1,Delivered,West,Grocery,FC-6,CUST-10526,Marketplace,COD,12,2
ORD-101710,2024-12-16,488,1,Delivered,South,Beauty,FC-8,CUST-10118,Web,COD,0,3
ORD-101711,2024-12-16,770,4,Delivered,West,Grocery,FC-5,CUST-10527,Web,Card,0,3
ORD-101712,2024-12-16,4698,2,Delivered,North,Electronics,FC-1,CUST-10227,Web,Wallet,0,3
ORD-101713,2024-12-16,825,1,Cancelled,North,Apparel,FC-8,CUST-10528,Web,Card,69,
ORD-101714,2024-12-16,707,1,Delivered,East,Home,FC-2,CUST-10529,Web,Card,0,4
ORD-101715,2024-12-16,944,5,Delivered,West,Grocery,FC-6,CUST-10223,Web,UPI,0,3
ORD-101716,2024-12-16,1952,1,Delivered,South,Electronics,FC-8,CUST-10530,App,Card,184,3
ORD-101717,2024-12-16,1333,2,Delivered,South,Apparel,FC-6,CUST-10531,App,UPI,0,2
ORD-101718,2024-12-16,738,2,Delivered,North,Beauty,FC-8,CUST-10059,App,COD,63,4
ORD-101719,2024-12-16,2126,3,Delivered,West,Apparel,FC-7,CUST-10007,Marketplace,Card,0,4
ORD-101720,2024-12-16,1395,2,Delivered,North,Home,FC-7,CUST-10532,App,Card,0,4
ORD-101721,2024-12-16,660,3,Delivered,North,Grocery,FC-5,CUST-10420,App,Wallet,0,4
ORD-101722,2024-12-16,1417,2,Delivered,North,Apparel,FC-8,CUST-10533,Web,UPI,0,5
ORD-101723,2024-12-16,409,1,Cancelled,South,Beauty,FC-1,CUST-10215,App,UPI,0,
ORD-101724,2024-12-16,2011,3,Returned,North,Apparel,FC-2,CUST-10182,Web,COD,0,2
ORD-101725,2024-12-16,610,1,Delivered,South,Apparel,FC-3,CUST-10117,Web,UPI,0,2
ORD-101726,2024-12-16,584,1,Delivered,South,Apparel,FC-6,CUST-10458,Web,Card,0,2
ORD-101727,2024-12-16,336,1,Delivered,North,Beauty,FC-6,CUST-10084,Marketplace,Card,22,4
ORD-101728,2024-12-16,1452,2,Delivered,East,Home,FC-7,CUST-10434,App,Card,0,5
ORD-101729,2024-12-16,1365,3,Delivered,West,Beauty,FC-3,CUST-10141,Web,UPI,0,4
ORD-101730,2024-12-16,1291,5,Delivered,East,Grocery,FC-8,CUST-10315,App,UPI,0,4
ORD-101731,2024-12-16,724,2,Delivered,East,Beauty,FC-2,CUST-10108,Web,COD,0,5
ORD-101732,2024-12-16,547,2,Delivered,North,Grocery,FC-1,CUST-10270,Web,COD,57,2
ORD-101733,2024-12-16,533,1,Delivered,East,Apparel,FC-6,CUST-10356,Marketplace,UPI,0,4
ORD-101734,2024-12-16,1015,1,Cancelled,South,Home,FC-5,CUST-10534,Marketplace,Card,79,
ORD-101735,2024-12-16,2199,2,Delivered,South,Home,FC-6,CUST-10422,Marketplace,COD,0,2
ORD-101736,2024-12-16,3207,3,Delivered,North,Home,FC-2,CUST-10492,Web,COD,0,4
ORD-101737,2024-12-16,438,1,Delivered,South,Beauty,FC-5,CUST-10037,Marketplace,Wallet,0,3
ORD-101738,2024-12-16,834,1,Returned,North,Home,FC-6,CUST-10535,App,COD,79,3
ORD-101739,2024-12-16,2119,3,Delivered,West,Apparel,FC-6,CUST-10054,Web,Wallet,153,2
ORD-101740,2024-12-16,1340,2,Delivered,West,Apparel,FC-3,CUST-10075,App,UPI,0,2
ORD-101741,2024-12-16,1678,2,Delivered,South,Home,FC-5,CUST-10443,Marketplace,UPI,0,2
ORD-101742,2024-12-16,474,1,Delivered,North,Beauty,FC-8,CUST-10536,App,UPI,0,3
ORD-101743,2024-12-16,823,1,Delivered,East,Apparel,FC-3,CUST-10320,App,COD,0,4
ORD-101744,2024-12-16,837,1,Cancelled,West,Apparel,FC-2,CUST-10160,Marketplace,UPI,0,
ORD-101745,2024-12-16,323,1,Returned,North,Beauty,FC-8,CUST-10537,Marketplace,COD,24,3
ORD-101746,2024-12-16,7843,3,Cancelled,North,Electronics,FC-3,CUST-10362,App,UPI,0,
ORD-101747,2024-12-16,285,1,Delivered,South,Grocery,FC-5,CUST-10169,Web,UPI,0,3
ORD-101748,2024-12-16,8791,3,Returned,North,Electronics,FC-8,CUST-10538,Marketplace,COD,802,4
ORD-101749,2024-12-16,582,2,Delivered,North,Grocery,FC-6,CUST-10027,Marketplace,UPI,0,3
ORD-101750,2024-12-17,712,1,Returned,East,Apparel,FC-1,CUST-10363,Web,Wallet,0,4
ORD-101751,2024-12-17,238,1,Delivered,West,Grocery,FC-5,CUST-10539,Web,Card,0,2
ORD-101752,2024-12-17,564,1,Delivered,West,Apparel,FC-4,CUST-10178,Web,UPI,0,4
ORD-101753,2024-12-17,1165,1,Delivered,West,Home,FC-4,CUST-10540,Web,Card,0,3
ORD-101754,2024-12-17,724,4,Delivered,South,Grocery,FC-6,CUST-10541,App,UPI,0,3
ORD-101755,2024-12-17,2071,2,Delivered,North,Home,FC-2,CUST-10459,Web,Card,0,4
ORD-101756,2024-12-17,686,1,Cancelled,East,Home,FC-2,CUST-10174,App,Card,0,
ORD-101757,2024-12-17,5680,2,Delivered,West,Electronics,FC-6,CUST-10084,Web,UPI,0,3
ORD-101758,2024-12-17,218,1,Delivered,South,Grocery,FC-6,CUST-10155,Web,COD,18,3
ORD-101759,2024-12-17,747,1,Delivered,South,Apparel,FC-2,CUST-10263,Web,UPI,0,2
ORD-101760,2024-12-17,1462,5,Delivered,South,Grocery,FC-3,CUST-10232,Web,COD,0,3
ORD-101761,2024-12-17,779,1,Pending,South,Home,FC-3,CUST-10363,App,Wallet,42,
ORD-101762,2024-12-17,888,1,Delivered,West,Apparel,FC-8,CUST-10542,Web,UPI,0,3
ORD-101763,2024-12-17,189,1,Delivered,South,Grocery,FC-7,CUST-10189,Web,UPI,0,3
ORD-101764,2024-12-17,3027,4,Returned,East,Home,FC-4,CUST-10543,Web,UPI,0,5
ORD-101765,2024-12-17,2555,3,Delivered,South,Home,FC-2,CUST-10513,Marketplace,UPI,0,3
ORD-101766,2024-12-17,2252,2,Cancelled,South,Home,FC-2,CUST-10113,App,COD,0,
ORD-101767,2024-12-17,465,1,Delivered,South,Beauty,FC-5,CUST-10340,Web,COD,0,3
ORD-101768,2024-12-17,1199,1,Delivered,East,Home,FC-5,CUST-10122,App,UPI,0,4
ORD-101769,2024-12-17,7324,3,Delivered,South,Electronics,FC-4,CUST-10041,App,Card,788,3
ORD-101770,2024-12-17,4940,2,Delivered,East,Electronics,FC-1,CUST-10033,App,Wallet,0,4
ORD-101771,2024-12-17,10100,4,Delivered,East,Electronics,FC-6,CUST-10415,Web,UPI,1046,3
ORD-101772,2024-12-17,868,1,Delivered,East,Home,FC-8,CUST-10131,App,Card,0,4
ORD-101773,2024-12-17,1275,2,Delivered,West,Home,FC-3,CUST-10544,Web,UPI,108,4
ORD-101774,2024-12-17,2366,2,Delivered,East,Home,FC-6,CUST-10545,App,Card,0,3
ORD-101775,2024-12-17,205,1,Delivered,North,Grocery,FC-1,CUST-10014,App,Card,22,3
ORD-101776,2024-12-17,15363,5,Delivered,North,Electronics,FC-6,CUST-10276,App,UPI,0,3
ORD-101777,2024-12-17,12039,4,Delivered,West,Electronics,FC-4,CUST-10420,Marketplace,Card,0,5
ORD-101778,2024-12-17,823,4,Delivered,West,Grocery,FC-2,CUST-10129,Web,Card,0,3
ORD-101779,2024-12-17,501,1,Delivered,South,Beauty,FC-6,CUST-10131,App,Wallet,0,3
ORD-101780,2024-12-17,6505,2,Delivered,South,Electronics,FC-7,CUST-10523,Web,Card,0,4
ORD-101781,2024-12-17,2135,1,Returned,North,Electronics,FC-3,CUST-10546,Marketplace,COD,0,4
ORD-101782,2024-12-17,1155,3,Delivered,West,Beauty,FC-8,CUST-10547,App,Card,90,4
ORD-101783,2024-12-17,2944,4,Cancelled,West,Apparel,FC-8,CUST-10310,App,Wallet,0,
ORD-101784,2024-12-17,2494,4,Delivered,North,Apparel,FC-8,CUST-10207,Web,UPI,0,4
ORD-101785,2024-12-17,9786,3,Delivered,South,Electronics,FC-4,CUST-10058,Web,UPI,0,4
ORD-101786,2024-12-17,1433,3,Delivered,North,Beauty,FC-5,CUST-10147,Web,UPI,0,3
ORD-101787,2024-12-17,661,3,Delivered,West,Grocery,FC-5,CUST-10548,App,UPI,62,3
ORD-101788,2024-12-17,834,1,Delivered,East,Apparel,FC-1,CUST-10106,App,UPI,0,4
ORD-101789,2024-12-17,1716,4,Delivered,North,Beauty,FC-8,CUST-10137,Marketplace,UPI,0,4
ORD-101790,2024-12-17,3706,3,Delivered,East,Home,FC-5,CUST-10292,Web,UPI,0,5
ORD-101791,2024-12-17,7642,3,Delivered,North,Electronics,FC-3,CUST-10024,App,Wallet,740,3
ORD-101792,2024-12-17,1094,2,Delivered,East,Beauty,FC-7,CUST-10202,App,Wallet,0,5
ORD-101793,2024-12-17,1758,2,Delivered,East,Apparel,FC-4,CUST-10226,Web,Card,0,6
ORD-101794,2024-12-17,1843,2,Delivered,East,Home,FC-8,CUST-10326,Web,Wallet,0,5
ORD-101795,2024-12-17,637,1,Delivered,West,Home,FC-2,CUST-10549,Web,Wallet,37,3
ORD-101796,2024-12-17,3615,3,Delivered,South,Home,FC-8,CUST-10550,App,Wallet,0,4
ORD-101797,2024-12-17,2030,1,Delivered,West,Electronics,FC-4,CUST-10551,App,UPI,224,3
ORD-101798,2024-12-17,618,1,Delivered,West,Apparel,FC-3,CUST-10006,App,COD,0,3
ORD-101799,2024-12-17,238,1,Delivered,South,Grocery,FC-5,CUST-10552,Web,UPI,0,2
ORD-101800,2024-12-17,824,2,Delivered,West,Beauty,FC-6,CUST-10553,App,UPI,0,3
ORD-101801,2024-12-17,3524,3,Delivered,East,Home,FC-7,CUST-10285,App,Card,0,5
ORD-101802,2024-12-17,589,3,Cancelled,West,Grocery,FC-5,CUST-10554,App,Card,50,
ORD-101803,2024-12-17,5804,2,Delivered,North,Electronics,FC-1,CUST-10070,Web,Card,0,4
ORD-101804,2024-12-17,4615,4,Returned,North,Home,FC-5,CUST-10269,Web,COD,282,4
ORD-101805,2024-12-17,1800,2,Returned,South,Home,FC-8,CUST-10490,App,Card,0,4
ORD-101806,2024-12-17,2296,3,Cancelled,East,Apparel,FC-5,CUST-10464,Web,COD,0,
ORD-101807,2024-12-17,3204,4,Delivered,South,Apparel,FC-3,CUST-10293,Marketplace,COD,0,4
ORD-101808,2024-12-17,836,1,Delivered,East,Apparel,FC-1,CUST-10434,App,UPI,0,3
ORD-101809,2024-12-17,385,1,Returned,South,Beauty,FC-3,CUST-10555,Web,Wallet,42,2
ORD-101810,2024-12-17,3535,4,Delivered,East,Apparel,FC-3,CUST-10317,App,Card,0,4
ORD-101811,2024-12-17,1660,2,Delivered,West,Apparel,FC-1,CUST-10336,App,UPI,91,3
ORD-101812,2024-12-17,175,1,Delivered,South,Grocery,FC-7,CUST-10226,App,Card,0,3
ORD-101813,2024-12-17,1006,3,Cancelled,East,Beauty,FC-2,CUST-10206,Web,Card,0,
ORD-101814,2024-12-17,2227,3,Delivered,South,Home,FC-8,CUST-10131,Web,UPI,0,3
ORD-101815,2024-12-17,727,2,Delivered,North,Beauty,FC-1,CUST-10556,App,COD,0,3
ORD-101816,2024-12-17,9576,3,Cancelled,West,Electronics,FC-5,CUST-10507,App,Card,0,
ORD-101817,2024-12-17,570,1,Delivered,North,Apparel,FC-6,CUST-10350,Marketplace,UPI,0,2
ORD-101818,2024-12-17,1435,2,Delivered,South,Home,FC-6,CUST-10004,App,Card,150,2
ORD-101819,2024-12-17,1431,2,Returned,South,Apparel,FC-8,CUST-10180,App,UPI,0,3
ORD-101820,2024-12-17,1254,2,Delivered,North,Apparel,FC-8,CUST-10051,Marketplace,Card,0,5
ORD-101821,2024-12-17,694,2,Cancelled,South,Beauty,FC-1,CUST-10350,App,COD,0,
ORD-101822,2024-12-17,2045,4,Delivered,South,Apparel,FC-7,CUST-10309,Marketplace,Card,0,3
ORD-101823,2024-12-17,1683,5,Delivered,West,Beauty,FC-5,CUST-10351,App,Wallet,156,3
ORD-101824,2024-12-17,192,1,Delivered,North,Grocery,FC-7,CUST-10557,App,UPI,20,4
ORD-101825,2024-12-17,2085,4,Delivered,East,Beauty,FC-5,CUST-10558,App,Card,0,3
ORD-101826,2024-12-17,253,1,Delivered,South,Grocery,FC-7,CUST-10180,App,COD,23,3
ORD-101827,2024-12-17,2315,3,Delivered,East,Apparel,FC-6,CUST-10559,Marketplace,Card,123,3
ORD-101828,2024-12-17,403,2,Delivered,South,Grocery,FC-4,CUST-10560,App,COD,0,4
ORD-101829,2024-12-17,202,1,Delivered,North,Grocery,FC-3,CUST-10444,Web,UPI,0,3
ORD-101830,2024-12-17,2760,4,Delivered,South,Home,FC-1,CUST-10463,Web,UPI,0,4
ORD-101831,2024-12-17,3263,1,Delivered,North,Electronics,FC-1,CUST-10126,Web,Card,0,3
ORD-101832,2024-12-17,855,1,Delivered,East,Apparel,FC-2,CUST-10556,App,COD,0,4
ORD-101833,2024-12-17,612,1,Delivered,East,Apparel,FC-5,CUST-10561,Web,UPI,47,3
ORD-101834,2024-12-17,1236,2,Delivered,West,Apparel,FC-3,CUST-10248,App,UPI,126,2
ORD-101835,2024-12-17,2369,3,Delivered,South,Home,FC-5,CUST-10555,Marketplace,Card,0,2
ORD-101836,2024-12-17,761,1,Delivered,South,Apparel,FC-5,CUST-10562,Web,Wallet,54,3
ORD-101837,2024-12-17,3453,5,Delivered,East,Home,FC-7,CUST-10563,Web,UPI,0,4
ORD-101838,2024-12-17,2531,5,Delivered,North,Apparel,FC-1,CUST-10564,Marketplace,UPI,189,3
ORD-101839,2024-12-17,666,1,Delivered,South,Home,FC-7,CUST-10521,App,UPI,47,3
ORD-101840,2024-12-17,2057,3,Cancelled,East,Apparel,FC-2,CUST-10448,Marketplace,UPI,0,
ORD-101841,2024-12-17,2187,1,Delivered,East,Electronics,FC-4,CUST-10246,Web,Card,0,5
ORD-101842,2024-12-17,863,4,Delivered,East,Grocery,FC-7,CUST-10565,App,COD,78,4
ORD-101843,2024-12-17,2901,1,Cancelled,South,Electronics,FC-8,CUST-10566,App,Card,0,
ORD-101844,2024-12-17,805,1,Delivered,West,Apparel,FC-5,CUST-10054,Marketplace,Card,82,4
ORD-101845,2024-12-17,928,1,Delivered,South,Home,FC-2,CUST-10567,Web,Wallet,0,3
ORD-101846,2024-12-17,1300,3,Delivered,South,Beauty,FC-4,CUST-10568,Web,Wallet,0,3
ORD-101847,2024-12-17,710,1,Delivered,North,Home,FC-7,CUST-10500,Web,COD,0,3
ORD-101848,2024-12-17,1100,3,Delivered,East,Beauty,FC-2,CUST-10459,App,Card,0,5
ORD-101849,2024-12-17,4572,2,Cancelled,South,Electronics,FC-7,CUST-10033,Web,UPI,0,
ORD-101850,2024-12-17,1480,2,Delivered,East,Apparel,FC-2,CUST-10462,App,UPI,0,5
ORD-101851,2024-12-17,679,1,Cancelled,East,Apparel,FC-7,CUST-10569,Web,COD,61,
ORD-101852,2024-12-17,8954,3,Delivered,East,Electronics,FC-7,CUST-10248,App,Card,0,5
ORD-101853,2024-12-17,202,1,Cancelled,West,Grocery,FC-1,CUST-10570,App,COD,0,
ORD-101854,2024-12-17,3160,4,Delivered,West,Apparel,FC-5,CUST-10265,App,COD,0,3
ORD-101855,2024-12-17,3745,5,Delivered,South,Home,FC-5,CUST-10136,App,UPI,0,2
ORD-101856,2024-12-17,2112,3,Delivered,West,Apparel,FC-4,CUST-10263,App,Card,0,3
ORD-101857,2024-12-17,1367,2,Delivered,North,Apparel,FC-2,CUST-10571,Web,UPI,0,3
ORD-101858,2024-12-18,1157,2,Returned,East,Apparel,FC-2,CUST-10163,App,Card,0,3
ORD-101859,2024-12-18,218,1,Delivered,East,Grocery,FC-1,CUST-10170,Marketplace,COD,0,4
ORD-101860,2024-12-18,9061,3,Delivered,West,Electronics,FC-7,CUST-10384,Web,Card,0,3
ORD-101861,2024-12-18,1697,2,Delivered,East,Home,FC-2,CUST-10108,Web,UPI,140,4
ORD-101862,2024-12-18,2581,3,Delivered,South,Apparel,FC-1,CUST-10444,Marketplace,Card,0,3
ORD-101863,2024-12-18,2186,3,Delivered,East,Home,FC-3,CUST-10572,Web,Card,136,3
ORD-101864,2024-12-18,2575,1,Delivered,East,Electronics,FC-2,CUST-10270,Web,Card,0,3
ORD-101865,2024-12-18,429,2,Delivered,West,Grocery,FC-3,CUST-10005,App,Card,0,4
ORD-101866,2024-12-18,885,1,Delivered,North,Apparel,FC-4,CUST-10573,Web,UPI,0,5
ORD-101867,2024-12-18,522,1,Delivered,South,Beauty,FC-6,CUST-10222,Web,Card,0,3
ORD-101868,2024-12-18,1401,2,Delivered,South,Home,FC-5,CUST-10574,App,Card,75,4
ORD-101869,2024-12-18,2859,1,Delivered,East,Electronics,FC-4,CUST-10228,App,Wallet,201,5
ORD-101870,2024-12-18,1628,4,Delivered,East,Beauty,FC-6,CUST-10575,Web,UPI,0,4
ORD-101871,2024-12-18,2589,3,Pending,East,Home,FC-1,CUST-10576,Web,UPI,0,
ORD-101872,2024-12-18,906,3,Delivered,West,Grocery,FC-3,CUST-10001,Marketplace,UPI,0,3
ORD-101873,2024-12-18,438,2,Delivered,West,Grocery,FC-3,CUST-10458,App,UPI,0,3
ORD-101874,2024-12-18,16493,5,Delivered,East,Electronics,FC-2,CUST-10577,Web,Wallet,0,4
ORD-101875,2024-12-18,4040,2,Delivered,South,Electronics,FC-5,CUST-10129,App,UPI,0,3
ORD-101876,2024-12-18,494,2,Delivered,North,Grocery,FC-7,CUST-10578,App,Wallet,0,5
ORD-101877,2024-12-18,665,3,Returned,South,Grocery,FC-2,CUST-10060,App,Card,45,2
ORD-101878,2024-12-18,667,1,Delivered,West,Apparel,FC-5,CUST-10579,Web,Wallet,0,3
ORD-101879,2024-12-18,1530,2,Cancelled,East,Apparel,FC-5,CUST-10437,Web,Wallet,124,
ORD-101880,2024-12-18,2482,3,Delivered,West,Apparel,FC-7,CUST-10077,Web,UPI,0,4
ORD-101881,2024-12-18,1375,2,Shipped,East,Apparel,FC-7,CUST-10443,App,UPI,0,
ORD-101882,2024-12-18,763,1,Delivered,North,Home,FC-8,CUST-10041,App,UPI,0,5
ORD-101883,2024-12-18,1119,2,Returned,East,Apparel,FC-1,CUST-10374,App,Card,117,3
ORD-101884,2024-12-18,181,1,Delivered,West,Grocery,FC-5,CUST-10580,Web,Card,0,3
ORD-101885,2024-12-18,3296,3,Delivered,North,Home,FC-6,CUST-10098,Marketplace,Wallet,0,4
ORD-101886,2024-12-18,272,1,Delivered,North,Grocery,FC-7,CUST-10059,Web,UPI,0,4
ORD-101887,2024-12-18,970,1,Delivered,East,Home,FC-4,CUST-10058,Web,COD,89,4
ORD-101888,2024-12-18,395,1,Delivered,East,Beauty,FC-3,CUST-10060,Web,COD,0,4
ORD-101889,2024-12-18,3349,1,Delivered,North,Electronics,FC-2,CUST-10004,Web,COD,0,2
ORD-101890,2024-12-18,4212,4,Delivered,West,Home,FC-6,CUST-10367,App,Card,0,4
ORD-101891,2024-12-18,974,2,Delivered,East,Beauty,FC-2,CUST-10581,Web,UPI,0,3
ORD-101892,2024-12-18,10787,4,Shipped,East,Electronics,FC-5,CUST-10456,Web,COD,768,
ORD-101893,2024-12-18,521,2,Delivered,East,Grocery,FC-4,CUST-10276,Web,Card,0,5
ORD-101894,2024-12-18,207,1,Delivered,North,Grocery,FC-2,CUST-10434,Web,Card,0,4
ORD-101895,2024-12-18,289,1,Delivered,West,Grocery,FC-6,CUST-10408,Marketplace,COD,0,2
ORD-101896,2024-12-18,3272,1,Delivered,North,Electronics,FC-7,CUST-10482,Web,Card,0,3
ORD-101897,2024-12-18,1033,3,Delivered,East,Beauty,FC-1,CUST-10017,Web,Card,0,4
ORD-101898,2024-12-18,1238,5,Delivered,North,Grocery,FC-5,CUST-10059,App,UPI,0,2
ORD-101899,2024-12-18,8766,4,Cancelled,South,Electronics,FC-6,CUST-10281,Marketplace,UPI,0,
ORD-101900,2024-12-18,542,3,Delivered,West,Grocery,FC-2,CUST-10072,Web,UPI,0,3
ORD-101901,2024-12-18,826,1,Delivered,South,Home,FC-6,CUST-10059,Web,COD,0,2
ORD-101902,2024-12-18,666,1,Delivered,East,Apparel,FC-1,CUST-10443,Marketplace,UPI,0,4
ORD-101903,2024-12-18,825,3,Cancelled,South,Grocery,FC-7,CUST-10582,Marketplace,Card,0,
ORD-101904,2024-12-18,641,2,Delivered,South,Beauty,FC-1,CUST-10016,Marketplace,UPI,0,3
ORD-101905,2024-12-18,5441,2,Delivered,North,Electronics,FC-3,CUST-10394,App,COD,0,3
ORD-101906,2024-12-18,1181,1,Delivered,North,Home,FC-6,CUST-10044,Web,Card,0,4
ORD-101907,2024-12-18,1784,2,Delivered,North,Apparel,FC-8,CUST-10174,App,COD,0,3
ORD-101908,2024-12-18,8672,3,Delivered,North,Electronics,FC-5,CUST-10106,App,UPI,779,4
ORD-101909,2024-12-18,9225,4,Delivered,South,Electronics,FC-2,CUST-10468,App,Wallet,553,4
ORD-101910,2024-12-18,1088,3,Delivered,North,Beauty,FC-1,CUST-10507,App,Card,0,4
ORD-101911,2024-12-18,1832,3,Delivered,West,Apparel,FC-5,CUST-10041,App,UPI,0,2
ORD-101912,2024-12-18,1557,5,Delivered,North,Grocery,FC-7,CUST-10502,App,Wallet,0,4
ORD-101913,2024-12-18,307,1,Delivered,West,Grocery,FC-3,CUST-10583,App,COD,0,3
ORD-101914,2024-12-18,3406,5,Delivered,South,Apparel,FC-8,CUST-10035,Web,COD,0,4
ORD-101915,2024-12-18,272,1,Delivered,West,Beauty,FC-4,CUST-10454,App,COD,25,3
ORD-101916,2024-12-18,6128,3,Delivered,East,Electronics,FC-8,CUST-10117,Marketplace,Card,0,4
ORD-101917,2024-12-18,1650,2,Delivered,South,Apparel,FC-7,CUST-10584,App,UPI,0,4
ORD-101918,2024-12-18,354,2,Delivered,South,Grocery,FC-8,CUST-10380,Web,Card,30,4
ORD-101919,2024-12-18,1038,2,Returned,South,Apparel,FC-2,CUST-10196,Web,COD,0,2
ORD-101920,2024-12-18,1461,3,Returned,West,Beauty,FC-4,CUST-10507,Web,COD,143,4
ORD-101921,2024-12-18,3571,3,Delivered,North,Home,FC-2,CUST-10339,Web,COD,0,3
ORD-101922,2024-12-18,838,1,Delivered,East,Apparel,FC-7,CUST-10284,Marketplace,COD,0,5
ORD-101923,2024-12-18,799,4,Delivered,West,Grocery,FC-7,CUST-10220,App,UPI,0,4
ORD-101924,2024-12-18,1716,2,Delivered,West,Apparel,FC-8,CUST-10066,Web,UPI,0,5
ORD-101925,2024-12-18,612,1,Delivered,West,Apparel,FC-8,CUST-10135,App,Card,0,4
ORD-101926,2024-12-18,925,1,Delivered,North,Home,FC-3,CUST-10102,Marketplace,COD,0,3
ORD-101927,2024-12-18,827,4,Delivered,South,Grocery,FC-7,CUST-10427,App,UPI,0,4
ORD-101928,2024-12-18,849,2,Returned,South,Beauty,FC-4,CUST-10001,App,COD,0,3
ORD-101929,2024-12-18,1712,2,Delivered,North,Home,FC-6,CUST-10482,App,COD,174,3
ORD-101930,2024-12-18,9201,3,Delivered,North,Electronics,FC-8,CUST-10117,Web,UPI,0,4
ORD-101931,2024-12-18,1026,2,Cancelled,East,Apparel,FC-6,CUST-10442,Web,COD,0,
ORD-101932,2024-12-18,469,2,Delivered,South,Grocery,FC-2,CUST-10284,Marketplace,UPI,0,3
ORD-101933,2024-12-18,2314,2,Shipped,East,Home,FC-2,CUST-10585,Web,Card,0,
ORD-101934,2024-12-18,1542,2,Returned,North,Home,FC-8,CUST-10586,Web,Wallet,0,5
ORD-101935,2024-12-18,2796,1,Delivered,East,Electronics,FC-7,CUST-10070,Marketplace,UPI,0,4
ORD-101936,2024-12-18,882,1,Delivered,South,Apparel,FC-5,CUST-10435,Web,UPI,0,2
ORD-101937,2024-12-18,213,1,Delivered,West,Grocery,FC-1,CUST-10587,Web,COD,17,2
ORD-101938,2024-12-18,1683,2,Returned,West,Home,FC-1,CUST-10335,Web,UPI,156,4
ORD-101939,2024-12-18,6099,2,Delivered,East,Electronics,FC-5,CUST-10588,App,Card,600,3
ORD-101940,2024-12-18,682,2,Returned,East,Beauty,FC-4,CUST-10482,App,COD,62,4
ORD-101941,2024-12-18,550,2,Delivered,West,Grocery,FC-5,CUST-10375,App,Card,0,4
ORD-101942,2024-12-18,4810,2,Delivered,South,Electronics,FC-5,CUST-10558,App,Card,0,3
ORD-101943,2024-12-18,710,1,Delivered,West,Apparel,FC-2,CUST-10217,Web,COD,0,3
ORD-101944,2024-12-18,1018,3,Delivered,West,Beauty,FC-3,CUST-10589,Marketplace,Wallet,0,3
ORD-101945,2024-12-18,9849,4,Delivered,East,Electronics,FC-3,CUST-10590,App,Card,0,4
ORD-101946,2024-12-18,706,2,Delivered,South,Beauty,FC-5,CUST-10524,Marketplace,Card,53,2
ORD-101947,2024-12-18,2288,1,Shipped,East,Electronics,FC-8,CUST-10089,Marketplace,UPI,0,
ORD-101948,2024-12-18,714,1,Delivered,West,Apparel,FC-8,CUST-10591,Web,COD,0,3
ORD-101949,2024-12-18,2627,1,Delivered,North,Electronics,FC-6,CUST-10393,App,Card,0,3
ORD-101950,2024-12-18,588,2,Returned,West,Beauty,FC-4,CUST-10270,App,Wallet,43,3
ORD-101951,2024-12-18,8781,4,Delivered,West,Electronics,FC-2,CUST-10592,App,Card,0,3
ORD-101952,2024-12-18,199,1,Delivered,North,Grocery,FC-6,CUST-10593,Web,Card,0,3
ORD-101953,2024-12-18,3352,1,Delivered,West,Electronics,FC-1,CUST-10478,Web,Card,0,2
ORD-101954,2024-12-18,331,1,Delivered,West,Beauty,FC-7,CUST-10078,Web,Wallet,0,4
ORD-101955,2024-12-18,2192,1,Delivered,West,Electronics,FC-1,CUST-10217,Marketplace,Card,195,3
ORD-101956,2024-12-18,484,2,Delivered,North,Grocery,FC-5,CUST-10350,Web,UPI,41,4
ORD-101957,2024-12-18,2888,3,Cancelled,East,Home,FC-5,CUST-10556,Web,Card,0,
ORD-101958,2024-12-18,897,1,Shipped,North,Home,FC-8,CUST-10097,Web,COD,0,
ORD-101959,2024-12-18,472,1,Delivered,East,Beauty,FC-1,CUST-10594,Marketplace,UPI,35,4
ORD-101960,2024-12-18,3532,3,Delivered,North,Home,FC-3,CUST-10595,Web,Card,0,4
ORD-101961,2024-12-18,634,1,Delivered,North,Home,FC-2,CUST-10578,App,UPI,48,3
ORD-101962,2024-12-18,452,2,Cancelled,North,Grocery,FC-5,CUST-10596,Web,Card,0,
ORD-101963,2024-12-18,636,1,Returned,East,Apparel,FC-7,CUST-10525,App,Card,64,4
ORD-101964,2024-12-18,9112,5,Delivered,East,Electronics,FC-1,CUST-10597,Web,UPI,1007,4
ORD-101965,2024-12-18,2612,3,Delivered,South,Apparel,FC-7,CUST-10587,Marketplace,COD,0,3
ORD-101966,2024-12-18,3274,1,Delivered,East,Electronics,FC-1,CUST-10208,App,COD,0,5
ORD-101967,2024-12-19,1626,2,Cancelled,East,Home,FC-4,CUST-10265,App,Card,0,
ORD-101968,2024-12-19,170,1,Delivered,North,Grocery,FC-4,CUST-10131,App,UPI,0,5
ORD-101969,2024-12-19,1833,4,Cancelled,East,Beauty,FC-3,CUST-10598,App,UPI,195,
ORD-101970,2024-12-19,686,1,Delivered,South,Apparel,FC-3,CUST-10599,Web,Wallet,0,3
ORD-101971,2024-12-19,1314,2,Delivered,South,Apparel,FC-1,CUST-10437,App,Card,93,3
ORD-101972,2024-12-19,2006,3,Delivered,East,Apparel,FC-8,CUST-10308,Web,UPI,0,5
ORD-101973,2024-12-19,16691,5,Delivered,North,Electronics,FC-2,CUST-10403,App,COD,0,3
ORD-101974,2024-12-19,2658,5,Delivered,South,Beauty,FC-2,CUST-10600,App,Card,0,2
ORD-101975,2024-12-19,380,1,Delivered,East,Beauty,FC-1,CUST-10357,Web,Card,0,3
ORD-101976,2024-12-19,503,2,Delivered,East,Grocery,FC-4,CUST-10601,Web,UPI,0,5
ORD-101977,2024-12-19,891,1,Shipped,West,Apparel,FC-1,CUST-10351,App,UPI,0,
ORD-101978,2024-12-19,177,1,Delivered,West,Grocery,FC-5,CUST-10602,App,UPI,0,3
ORD-101979,2024-12-19,3034,5,Returned,South,Apparel,FC-3,CUST-10375,App,UPI,0,3
ORD-101980,2024-12-19,508,1,Delivered,East,Beauty,FC-8,CUST-10281,Marketplace,Card,0,3
ORD-101981,2024-12-19,2125,2,Cancelled,West,Home,FC-2,CUST-10603,App,COD,0,
ORD-101982,2024-12-19,4581,4,Delivered,South,Home,FC-8,CUST-10604,Web,UPI,0,4
ORD-101983,2024-12-19,657,2,Cancelled,East,Beauty,FC-8,CUST-10412,Web,COD,0,
ORD-101984,2024-12-19,7271,3,Delivered,North,Electronics,FC-3,CUST-10472,App,UPI,0,4
ORD-101985,2024-12-19,10277,4,Delivered,North,Electronics,FC-7,CUST-10178,Marketplace,UPI,0,3
ORD-101986,2024-12-19,5040,2,Delivered,West,Electronics,FC-2,CUST-10605,Marketplace,UPI,0,4
ORD-101987,2024-12-19,596,2,Returned,North,Beauty,FC-3,CUST-10467,Web,Card,0,4
ORD-101988,2024-12-19,3138,4,Returned,West,Apparel,FC-5,CUST-10606,Marketplace,COD,0,4
ORD-101989,2024-12-19,4806,2,Delivered,South,Electronics,FC-1,CUST-10131,Web,UPI,0,3
ORD-101990,2024-12-19,913,3,Delivered,West,Beauty,FC-7,CUST-10595,App,COD,0,2
ORD-101991,2024-12-19,3354,3,Delivered,West,Home,FC-4,CUST-10356,Web,COD,0,4
ORD-101992,2024-12-19,260,1,Cancelled,East,Grocery,FC-4,CUST-10226,App,UPI,27,
ORD-101993,2024-12-19,1811,2,Delivered,East,Apparel,FC-8,CUST-10607,Web,UPI,0,4
ORD-101994,2024-12-19,487,1,Delivered,East,Beauty,FC-8,CUST-10608,Marketplace,UPI,0,4
ORD-101995,2024-12-19,643,1,Delivered,East,Apparel,FC-4,CUST-10389,Web,COD,0,6
ORD-101996,2024-12-19,472,1,Delivered,West,Beauty,FC-4,CUST-10443,App,Card,0,5
ORD-101997,2024-12-19,653,2,Pending,North,Beauty,FC-1,CUST-10609,App,COD,40,
ORD-101998,2024-12-19,2343,1,Delivered,West,Electronics,FC-5,CUST-10551,App,Card,0,4
ORD-101999,2024-12-19,2496,4,Shipped,North,Apparel,FC-3,CUST-10172,App,COD,0,
ORD-102000,2024-12-19,325,2,Delivered,West,Grocery,FC-8,CUST-10318,Web,UPI,28,3
ORD-102001,2024-12-19,1389,2,Delivered,East,Home,FC-3,CUST-10219,Web,COD,0,3
ORD-102002,2024-12-19,3013,3,Cancelled,North,Home,FC-2,CUST-10003,Web,Card,308,
ORD-102003,2024-12-19,4050,2,Delivered,North,Electronics,FC-8,CUST-10610,Web,UPI,255,3
ORD-102004,2024-12-19,634,1,Delivered,West,Apparel,FC-8,CUST-10091,Web,Wallet,0,3
ORD-102005,2024-12-19,754,2,Delivered,West,Beauty,FC-7,CUST-10107,App,Card,44,4
ORD-102006,2024-12-19,1040,1,Delivered,North,Home,FC-2,CUST-10245,Web,Wallet,0,4
ORD-102007,2024-12-19,2887,4,Delivered,East,Apparel,FC-4,CUST-10346,Marketplace,Card,0,4
ORD-102008,2024-12-19,258,1,Delivered,South,Grocery,FC-4,CUST-10175,App,Card,21,5
ORD-102009,2024-12-19,467,1,Delivered,East,Beauty,FC-5,CUST-10161,App,UPI,0,4
ORD-102010,2024-12-19,954,1,Delivered,South,Home,FC-4,CUST-10611,Marketplace,UPI,53,4
ORD-102011,2024-12-19,157,1,Pending,East,Grocery,FC-5,CUST-10173,Web,UPI,15,
ORD-102012,2024-12-19,1781,5,Delivered,North,Beauty,FC-3,CUST-10381,Marketplace,Card,0,4
ORD-102013,2024-12-19,1225,3,Delivered,North,Beauty,FC-8,CUST-10417,Web,UPI,0,4
ORD-102014,2024-12-19,521,3,Delivered,East,Grocery,FC-7,CUST-10309,App,Card,38,4
ORD-102015,2024-12-19,660,3,Delivered,West,Grocery,FC-8,CUST-10058,Web,Card,0,4
ORD-102016,2024-12-19,1756,4,Delivered,East,Beauty,FC-5,CUST-10173,App,COD,195,5
ORD-102017,2024-12-19,304,1,Delivered,South,Beauty,FC-3,CUST-10612,Web,UPI,0,3
ORD-102018,2024-12-19,811,3,Delivered,East,Grocery,FC-2,CUST-10613,App,Card,0,4
ORD-102019,2024-12-19,4152,5,Cancelled,East,Apparel,FC-8,CUST-10166,Web,UPI,374,
ORD-102020,2024-12-19,194,1,Delivered,East,Grocery,FC-7,CUST-10086,Web,COD,0,5
ORD-102021,2024-12-19,1497,2,Delivered,East,Apparel,FC-7,CUST-10614,Web,COD,0,3
ORD-102022,2024-12-19,176,1,Delivered,North,Grocery,FC-4,CUST-10208,Web,COD,17,5
ORD-102023,2024-12-19,198,1,Delivered,South,Grocery,FC-5,CUST-10536,App,COD,0,2
ORD-102024,2024-12-19,4025,4,Delivered,East,Home,FC-4,CUST-10615,Marketplace,COD,0,6
ORD-102025,2024-12-19,404,2,Delivered,South,Grocery,FC-1,CUST-10540,App,COD,0,1
ORD-102026,2024-12-19,3994,2,Delivered,North,Electronics,FC-4,CUST-10214,Marketplace,UPI,0,5
ORD-102027,2024-12-19,13274,5,Delivered,North,Electronics,FC-5,CUST-10566,Web,COD,0,2
ORD-102028,2024-12-19,2906,5,Returned,South,Apparel,FC-6,CUST-10519,Web,Wallet,0,1
ORD-102029,2024-12-19,8158,3,Returned,North,Electronics,FC-7,CUST-10369,App,UPI,0,3
ORD-102030,2024-12-19,2329,1,Delivered,North,Electronics,FC-3,CUST-10174,App,COD,0,4
ORD-102031,2024-12-19,940,1,Delivered,West,Home,FC-2,CUST-10014,Marketplace,UPI,0,3
ORD-102032,2024-12-19,2286,3,Shipped,North,Apparel,FC-2,CUST-10410,Web,UPI,0,
ORD-102033,2024-12-19,1397,2,Delivered,East,Apparel,FC-2,CUST-10616,Web,Card,117,4
ORD-102034,2024-12-19,2000,4,Delivered,South,Beauty,FC-4,CUST-10617,App,Wallet,0,3
ORD-102035,2024-12-19,14045,5,Delivered,West,Electronics,FC-1,CUST-10618,Web,Wallet,0,3
ORD-102036,2024-12-19,347,1,Delivered,South,Beauty,FC-2,CUST-10114,Web,COD,0,2
ORD-102037,2024-12-19,2971,1,Delivered,West,Electronics,FC-3,CUST-10362,App,UPI,0,2
ORD-102038,2024-12-19,2464,2,Delivered,East,Home,FC-7,CUST-10481,App,COD,0,4
ORD-102039,2024-12-19,2773,4,Delivered,East,Home,FC-8,CUST-10619,App,Card,0,5
ORD-102040,2024-12-19,225,1,Delivered,West,Grocery,FC-8,CUST-10620,Web,Card,0,4
ORD-102041,2024-12-19,901,1,Delivered,South,Apparel,FC-1,CUST-10621,Marketplace,UPI,0,2
ORD-102042,2024-12-19,1535,2,Delivered,North,Home,FC-1,CUST-10364,Web,Wallet,0,2
ORD-102043,2024-12-19,446,1,Shipped,South,Beauty,FC-8,CUST-10612,App,Wallet,0,
ORD-102044,2024-12-19,11612,5,Cancelled,West,Electronics,FC-3,CUST-10325,Web,UPI,0,
ORD-102045,2024-12-19,782,2,Delivered,North,Beauty,FC-7,CUST-10131,Web,UPI,47,3
ORD-102046,2024-12-19,173,1,Delivered,South,Grocery,FC-6,CUST-10207,App,COD,11,3
ORD-102047,2024-12-19,621,3,Delivered,North,Grocery,FC-1,CUST-10336,Web,COD,40,4
ORD-102048,2024-12-19,180,1,Delivered,South,Grocery,FC-4,CUST-10112,App,UPI,0,5
ORD-102049,2024-12-19,671,1,Delivered,North,Home,FC-6,CUST-10014,App,Card,50,4
ORD-102050,2024-12-20,5780,2,Returned,East,Electronics,FC-2,CUST-10622,App,UPI,0,5
ORD-102051,2024-12-20,1116,1,Delivered,East,Home,FC-5,CUST-10623,Marketplace,Card,0,3
ORD-102052,2024-12-20,1618,2,Returned,East,Apparel,FC-6,CUST-10035,App,Card,0,3
ORD-102053,2024-12-20,3266,4,Delivered,West,Home,FC-3,CUST-10624,App,UPI,0,3
ORD-102054,2024-12-20,1460,2,Delivered,South,Apparel,FC-5,CUST-10625,Web,Wallet,0,4
ORD-102055,2024-12-20,11827,4,Delivered,North,Electronics,FC-5,CUST-10490,Web,UPI,0,2
ORD-102056,2024-12-20,2855,4,Delivered,West,Apparel,FC-1,CUST-10626,App,Card,0,2
ORD-102057,2024-12-20,3124,3,Delivered,South,Home,FC-4,CUST-10506,Web,COD,0,3
ORD-102058,2024-12-20,812,3,Cancelled,East,Grocery,FC-6,CUST-10045,App,Wallet,0,
ORD-102059,2024-12-20,854,2,Delivered,West,Beauty,FC-8,CUST-10248,Marketplace,UPI,0,4
ORD-102060,2024-12-20,2875,3,Delivered,East,Home,FC-5,CUST-10558,App,COD,0,3
ORD-102061,2024-12-20,2527,1,Delivered,West,Electronics,FC-3,CUST-10141,Marketplace,UPI,0,3
ORD-102062,2024-12-20,718,1,Delivered,East,Apparel,FC-7,CUST-10627,Web,UPI,0,5
ORD-102063,2024-12-20,5513,2,Delivered,East,Electronics,FC-7,CUST-10628,Marketplace,Wallet,0,5
ORD-102064,2024-12-20,453,1,Delivered,North,Beauty,FC-4,CUST-10116,App,COD,34,6
ORD-102065,2024-12-20,2555,1,Delivered,North,Electronics,FC-5,CUST-10160,Web,UPI,0,2
ORD-102066,2024-12-20,7372,4,Delivered,East,Electronics,FC-2,CUST-10089,Web,UPI,0,4
ORD-102067,2024-12-20,2145,2,Delivered,West,Home,FC-2,CUST-10629,Web,COD,0,3
ORD-102068,2024-12-20,2977,3,Pending,South,Home,FC-5,CUST-10129,Web,Card,0,
ORD-102069,2024-12-20,1041,1,Delivered,East,Home,FC-7,CUST-10630,Web,COD,0,5
ORD-102070,2024-12-20,5726,3,Delivered,South,Electronics,FC-5,CUST-10014,App,Card,429,3
ORD-102071,2024-12-20,946,2,Delivered,West,Beauty,FC-6,CUST-10517,Marketplace,COD,0,4
ORD-102072,2024-12-20,252,1,Delivered,East,Grocery,FC-6,CUST-10192,Marketplace,UPI,0,4
ORD-102073,2024-12-20,765,1,Delivered,South,Apparel,FC-8,CUST-10556,Marketplace,UPI,0,4
ORD-102074,2024-12-20,726,1,Delivered,North,Home,FC-7,CUST-10245,App,UPI,74,4
ORD-102075,2024-12-20,1417,3,Delivered,West,Beauty,FC-7,CUST-10226,App,Card,127,2
ORD-102076,2024-12-20,3899,2,Delivered,North,Electronics,FC-1,CUST-10631,App,COD,0,3
ORD-102077,2024-12-20,2624,1,Delivered,East,Electronics,FC-6,CUST-10632,Web,COD,0,3
ORD-102078,2024-12-20,2035,4,Delivered,North,Apparel,FC-7,CUST-10406,Marketplace,Card,138,5
ORD-102079,2024-12-20,638,2,Cancelled,East,Beauty,FC-6,CUST-10572,Web,Card,63,
ORD-102080,2024-12-20,5783,2,Shipped,North,Electronics,FC-1,CUST-10564,App,UPI,0,
ORD-102081,2024-12-20,3606,3,Delivered,North,Home,FC-4,CUST-10140,Web,UPI,0,4
ORD-102082,2024-12-20,1210,4,Delivered,North,Grocery,FC-3,CUST-10576,App,Card,0,4
ORD-102083,2024-12-20,3073,1,Delivered,East,Electronics,FC-8,CUST-10346,Marketplace,COD,0,3
ORD-102084,2024-12-20,811,1,Delivered,North,Apparel,FC-1,CUST-10351,Web,UPI,58,3
ORD-102085,2024-12-20,6710,2,Delivered,North,Electronics,FC-8,CUST-10609,App,UPI,0,5
ORD-102086,2024-12-20,15262,5,Cancelled,East,Electronics,FC-4,CUST-10520,App,COD,0,
ORD-102087,2024-12-20,2891,1,Delivered,North,Electronics,FC-4,CUST-10633,Marketplace,Wallet,0,5
ORD-102088,2024-12-20,176,1,Delivered,North,Grocery,FC-7,CUST-10582,App,UPI,18,4
ORD-102089,2024-12-20,1474,3,Delivered,North,Apparel,FC-7,CUST-10289,Web,UPI,0,3
ORD-102090,2024-12-20,1778,5,Pending,South,Beauty,FC-1,CUST-10024,Web,Wallet,166,
ORD-102091,2024-12-20,464,2,Cancelled,North,Grocery,FC-7,CUST-10634,App,COD,0,
ORD-102092,2024-12-20,682,1,Returned,South,Apparel,FC-6,CUST-10635,App,COD,52,2
ORD-102093,2024-12-20,871,1,Cancelled,South,Home,FC-6,CUST-10469,App,Card,0,
ORD-102094,2024-12-20,188,1,Delivered,East,Grocery,FC-5,CUST-10636,App,Wallet,0,5
ORD-102095,2024-12-20,3398,4,Returned,East,Apparel,FC-2,CUST-10637,Web,Card,0,3
ORD-102096,2024-12-20,834,1,Delivered,East,Apparel,FC-5,CUST-10501,Web,UPI,0,5
ORD-102097,2024-12-20,970,1,Delivered,South,Home,FC-2,CUST-10263,Web,Wallet,55,3
ORD-102098,2024-12-20,5624,2,Delivered,East,Electronics,FC-5,CUST-10403,App,Card,581,5
ORD-102099,2024-12-20,5818,2,Delivered,South,Electronics,FC-2,CUST-10208,App,UPI,0,2
ORD-102100,2024-12-20,6720,2,Delivered,West,Electronics,FC-7,CUST-10286,Web,UPI,0,3
ORD-102101,2024-12-20,1124,5,Returned,North,Grocery,FC-2,CUST-10412,Web,COD,84,3
ORD-102102,2024-12-20,1481,2,Delivered,South,Home,FC-6,CUST-10066,Marketplace,Wallet,0,2
ORD-102103,2024-12-20,5693,2,Delivered,South,Electronics,FC-4,CUST-10255,Web,COD,519,3
ORD-102104,2024-12-20,1128,1,Delivered,West,Home,FC-2,CUST-10024,App,Wallet,0,2
ORD-102105,2024-12-20,843,3,Delivered,East,Grocery,FC-4,CUST-10372,Marketplace,Card,74,5
ORD-102106,2024-12-20,828,4,Delivered,North,Grocery,FC-5,CUST-10569,Web,Card,63,3
ORD-102107,2024-12-20,259,1,Returned,East,Grocery,FC-1,CUST-10111,Web,UPI,0,4
ORD-102108,2024-12-20,494,1,Delivered,West,Beauty,FC-8,CUST-10177,App,UPI,0,4
ORD-102109,2024-12-20,1987,4,Delivered,North,Beauty,FC-3,CUST-10253,App,Card,0,4
ORD-102110,2024-12-20,436,1,Returned,South,Beauty,FC-4,CUST-10638,App,Card,0,3
ORD-102111,2024-12-20,715,4,Delivered,South,Grocery,FC-7,CUST-10448,App,UPI,0,4
ORD-102112,2024-12-20,3425,5,Delivered,North,Home,FC-1,CUST-10463,App,Wallet,372,3
ORD-102113,2024-12-20,4135,2,Pending,North,Electronics,FC-5,CUST-10516,Web,UPI,0,
ORD-102114,2024-12-20,1861,5,Delivered,West,Beauty,FC-3,CUST-10639,Marketplace,COD,148,3
ORD-102115,2024-12-20,222,1,Delivered,East,Grocery,FC-7,CUST-10640,Marketplace,COD,16,5
ORD-102116,2024-12-20,925,3,Delivered,North,Grocery,FC-4,CUST-10641,Marketplace,COD,0,5
ORD-102117,2024-12-20,2014,2,Delivered,West,Home,FC-4,CUST-10642,App,COD,0,4
ORD-102118,2024-12-20,608,1,Returned,North,Apparel,FC-8,CUST-10643,App,COD,0,5
ORD-102119,2024-12-20,206,1,Returned,South,Grocery,FC-8,CUST-10195,App,Card,13,2
ORD-102120,2024-12-20,3346,3,Delivered,West,Home,FC-2,CUST-10596,App,COD,315,4
ORD-102121,2024-12-20,1139,4,Cancelled,North,Grocery,FC-4,CUST-10071,App,UPI,106,
ORD-102122,2024-12-20,5828,3,Delivered,North,Electronics,FC-6,CUST-10563,Marketplace,Card,593,2
ORD-102123,2024-12-20,1613,2,Returned,South,Apparel,FC-8,CUST-10632,Web,COD,103,4
ORD-102124,2024-12-20,1221,4,Delivered,East,Grocery,FC-1,CUST-10644,Web,UPI,0,5
ORD-102125,2024-12-20,1583,2,Delivered,West,Apparel,FC-6,CUST-10585,App,Wallet,143,2
ORD-102126,2024-12-20,12711,4,Returned,North,Electronics,FC-6,CUST-10410,App,Card,0,2
ORD-102127,2024-12-20,438,1,Delivered,South,Beauty,FC-4,CUST-10645,Web,UPI,0,4
ORD-102128,2024-12-20,1188,4,Cancelled,West,Grocery,FC-4,CUST-10139,Web,Wallet,0,
ORD-102129,2024-12-20,580,3,Delivered,West,Grocery,FC-6,CUST-10646,Web,Wallet,0,3
ORD-102130,2024-12-20,307,1,Delivered,East,Beauty,FC-8,CUST-10066,App,COD,0,4
ORD-102131,2024-12-20,1809,3,Returned,West,Apparel,FC-3,CUST-10059,App,COD,142,3
ORD-102132,2024-12-20,433,2,Returned,East,Grocery,FC-4,CUST-10433,Web,Card,39,6
ORD-102133,2024-12-20,2162,3,Delivered,North,Apparel,FC-4,CUST-10647,App,Card,0,5
ORD-102134,2024-12-20,1575,4,Delivered,West,Beauty,FC-4,CUST-10648,App,UPI,117,3
ORD-102135,2024-12-20,662,1,Shipped,East,Apparel,FC-6,CUST-10649,Marketplace,UPI,0,
ORD-102136,2024-12-20,208,1,Pending,North,Grocery,FC-4,CUST-10650,App,Wallet,0,
ORD-102137,2024-12-20,2073,2,Cancelled,West,Home,FC-5,CUST-10471,Marketplace,Card,0,
ORD-102138,2024-12-20,2809,1,Delivered,West,Electronics,FC-3,CUST-10063,Web,Card,0,3
ORD-102139,2024-12-20,2262,4,Delivered,South,Apparel,FC-3,CUST-10651,Web,COD,177,3
ORD-102140,2024-12-20,286,1,Delivered,East,Grocery,FC-5,CUST-10652,Marketplace,COD,0,4
ORD-102141,2024-12-20,1709,2,Pending,East,Apparel,FC-1,CUST-10653,Web,Card,0,
ORD-102142,2024-12-20,346,1,Delivered,East,Beauty,FC-4,CUST-10012,Web,Wallet,25,4
ORD-102143,2024-12-20,197,1,Delivered,East,Grocery,FC-4,CUST-10501,App,UPI,13,5
ORD-102144,2024-12-20,2212,1,Returned,East,Electronics,FC-1,CUST-10654,App,Card,0,3
ORD-102145,2024-12-20,583,1,Delivered,East,Apparel,FC-1,CUST-10612,App,UPI,0,4
ORD-102146,2024-12-20,995,1,Returned,North,Home,FC-4,CUST-10655,App,COD,0,3
ORD-102147,2024-12-20,10262,5,Shipped,West,Electronics,FC-7,CUST-10656,Web,COD,0,
ORD-102148,2024-12-20,797,3,Delivered,North,Grocery,FC-4,CUST-10398,Marketplace,Wallet,0,5
ORD-102149,2024-12-20,2367,3,Delivered,West,Home,FC-7,CUST-10421,App,COD,252,3
ORD-102150,2024-12-20,1261,2,Delivered,South,Apparel,FC-4,CUST-10463,App,Card,0,4
ORD-102151,2024-12-20,869,1,Delivered,West,Apparel,FC-8,CUST-10351,App,Wallet,0,3
ORD-102152,2024-12-20,1655,2,Delivered,North,Apparel,FC-7,CUST-10435,App,COD,91,4
ORD-102153,2024-12-20,2081,5,Delivered,North,Beauty,FC-1,CUST-10412,Web,COD,0,2
ORD-102154,2024-12-20,508,2,Delivered,West,Grocery,FC-6,CUST-10617,App,COD,0,2
ORD-102155,2024-12-20,690,1,Returned,East,Apparel,FC-4,CUST-10184,App,UPI,0,4
ORD-102156,2024-12-20,1167,2,Delivered,West,Apparel,FC-5,CUST-10490,App,COD,0,2
ORD-102157,2024-12-20,1090,2,Delivered,South,Apparel,FC-2,CUST-10019,App,Card,0,2
ORD-102158,2024-12-20,370,2,Returned,West,Grocery,FC-8,CUST-10127,App,COD,0,3
ORD-102159,2024-12-20,1197,2,Cancelled,East,Apparel,FC-3,CUST-10602,Marketplace,UPI,0,
ORD-102160,2024-12-20,232,1,Delivered,East,Grocery,FC-5,CUST-10137,Web,COD,0,4
ORD-102161,2024-12-20,2067,1,Delivered,North,Electronics,FC-2,CUST-10657,App,Card,211,4
ORD-102162,2024-12-21,12957,5,Cancelled,West,Electronics,FC-3,CUST-10046,Web,UPI,0,
ORD-102163,2024-12-21,1357,2,Delivered,North,Home,FC-5,CUST-10216,Web,COD,0,2
ORD-102164,2024-12-21,1508,3,Delivered,North,Beauty,FC-2,CUST-10076,App,UPI,100,3
ORD-102165,2024-12-21,768,3,Delivered,South,Grocery,FC-2,CUST-10606,Marketplace,UPI,0,3
ORD-102166,2024-12-21,846,1,Delivered,East,Apparel,FC-8,CUST-10658,Marketplace,Wallet,0,4
ORD-102167,2024-12-21,1009,2,Delivered,West,Beauty,FC-6,CUST-10166,App,COD,67,3
ORD-102168,2024-12-21,856,1,Delivered,North,Home,FC-2,CUST-10656,Web,COD,91,3
ORD-102169,2024-12-21,1765,2,Delivered,North,Apparel,FC-6,CUST-10607,App,COD,0,2
ORD-102170,2024-12-21,244,1,Delivered,West,Grocery,FC-6,CUST-10037,Web,COD,14,3
ORD-102171,2024-12-21,709,1,Delivered,South,Apparel,FC-5,CUST-10369,App,Card,0,2
ORD-102172,2024-12-21,1046,1,Delivered,West,Home,FC-8,CUST-10634,Web,UPI,0,3
ORD-102173,2024-12-21,519,1,Delivered,East,Apparel,FC-8,CUST-10466,App,COD,48,4
ORD-102174,2024-12-21,448,2,Returned,East,Grocery,FC-5,CUST-10160,Web,UPI,25,5
ORD-102175,2024-12-21,681,2,Delivered,West,Beauty,FC-3,CUST-10649,Marketplace,UPI,73,3
ORD-102176,2024-12-21,2321,1,Delivered,North,Electronics,FC-2,CUST-10394,Marketplace,COD,0,3
ORD-102177,2024-12-21,612,3,Delivered,West,Grocery,FC-6,CUST-10117,App,UPI,0,2
ORD-102178,2024-12-21,989,1,Delivered,South,Home,FC-8,CUST-10659,Web,Card,0,3
ORD-102179,2024-12-21,705,2,Cancelled,North,Beauty,FC-8,CUST-10660,Marketplace,UPI,0,
ORD-102180,2024-12-21,5140,2,Delivered,West,Electronics,FC-4,CUST-10661,Web,COD,410,3
ORD-102181,2024-12-21,3295,1,Delivered,North,Electronics,FC-7,CUST-10125,App,UPI,0,4
ORD-102182,2024-12-21,2845,1,Delivered,West,Electronics,FC-3,CUST-10235,Marketplace,Card,0,3
ORD-102183,2024-12-21,296,1,Cancelled,West,Beauty,FC-8,CUST-10587,App,UPI,0,
ORD-102184,2024-12-21,8518,3,Delivered,West,Electronics,FC-5,CUST-10662,App,UPI,0,4
ORD-102185,2024-12-21,956,1,Delivered,East,Home,FC-2,CUST-10573,App,COD,0,4
ORD-102186,2024-12-21,9331,5,Delivered,East,Electronics,FC-3,CUST-10511,App,Wallet,0,5
ORD-102187,2024-12-21,301,1,Delivered,East,Grocery,FC-8,CUST-10388,Web,Card,0,4
ORD-102188,2024-12-21,3271,1,Delivered,West,Electronics,FC-1,CUST-10194,Web,UPI,0,3
ORD-102189,2024-12-21,1475,2,Delivered,North,Home,FC-7,CUST-10663,App,UPI,0,3
ORD-102190,2024-12-21,2243,1,Returned,North,Electronics,FC-2,CUST-10664,Web,Card,210,3
ORD-102191,2024-12-21,2062,1,Returned,East,Electronics,FC-1,CUST-10411,Web,UPI,169,4
ORD-102192,2024-12-21,2461,5,Delivered,West,Apparel,FC-7,CUST-10420,Web,Card,0,3
ORD-102193,2024-12-21,293,1,Delivered,East,Beauty,FC-1,CUST-10605,App,Card,26,3
ORD-102194,2024-12-21,727,2,Cancelled,South,Beauty,FC-1,CUST-10408,App,UPI,0,
ORD-102195,2024-12-21,554,2,Delivered,West,Grocery,FC-8,CUST-10444,Web,Card,0,4
ORD-102196,2024-12-21,208,1,Pending,South,Grocery,FC-4,CUST-10293,Marketplace,UPI,0,
ORD-102197,2024-12-21,14746,5,Cancelled,West,Electronics,FC-7,CUST-10291,Web,COD,0,
ORD-102198,2024-12-21,1108,1,Delivered,East,Home,FC-7,CUST-10665,Web,Card,119,5
ORD-102199,2024-12-21,6116,2,Delivered,West,Electronics,FC-1,CUST-10107,App,Wallet,328,3
ORD-102200,2024-12-21,8217,4,Delivered,South,Electronics,FC-2,CUST-10666,App,COD,717,2
ORD-102201,2024-12-21,2403,3,Delivered,North,Apparel,FC-2,CUST-10514,App,COD,264,3
ORD-102202,2024-12-21,1732,2,Returned,North,Apparel,FC-8,CUST-10295,App,UPI,0,5
ORD-102203,2024-12-21,401,1,Delivered,West,Beauty,FC-7,CUST-10667,Marketplace,Card,0,3
ORD-102204,2024-12-21,803,1,Returned,East,Apparel,FC-1,CUST-10320,Marketplace,Card,65,4
ORD-102205,2024-12-21,2071,1,Delivered,East,Electronics,FC-6,CUST-10668,App,Card,0,5
ORD-102206,2024-12-21,14882,5,Delivered,North,Electronics,FC-6,CUST-10226,Web,Wallet,1605,3
ORD-102207,2024-12-21,1377,4,Delivered,North,Beauty,FC-5,CUST-10549,Web,COD,0,3
ORD-102208,2024-12-21,278,1,Delivered,North,Grocery,FC-6,CUST-10107,Web,UPI,0,3
ORD-102209,2024-12-21,356,1,Delivered,East,Beauty,FC-5,CUST-10566,App,UPI,0,5
ORD-102210,2024-12-21,2232,3,Returned,East,Home,FC-2,CUST-10442,App,UPI,0,3
ORD-102211,2024-12-21,3039,5,Delivered,North,Apparel,FC-5,CUST-10284,App,UPI,334,2
ORD-102212,2024-12-21,996,1,Delivered,East,Home,FC-3,CUST-10669,Web,Wallet,0,4
ORD-102213,2024-12-21,492,1,Cancelled,West,Beauty,FC-5,CUST-10670,Web,COD,0,
ORD-102214,2024-12-21,1926,4,Delivered,West,Apparel,FC-8,CUST-10671,Marketplace,Card,176,5
ORD-102215,2024-12-21,1145,1,Delivered,East,Home,FC-5,CUST-10672,App,Card,0,3
ORD-102216,2024-12-21,1119,1,Delivered,North,Home,FC-8,CUST-10673,App,Card,0,3
ORD-102217,2024-12-21,5954,2,Delivered,North,Electronics,FC-8,CUST-10336,App,COD,0,4
ORD-102218,2024-12-21,4557,2,Delivered,East,Electronics,FC-5,CUST-10463,Web,UPI,476,4
ORD-102219,2024-12-21,8273,4,Delivered,South,Electronics,FC-7,CUST-10624,Web,Card,864,2
ORD-102220,2024-12-21,1836,2,Delivered,East,Home,FC-1,CUST-10674,Web,UPI,0,5
ORD-102221,2024-12-21,958,2,Delivered,South,Apparel,FC-6,CUST-10552,Marketplace,Wallet,101,2
ORD-102222,2024-12-21,502,1,Delivered,East,Beauty,FC-6,CUST-10675,Web,UPI,0,4
ORD-102223,2024-12-21,1766,2,Delivered,North,Home,FC-5,CUST-10480,App,Wallet,0,3
ORD-102224,2024-12-21,348,1,Cancelled,South,Beauty,FC-5,CUST-10421,Marketplace,Card,0,
ORD-102225,2024-12-21,4698,2,Cancelled,East,Electronics,FC-2,CUST-10501,App,Card,0,
ORD-102226,2024-12-21,8287,4,Delivered,South,Electronics,FC-8,CUST-10676,Marketplace,UPI,556,3
ORD-102227,2024-12-21,5497,3,Delivered,South,Electronics,FC-4,CUST-10677,Web,UPI,306,4
ORD-102228,2024-12-21,15903,5,Delivered,North,Electronics,FC-1,CUST-10151,Web,UPI,0,2
ORD-102229,2024-12-21,1000,1,Delivered,North,Home,FC-4,CUST-10478,Marketplace,Card,0,4
ORD-102230,2024-12-21,869,3,Delivered,East,Grocery,FC-1,CUST-10167,Web,Card,0,5
ORD-102231,2024-12-21,841,1,Delivered,West,Apparel,FC-6,CUST-10147,Marketplace,Card,0,3
ORD-102232,2024-12-21,434,2,Delivered,West,Grocery,FC-7,CUST-10678,Marketplace,COD,0,3
ORD-102233,2024-12-21,2710,1,Returned,South,Electronics,FC-8,CUST-10434,Web,Card,146,2
ORD-102234,2024-12-21,1454,2,Delivered,West,Home,FC-5,CUST-10485,App,Card,0,2
ORD-102235,2024-12-21,6149,2,Delivered,South,Electronics,FC-8,CUST-10185,App,UPI,0,2
ORD-102236,2024-12-21,2658,5,Returned,East,Beauty,FC-4,CUST-10543,App,COD,0,5
ORD-102237,2024-12-21,1326,3,Delivered,North,Beauty,FC-4,CUST-10679,Web,UPI,0,4
ORD-102238,2024-12-21,845,1,Delivered,North,Apparel,FC-3,CUST-10421,Marketplace,Card,58,3
ORD-102239,2024-12-21,996,1,Delivered,North,Home,FC-5,CUST-10680,Web,UPI,0,3
ORD-102240,2024-12-21,771,2,Delivered,North,Beauty,FC-8,CUST-10681,App,UPI,68,4
ORD-102241,2024-12-21,273,1,Cancelled,West,Grocery,FC-3,CUST-10454,Web,Card,16,
ORD-102242,2024-12-21,2300,2,Delivered,East,Home,FC-1,CUST-10682,App,COD,0,3
ORD-102243,2024-12-21,744,1,Delivered,West,Apparel,FC-7,CUST-10092,Web,COD,70,3
ORD-102244,2024-12-21,306,1,Delivered,East,Beauty,FC-6,CUST-10324,App,COD,31,3
ORD-102245,2024-12-21,1280,2,Delivered,South,Apparel,FC-3,CUST-10247,App,COD,0,3
ORD-102246,2024-12-21,638,1,Delivered,South,Apparel,FC-7,CUST-10311,Web,UPI,0,3
ORD-102247,2024-12-21,668,1,Delivered,North,Home,FC-2,CUST-10492,Marketplace,COD,0,3
ORD-102248,2024-12-21,539,1,Returned,West,Beauty,FC-3,CUST-10530,Web,Card,0,4
ORD-102249,2024-12-21,1141,1,Delivered,East,Home,FC-3,CUST-10683,Marketplace,Card,0,5
ORD-102250,2024-12-21,1246,2,Delivered,South,Apparel,FC-8,CUST-10684,Web,UPI,86,3
ORD-102251,2024-12-21,2815,3,Delivered,East,Home,FC-2,CUST-10648,Web,Card,0,4
ORD-102252,2024-12-21,3130,1,Delivered,South,Electronics,FC-7,CUST-10192,Marketplace,COD,0,2
ORD-102253,2024-12-21,2419,5,Delivered,East,Beauty,FC-6,CUST-10685,App,Wallet,0,3
ORD-102254,2024-12-21,853,1,Delivered,South,Apparel,FC-1,CUST-10314,Web,Card,0,2
ORD-102255,2024-12-21,1441,2,Returned,North,Apparel,FC-5,CUST-10525,App,UPI,0,4
ORD-102256,2024-12-21,2164,2,Delivered,South,Home,FC-1,CUST-10609,App,COD,0,2
ORD-102257,2024-12-21,2112,5,Delivered,North,Beauty,FC-8,CUST-10556,Web,Card,0,4
ORD-102258,2024-12-21,8863,3,Delivered,North,Electronics,FC-4,CUST-10592,Web,Card,870,5
ORD-102259,2024-12-21,2140,1,Delivered,South,Electronics,FC-8,CUST-10502,Marketplace,COD,182,2
ORD-102260,2024-12-21,2867,4,Delivered,East,Home,FC-4,CUST-10127,Web,COD,0,5
ORD-102261,2024-12-21,1363,5,Delivered,North,Grocery,FC-8,CUST-10646,App,Card,0,4
ORD-102262,2024-12-21,1884,2,Delivered,South,Home,FC-5,CUST-10330,Web,Wallet,182,4
ORD-102263,2024-12-21,526,2,Delivered,North,Grocery,FC-6,CUST-10495,Web,Card,51,4
ORD-102264,2024-12-21,2371,3,Delivered,East,Apparel,FC-8,CUST-10670,App,UPI,149,4
ORD-102265,2024-12-21,482,1,Delivered,South,Apparel,FC-7,CUST-10686,Marketplace,UPI,33,3
ORD-102266,2024-12-21,496,1,Delivered,West,Apparel,FC-4,CUST-10183,Marketplace,UPI,0,4
ORD-102267,2024-12-21,3586,5,Delivered,South,Apparel,FC-5,CUST-10687,Marketplace,Card,282,2
ORD-102268,2024-12-21,279,1,Delivered,West,Grocery,FC-1,CUST-10346,Web,UPI,0,3
ORD-102269,2024-12-21,218,1,Delivered,North,Grocery,FC-6,CUST-10668,App,COD,0,4
ORD-102270,2024-12-21,874,1,Shipped,South,Home,FC-1,CUST-10443,Web,COD,0,
ORD-102271,2024-12-21,674,4,Delivered,North,Grocery,FC-2,CUST-10454,Web,COD,72,2
ORD-102272,2024-12-21,2505,1,Delivered,East,Electronics,FC-6,CUST-10552,Marketplace,UPI,255,4
ORD-102273,2024-12-21,495,2,Delivered,East,Grocery,FC-1,CUST-10688,Web,COD,31,4
ORD-102274,2024-12-21,1118,2,Delivered,North,Apparel,FC-8,CUST-10689,App,Card,91,4
ORD-102275,2024-12-21,1234,1,Delivered,North,Home,FC-3,CUST-10465,App,Wallet,0,4
ORD-102276,2024-12-21,333,1,Delivered,North,Beauty,FC-8,CUST-10690,App,Wallet,22,4
ORD-102277,2024-12-21,2701,3,Delivered,North,Apparel,FC-3,CUST-10133,App,COD,0,4
ORD-102278,2024-12-21,842,3,Delivered,East,Grocery,FC-2,CUST-10691,Web,Wallet,79,3
ORD-102279,2024-12-21,2003,3,Delivered,West,Apparel,FC-6,CUST-10514,Marketplace,UPI,0,2
ORD-102280,2024-12-21,2161,3,Delivered,North,Home,FC-5,CUST-10692,Marketplace,UPI,0,2
ORD-102281,2024-12-21,4387,4,Delivered,South,Home,FC-8,CUST-10693,App,COD,0,4
ORD-102282,2024-12-21,806,2,Delivered,West,Beauty,FC-6,CUST-10533,Marketplace,Card,64,3
ORD-102283,2024-12-21,2033,1,Delivered,North,Electronics,FC-8,CUST-10448,Marketplace,Wallet,0,4
ORD-102284,2024-12-21,1212,4,Delivered,West,Beauty,FC-5,CUST-10147,Web,UPI,0,3
ORD-102285,2024-12-21,926,1,Delivered,South,Home,FC-7,CUST-10472,App,UPI,103,2
ORD-102286,2024-12-21,1555,2,Delivered,South,Apparel,FC-1,CUST-10636,App,Card,143,3
ORD-102287,2024-12-21,431,1,Delivered,North,Beauty,FC-3,CUST-10626,Web,COD,0,4
ORD-102288,2024-12-21,535,1,Delivered,North,Beauty,FC-1,CUST-10024,Web,UPI,0,2
ORD-102289,2024-12-21,884,1,Delivered,South,Home,FC-7,CUST-10154,App,Card,73,3
ORD-102290,2024-12-21,4554,2,Delivered,South,Electronics,FC-4,CUST-10481,App,UPI,0,3
ORD-102291,2024-12-21,171,1,Delivered,East,Grocery,FC-6,CUST-10339,Web,Card,0,5
ORD-102292,2024-12-21,825,1,Cancelled,West,Home,FC-2,CUST-10380,App,COD,89,
ORD-102293,2024-12-21,1110,2,Delivered,North,Apparel,FC-1,CUST-10685,App,COD,0,3
ORD-102294,2024-12-21,218,1,Cancelled,West,Grocery,FC-6,CUST-10579,Web,Card,0,
ORD-102295,2024-12-21,818,1,Delivered,South,Home,FC-3,CUST-10436,App,COD,0,2
ORD-102296,2024-12-21,235,1,Delivered,North,Grocery,FC-6,CUST-10147,App,Wallet,0,3
ORD-102297,2024-12-21,722,1,Delivered,North,Apparel,FC-7,CUST-10218,App,UPI,0,5
ORD-102298,2024-12-21,1099,1,Delivered,South,Home,FC-3,CUST-10240,App,COD,105,3
ORD-102299,2024-12-21,643,1,Delivered,West,Home,FC-2,CUST-10694,App,COD,70,3
ORD-102300,2024-12-21,2475,5,Delivered,South,Apparel,FC-3,CUST-10695,Marketplace,UPI,0,3
ORD-102301,2024-12-21,1432,3,Delivered,West,Beauty,FC-5,CUST-10322,App,Wallet,101,4
ORD-102302,2024-12-21,1535,2,Delivered,North,Home,FC-3,CUST-10696,Marketplace,Card,0,3
ORD-102303,2024-12-21,811,4,Returned,South,Grocery,FC-4,CUST-10160,App,COD,83,4
ORD-102304,2024-12-21,227,1,Delivered,North,Grocery,FC-5,CUST-10697,Marketplace,UPI,0,3
ORD-102305,2024-12-21,16525,5,Returned,East,Electronics,FC-4,CUST-10620,App,COD,0,6
ORD-102306,2024-12-22,456,1,Delivered,West,Apparel,FC-6,CUST-10635,Web,COD,43,3
ORD-102307,2024-12-22,159,1,Delivered,West,Grocery,FC-6,CUST-10263,App,Card,10,4
ORD-102308,2024-12-22,288,1,Delivered,West,Grocery,FC-2,CUST-10698,Marketplace,UPI,0,2
ORD-102309,2024-12-22,504,1,Delivered,West,Apparel,FC-5,CUST-10408,App,Card,0,4
ORD-102310,2024-12-22,189,1,Returned,South,Grocery,FC-5,CUST-10469,Web,UPI,0,3
ORD-102311,2024-12-22,2049,1,Delivered,East,Electronics,FC-4,CUST-10597,Web,Wallet,115,4
ORD-102312,2024-12-22,2990,1,Delivered,East,Electronics,FC-6,CUST-10261,App,UPI,0,3
ORD-102313,2024-12-22,870,4,Delivered,North,Grocery,FC-6,CUST-10699,App,Card,0,4
ORD-102314,2024-12-22,1979,1,Delivered,North,Electronics,FC-7,CUST-10289,App,Card,0,4
ORD-102315,2024-12-22,2269,2,Delivered,South,Home,FC-6,CUST-10698,App,UPI,0,2
ORD-102316,2024-12-22,2285,2,Delivered,West,Home,FC-4,CUST-10700,App,Wallet,0,4
ORD-102317,2024-12-22,196,1,Delivered,West,Grocery,FC-8,CUST-10259,Web,Card,0,3
ORD-102318,2024-12-22,192,1,Delivered,West,Grocery,FC-4,CUST-10500,Marketplace,COD,11,4
ORD-102319,2024-12-22,564,2,Returned,East,Grocery,FC-4,CUST-10471,App,UPI,0,5
ORD-102320,2024-12-22,2536,4,Delivered,West,Apparel,FC-3,CUST-10701,Web,Card,0,4
ORD-102321,2024-12-22,3006,1,Returned,West,Electronics,FC-4,CUST-10593,Marketplace,COD,196,3
ORD-102322,2024-12-22,580,1,Delivered,North,Apparel,FC-4,CUST-10117,Web,Card,0,4
ORD-102323,2024-12-22,440,1,Delivered,East,Beauty,FC-2,CUST-10328,App,COD,0,5
ORD-102324,2024-12-22,816,1,Returned,North,Apparel,FC-5,CUST-10387,Marketplace,Card,66,4
ORD-102325,2024-12-22,792,1,Delivered,North,Apparel,FC-4,CUST-10306,App,COD,0,5
ORD-102326,2024-12-22,2690,3,Delivered,East,Apparel,FC-6,CUST-10702,Web,UPI,0,5
ORD-102327,2024-12-22,1889,1,Delivered,West,Electronics,FC-4,CUST-10703,App,UPI,0,4
ORD-102328,2024-12-22,494,2,Delivered,South,Grocery,FC-7,CUST-10530,Marketplace,Card,0,4
ORD-102329,2024-12-22,458,1,Cancelled,West,Beauty,FC-3,CUST-10207,Web,COD,0,
ORD-102330,2024-12-22,1062,2,Delivered,East,Beauty,FC-6,CUST-10704,Marketplace,UPI,0,3
ORD-102331,2024-12-22,680,2,Delivered,East,Beauty,FC-4,CUST-10017,Web,UPI,0,6
ORD-102332,2024-12-22,1166,5,Delivered,West,Grocery,FC-4,CUST-10511,Marketplace,UPI,100,4
ORD-102333,2024-12-22,3649,2,Delivered,East,Electronics,FC-7,CUST-10705,App,UPI,0,4
ORD-102334,2024-12-22,208,1,Delivered,East,Grocery,FC-6,CUST-10706,Web,Card,0,3
ORD-102335,2024-12-22,3372,1,Cancelled,North,Electronics,FC-3,CUST-10496,App,COD,0,
ORD-102336,2024-12-22,976,3,Delivered,North,Beauty,FC-4,CUST-10707,Web,UPI,90,4
ORD-102337,2024-12-22,8451,3,Delivered,South,Electronics,FC-8,CUST-10520,App,UPI,499,4
ORD-102338,2024-12-22,158,1,Pending,East,Grocery,FC-1,CUST-10272,App,Card,14,
ORD-102339,2024-12-22,12869,4,Shipped,West,Electronics,FC-2,CUST-10213,Web,Wallet,0,
ORD-102340,2024-12-22,528,1,Delivered,North,Apparel,FC-6,CUST-10708,Web,UPI,0,4
ORD-102341,2024-12-22,903,1,Delivered,North,Home,FC-6,CUST-10609,Web,Card,0,3
ORD-102342,2024-12-22,998,1,Returned,North,Home,FC-1,CUST-10306,App,COD,0,2
ORD-102343,2024-12-22,2770,4,Cancelled,South,Apparel,FC-2,CUST-10339,Web,COD,0,
ORD-102344,2024-12-22,850,1,Delivered,South,Home,FC-6,CUST-10709,Web,UPI,0,2
ORD-102345,2024-12-22,12977,4,Delivered,East,Electronics,FC-5,CUST-10195,Web,UPI,0,5
ORD-102346,2024-12-22,3472,3,Cancelled,South,Home,FC-7,CUST-10710,App,UPI,0,
ORD-102347,2024-12-22,3053,3,Delivered,North,Home,FC-2,CUST-10711,App,UPI,0,4
ORD-102348,2024-12-22,1574,4,Delivered,South,Beauty,FC-4,CUST-10712,Web,Wallet,136,4
ORD-102349,2024-12-22,209,1,Delivered,North,Grocery,FC-3,CUST-10456,App,UPI,16,3
ORD-102350,2024-12-22,461,1,Delivered,East,Beauty,FC-8,CUST-10713,Marketplace,COD,46,5
ORD-102351,2024-12-22,4081,2,Delivered,East,Electronics,FC-7,CUST-10642,App,UPI,396,5
ORD-102352,2024-12-22,4445,2,Delivered,West,Electronics,FC-4,CUST-10480,Web,UPI,0,3
ORD-102353,2024-12-22,252,1,Delivered,South,Grocery,FC-7,CUST-10120,App,COD,0,2
ORD-102354,2024-12-22,729,1,Delivered,East,Home,FC-8,CUST-10246,Marketplace,UPI,60,5
ORD-102355,2024-12-22,1405,2,Returned,West,Apparel,FC-4,CUST-10108,Web,UPI,75,4
ORD-102356,2024-12-22,1154,4,Delivered,West,Grocery,FC-6,CUST-10086,Marketplace,Wallet,0,2
ORD-102357,2024-12-22,302,1,Delivered,North,Grocery,FC-7,CUST-10685,Web,Wallet,0,4
ORD-102358,2024-12-22,1469,3,Delivered,West,Apparel,FC-4,CUST-10284,Web,UPI,136,3
ORD-102359,2024-12-22,1982,2,Delivered,South,Home,FC-2,CUST-10714,App,UPI,0,3
ORD-102360,2024-12-22,863,1,Delivered,East,Home,FC-6,CUST-10113,App,COD,55,4
ORD-102361,2024-12-22,2183,3,Delivered,East,Home,FC-2,CUST-10715,Marketplace,Card,0,3
ORD-102362,2024-12-22,1372,2,Delivered,West,Apparel,FC-3,CUST-10307,App,UPI,0,2
ORD-102363,2024-12-22,203,1,Delivered,West,Grocery,FC-8,CUST-10410,Web,COD,18,3
ORD-102364,2024-12-22,9329,5,Delivered,East,Electronics,FC-4,CUST-10045,Web,Wallet,699,5
ORD-102365,2024-12-22,993,2,Delivered,North,Beauty,FC-4,CUST-10020,App,COD,68,4
ORD-102366,2024-12-22,188,1,Returned,West,Grocery,FC-1,CUST-10322,App,COD,12,2
ORD-102367,2024-12-22,1875,2,Delivered,East,Home,FC-2,CUST-10716,Web,UPI,0,3
ORD-102368,2024-12-22,2758,4,Delivered,East,Home,FC-8,CUST-10066,Marketplace,COD,0,5
ORD-102369,2024-12-22,832,1,Delivered,East,Apparel,FC-4,CUST-10377,Web,Wallet,76,4
ORD-102370,2024-12-22,2317,3,Delivered,North,Apparel,FC-7,CUST-10264,App,Card,0,3
ORD-102371,2024-12-22,273,1,Delivered,North,Grocery,FC-8,CUST-10665,App,Card,16,5
ORD-102372,2024-12-22,8173,3,Cancelled,East,Electronics,FC-3,CUST-10024,Web,COD,752,
ORD-102373,2024-12-22,813,1,Delivered,East,Home,FC-3,CUST-10620,Web,Wallet,0,5
ORD-102374,2024-12-22,991,2,Delivered,North,Beauty,FC-6,CUST-10606,Marketplace,UPI,0,2
ORD-102375,2024-12-22,2484,1,Delivered,North,Electronics,FC-5,CUST-10521,Web,COD,0,3
ORD-102376,2024-12-22,1545,5,Cancelled,East,Beauty,FC-5,CUST-10105,App,Wallet,0,
ORD-102377,2024-12-22,3515,5,Delivered,West,Apparel,FC-1,CUST-10133,App,UPI,0,3
ORD-102378,2024-12-22,5243,2,Cancelled,West,Electronics,FC-8,CUST-10437,Marketplace,UPI,0,
ORD-102379,2024-12-22,8116,4,Pending,East,Electronics,FC-1,CUST-10263,Web,Wallet,827,
ORD-102380,2024-12-22,207,1,Delivered,West,Grocery,FC-1,CUST-10717,Web,Wallet,0,3
ORD-102381,2024-12-22,1372,5,Delivered,South,Beauty,FC-2,CUST-10498,Web,COD,142,3
ORD-102382,2024-12-22,3365,5,Delivered,North,Apparel,FC-2,CUST-10243,App,Wallet,195,4
ORD-102383,2024-12-22,1137,1,Delivered,West,Home,FC-2,CUST-10237,Web,Card,0,2
ORD-102384,2024-12-22,1284,2,Delivered,South,Apparel,FC-4,CUST-10687,App,Wallet,77,4
ORD-102385,2024-12-22,674,1,Delivered,South,Apparel,FC-7,CUST-10171,Web,UPI,0,3
ORD-102386,2024-12-22,13682,5,Delivered,South,Electronics,FC-4,CUST-10718,App,UPI,0,4
ORD-102387,2024-12-22,1465,3,Delivered,South,Beauty,FC-7,CUST-10534,Web,COD,0,3
ORD-102388,2024-12-22,2293,1,Delivered,North,Electronics,FC-2,CUST-10442,Marketplace,Wallet,0,4
ORD-102389,2024-12-22,187,1,Cancelled,East,Grocery,FC-2,CUST-10002,Marketplace,Card,0,
ORD-102390,2024-12-22,2801,1,Shipped,West,Electronics,FC-6,CUST-10174,Marketplace,UPI,0,
ORD-102391,2024-12-22,746,1,Cancelled,West,Apparel,FC-3,CUST-10037,App,UPI,40,
ORD-102392,2024-12-22,354,2,Delivered,North,Grocery,FC-6,CUST-10571,App,Card,0,2
ORD-102393,2024-12-22,3896,4,Delivered,West,Home,FC-7,CUST-10146,App,UPI,0,4
ORD-102394,2024-12-22,893,1,Delivered,West,Apparel,FC-2,CUST-10620,Marketplace,Card,0,2
ORD-102395,2024-12-22,477,1,Delivered,West,Apparel,FC-3,CUST-10719,Web,UPI,52,3
ORD-102396,2024-12-22,3204,3,Delivered,North,Home,FC-3,CUST-10712,App,UPI,302,4
ORD-102397,2024-12-22,1036,2,Delivered,West,Apparel,FC-2,CUST-10720,Web,UPI,0,2
ORD-102398,2024-12-22,2774,1,Delivered,East,Electronics,FC-5,CUST-10092,App,Card,0,4
ORD-102399,2024-12-22,4105,5,Returned,East,Apparel,FC-1,CUST-10137,Web,COD,0,3
ORD-102400,2024-12-22,644,1,Delivered,North,Apparel,FC-7,CUST-10464,Web,UPI,0,4
ORD-102401,2024-12-22,661,2,Delivered,East,Beauty,FC-2,CUST-10430,App,Wallet,0,5
ORD-102402,2024-12-23,247,1,Pending,East,Grocery,FC-3,CUST-10051,App,Wallet,0,
ORD-102403,2024-12-23,249,1,Returned,West,Grocery,FC-7,CUST-10188,Web,Card,0,3
ORD-102404,2024-12-23,512,1,Delivered,West,Apparel,FC-5,CUST-10721,App,UPI,52,4
ORD-102405,2024-12-23,2114,1,Pending,North,Electronics,FC-8,CUST-10349,Marketplace,COD,0,
ORD-102406,2024-12-23,2010,4,Delivered,East,Apparel,FC-1,CUST-10119,Marketplace,Card,135,3
ORD-102407,2024-12-23,2250,2,Cancelled,East,Home,FC-3,CUST-10544,App,UPI,224,
ORD-102408,2024-12-23,295,1,Cancelled,South,Grocery,FC-5,CUST-10443,Web,COD,0,
ORD-102409,2024-12-23,5897,3,Delivered,East,Electronics,FC-8,CUST-10506,App,Card,0,5
ORD-102410,2024-12-23,485,1,Returned,West,Beauty,FC-1,CUST-10722,Marketplace,COD,0,3
ORD-102411,2024-12-23,1999,2,Delivered,East,Home,FC-1,CUST-10238,Web,UPI,0,4
ORD-102412,2024-12-23,1981,1,Delivered,North,Electronics,FC-8,CUST-10514,Web,UPI,119,5
ORD-102413,2024-12-23,10666,4,Delivered,South,Electronics,FC-5,CUST-10530,Marketplace,Card,0,3
ORD-102414,2024-12-23,2589,5,Delivered,East,Apparel,FC-7,CUST-10406,Marketplace,Wallet,237,4
ORD-102415,2024-12-23,6918,3,Delivered,East,Electronics,FC-7,CUST-10041,Web,COD,0,3
ORD-102416,2024-12-23,6246,2,Delivered,East,Electronics,FC-2,CUST-10632,App,UPI,0,5
ORD-102417,2024-12-23,181,1,Delivered,East,Grocery,FC-6,CUST-10211,Web,Card,16,3
ORD-102418,2024-12-23,4879,4,Returned,North,Home,FC-4,CUST-10723,App,Card,0,4
ORD-102419,2024-12-23,2824,1,Delivered,South,Electronics,FC-3,CUST-10724,App,UPI,0,2
ORD-102420,2024-12-23,477,1,Delivered,West,Apparel,FC-7,CUST-10066,App,Card,48,3
ORD-102421,2024-12-23,218,1,Delivered,North,Grocery,FC-2,CUST-10725,App,COD,0,3
ORD-102422,2024-12-23,1860,4,Delivered,North,Beauty,FC-5,CUST-10348,Marketplace,UPI,0,4
ORD-102423,2024-12-23,203,1,Delivered,East,Grocery,FC-3,CUST-10208,App,UPI,16,5
ORD-102424,2024-12-23,714,4,Delivered,South,Grocery,FC-2,CUST-10726,Marketplace,UPI,0,2
ORD-102425,2024-12-23,2106,5,Delivered,West,Beauty,FC-2,CUST-10007,App,UPI,0,3
ORD-102426,2024-12-23,540,1,Delivered,South,Beauty,FC-6,CUST-10003,App,COD,0,3
ORD-102427,2024-12-23,1245,3,Delivered,West,Beauty,FC-8,CUST-10643,App,COD,0,4
ORD-102428,2024-12-23,375,2,Cancelled,East,Grocery,FC-2,CUST-10585,App,COD,0,
ORD-102429,2024-12-23,7293,3,Delivered,North,Electronics,FC-4,CUST-10727,App,UPI,559,5
ORD-102430,2024-12-23,2075,4,Delivered,West,Beauty,FC-2,CUST-10574,Web,Card,0,3
ORD-102431,2024-12-23,1521,2,Delivered,South,Apparel,FC-2,CUST-10019,App,Wallet,0,3
ORD-102432,2024-12-23,703,1,Delivered,South,Apparel,FC-3,CUST-10728,Web,UPI,0,4
ORD-102433,2024-12-23,3751,2,Delivered,North,Electronics,FC-1,CUST-10729,App,UPI,413,2
ORD-102434,2024-12-23,2423,4,Delivered,East,Apparel,FC-2,CUST-10730,Web,UPI,0,4
ORD-102435,2024-12-23,186,1,Delivered,North,Grocery,FC-7,CUST-10709,Web,COD,0,3
ORD-102436,2024-12-23,11804,4,Delivered,East,Electronics,FC-8,CUST-10731,Web,UPI,0,4
ORD-102437,2024-12-23,796,5,Delivered,South,Grocery,FC-8,CUST-10556,Web,COD,56,3
ORD-102438,2024-12-23,223,1,Delivered,East,Grocery,FC-7,CUST-10381,App,UPI,0,5
ORD-102439,2024-12-23,829,1,Delivered,South,Apparel,FC-6,CUST-10410,Web,UPI,67,2
ORD-102440,2024-12-23,1822,2,Returned,North,Apparel,FC-8,CUST-10580,Marketplace,COD,0,4
ORD-102441,2024-12-23,2860,1,Delivered,South,Electronics,FC-5,CUST-10357,App,UPI,238,4
ORD-102442,2024-12-23,2924,3,Delivered,South,Home,FC-5,CUST-10377,App,UPI,191,2
ORD-102443,2024-12-23,4946,5,Delivered,East,Home,FC-3,CUST-10363,App,Card,0,4
ORD-102444,2024-12-23,355,1,Cancelled,North,Beauty,FC-2,CUST-10122,Web,COD,0,
ORD-102445,2024-12-23,4553,5,Delivered,East,Home,FC-6,CUST-10183,Web,UPI,0,5
ORD-102446,2024-12-23,1270,2,Delivered,South,Apparel,FC-7,CUST-10597,Marketplace,UPI,140,4
ORD-102447,2024-12-23,3039,3,Delivered,East,Home,FC-4,CUST-10293,App,Card,0,4
ORD-102448,2024-12-23,1055,3,Delivered,North,Beauty,FC-5,CUST-10681,App,Wallet,0,4
ORD-102449,2024-12-23,350,2,Delivered,West,Grocery,FC-4,CUST-10654,Marketplace,COD,37,3
ORD-102450,2024-12-23,3614,4,Delivered,East,Home,FC-3,CUST-10377,App,UPI,0,3
ORD-102451,2024-12-23,2380,4,Delivered,South,Apparel,FC-8,CUST-10608,Web,Wallet,0,2
ORD-102452,2024-12-23,674,1,Delivered,East,Home,FC-5,CUST-10539,Web,Card,0,4
ORD-102453,2024-12-23,1636,2,Returned,East,Home,FC-6,CUST-10732,Web,UPI,105,4
ORD-102454,2024-12-23,1778,2,Returned,South,Apparel,FC-7,CUST-10430,Web,Card,0,3
ORD-102455,2024-12-23,10821,5,Delivered,West,Electronics,FC-2,CUST-10733,Web,UPI,1116,3
ORD-102456,2024-12-23,5848,5,Delivered,North,Home,FC-6,CUST-10070,Marketplace,UPI,0,4
ORD-102457,2024-12-23,524,2,Delivered,East,Grocery,FC-6,CUST-10237,Web,UPI,0,3
ORD-102458,2024-12-23,678,2,Delivered,West,Beauty,FC-8,CUST-10734,App,COD,0,4
ORD-102459,2024-12-23,291,1,Cancelled,East,Grocery,FC-5,CUST-10735,App,Wallet,0,
ORD-102460,2024-12-23,790,1,Cancelled,North,Apparel,FC-2,CUST-10736,Web,Card,72,
ORD-102461,2024-12-23,5059,3,Cancelled,North,Electronics,FC-4,CUST-10482,App,Card,544,
ORD-102462,2024-12-23,1215,2,Delivered,South,Apparel,FC-8,CUST-10737,Web,UPI,73,3
ORD-102463,2024-12-23,856,1,Cancelled,North,Home,FC-7,CUST-10356,Marketplace,Card,0,
ORD-102464,2024-12-23,1543,4,Delivered,North,Beauty,FC-2,CUST-10738,Marketplace,Card,0,4
ORD-102465,2024-12-23,2907,4,Delivered,North,Home,FC-2,CUST-10147,App,Wallet,0,3
ORD-102466,2024-12-23,1613,3,Delivered,West,Beauty,FC-1,CUST-10545,App,Card,0,2
ORD-102467,2024-12-23,862,2,Delivered,North,Beauty,FC-5,CUST-10739,Web,UPI,78,4
ORD-102468,2024-12-23,751,1,Delivered,West,Home,FC-8,CUST-10300,App,Card,0,3
ORD-102469,2024-12-23,1393,2,Delivered,West,Apparel,FC-4,CUST-10740,Web,UPI,0,3
ORD-102470,2024-12-23,4277,4,Delivered,East,Home,FC-2,CUST-10723,App,Card,0,4
ORD-102471,2024-12-23,395,1,Delivered,South,Beauty,FC-4,CUST-10675,App,UPI,0,4
ORD-102472,2024-12-23,557,2,Returned,North,Beauty,FC-7,CUST-10456,Marketplace,Wallet,53,3
ORD-102473,2024-12-23,2264,1,Delivered,South,Electronics,FC-4,CUST-10001,Web,COD,0,4
ORD-102474,2024-12-23,693,1,Delivered,East,Home,FC-2,CUST-10463,Web,COD,0,4
ORD-102475,2024-12-23,1658,2,Delivered,West,Home,FC-1,CUST-10080,App,UPI,0,2
ORD-102476,2024-12-23,1787,4,Cancelled,East,Beauty,FC-8,CUST-10466,Web,COD,0,
ORD-102477,2024-12-23,2794,4,Delivered,North,Apparel,FC-2,CUST-10723,App,Card,0,2
ORD-102478,2024-12-23,3663,4,Delivered,North,Home,FC-8,CUST-10580,App,UPI,0,4
ORD-102479,2024-12-23,11893,5,Delivered,West,Electronics,FC-1,CUST-10741,App,COD,946,2
ORD-102480,2024-12-23,467,2,Delivered,North,Grocery,FC-4,CUST-10742,Marketplace,COD,0,4
ORD-102481,2024-12-23,3229,1,Delivered,North,Electronics,FC-4,CUST-10545,Web,UPI,0,5
ORD-102482,2024-12-23,816,2,Delivered,East,Beauty,FC-8,CUST-10743,Marketplace,UPI,0,5
ORD-102483,2024-12-23,5840,2,Delivered,North,Electronics,FC-3,CUST-10744,Marketplace,UPI,0,4
ORD-102484,2024-12-23,3702,4,Delivered,South,Home,FC-1,CUST-10377,Web,UPI,0,3
ORD-102485,2024-12-23,457,1,Cancelled,North,Beauty,FC-4,CUST-10443,App,COD,0,
ORD-102486,2024-12-23,7449,4,Cancelled,East,Electronics,FC-4,CUST-10597,Web,COD,0,
ORD-102487,2024-12-23,5379,2,Delivered,East,Electronics,FC-2,CUST-10463,App,Wallet,408,4
ORD-102488,2024-12-23,631,1,Delivered,South,Apparel,FC-4,CUST-10230,App,UPI,0,3
ORD-102489,2024-12-23,3362,3,Cancelled,East,Home,FC-7,CUST-10146,Marketplace,UPI,0,
ORD-102490,2024-12-23,1511,3,Delivered,South,Apparel,FC-6,CUST-10255,Web,UPI,0,3
ORD-102491,2024-12-23,1789,3,Delivered,North,Apparel,FC-7,CUST-10745,App,Wallet,98,3
ORD-102492,2024-12-23,545,1,Delivered,West,Beauty,FC-6,CUST-10551,Web,COD,0,3
ORD-102493,2024-12-23,2224,1,Delivered,South,Electronics,FC-7,CUST-10444,Marketplace,UPI,0,2
ORD-102494,2024-12-23,4628,2,Returned,East,Electronics,FC-3,CUST-10746,Web,UPI,0,3
ORD-102495,2024-12-23,332,1,Delivered,West,Beauty,FC-3,CUST-10165,Marketplace,UPI,0,4
ORD-102496,2024-12-23,836,3,Delivered,East,Grocery,FC-2,CUST-10214,Marketplace,Wallet,0,4
ORD-102497,2024-12-23,161,1,Cancelled,South,Grocery,FC-3,CUST-10443,App,COD,18,
ORD-102498,2024-12-23,509,2,Delivered,North,Grocery,FC-8,CUST-10140,App,Wallet,52,3
ORD-102499,2024-12-23,707,4,Delivered,West,Grocery,FC-4,CUST-10747,App,Card,0,5
ORD-102500,2024-12-23,1395,5,Delivered,South,Grocery,FC-6,CUST-10187,Web,Wallet,123,3
ORD-102501,2024-12-23,8025,3,Delivered,South,Electronics,FC-6,CUST-10748,App,Wallet,0,2
ORD-102502,2024-12-23,2238,2,Returned,South,Home,FC-3,CUST-10202,App,Card,0,3
ORD-102503,2024-12-23,743,3,Delivered,North,Grocery,FC-1,CUST-10155,Web,COD,44,2
ORD-102504,2024-12-24,232,1,Delivered,East,Grocery,FC-2,CUST-10646,Web,COD,61,4
ORD-102505,2024-12-24,183,1,Delivered,West,Grocery,FC-3,CUST-10680,App,Card,39,3
ORD-102506,2024-12-24,2563,1,Delivered,West,Electronics,FC-1,CUST-10749,Web,UPI,553,3
ORD-102507,2024-12-24,6980,3,Delivered,East,Electronics,FC-7,CUST-10237,App,Card,2164,5
ORD-102508,2024-12-24,193,1,Delivered,South,Grocery,FC-5,CUST-10647,Web,Wallet,47,5
ORD-102509,2024-12-24,436,2,Delivered,West,Grocery,FC-1,CUST-10281,Web,COD,81,3
ORD-102510,2024-12-24,477,1,Delivered,West,Apparel,FC-2,CUST-10599,Web,UPI,78,5
ORD-102511,2024-12-24,3046,3,Delivered,West,Home,FC-3,CUST-10577,Web,UPI,592,3
ORD-102512,2024-12-24,1982,1,Delivered,North,Electronics,FC-3,CUST-10709,App,COD,382,5
ORD-102513,2024-12-24,5284,2,Delivered,North,Electronics,FC-1,CUST-10750,App,COD,1340,3
ORD-102514,2024-12-24,5795,2,Delivered,South,Electronics,FC-6,CUST-10751,Marketplace,Card,959,3
ORD-102515,2024-12-24,1857,2,Cancelled,South,Home,FC-3,CUST-10309,App,UPI,452,
ORD-102516,2024-12-24,522,3,Delivered,South,Grocery,FC-7,CUST-10576,Web,Card,118,3
ORD-102517,2024-12-24,854,1,Delivered,North,Home,FC-8,CUST-10752,App,UPI,251,4
ORD-102518,2024-12-24,1456,2,Returned,South,Apparel,FC-7,CUST-10261,App,UPI,234,3
ORD-102519,2024-12-24,1314,2,Delivered,East,Apparel,FC-7,CUST-10079,Web,Card,384,5
ORD-102520,2024-12-24,428,1,Delivered,West,Beauty,FC-6,CUST-10712,App,Wallet,83,4
ORD-102521,2024-12-24,1270,3,Delivered,North,Beauty,FC-8,CUST-10127,App,UPI,261,4
ORD-102522,2024-12-24,414,1,Delivered,South,Apparel,FC-2,CUST-10500,Marketplace,COD,129,5
ORD-102523,2024-12-24,1910,3,Returned,North,Apparel,FC-8,CUST-10723,Marketplace,UPI,443,5
ORD-102524,2024-12-24,4610,2,Delivered,South,Electronics,FC-2,CUST-10687,Web,COD,788,3
ORD-102525,2024-12-24,869,2,Delivered,South,Apparel,FC-1,CUST-10640,App,COD,182,4
ORD-102526,2024-12-24,13726,5,Delivered,South,Electronics,FC-4,CUST-10436,App,COD,2171,5
ORD-102527,2024-12-24,1324,4,Delivered,North,Beauty,FC-2,CUST-10753,App,Card,262,5
ORD-102528,2024-12-24,803,5,Returned,West,Grocery,FC-8,CUST-10160,Web,COD,141,5
ORD-102529,2024-12-24,652,1,Delivered,East,Home,FC-5,CUST-10361,Web,COD,186,5
ORD-102530,2024-12-24,5935,3,Delivered,South,Electronics,FC-8,CUST-10145,App,Wallet,1495,4
ORD-102531,2024-12-24,7610,3,Delivered,East,Electronics,FC-5,CUST-10178,App,COD,1610,5
ORD-102532,2024-12-24,1042,2,Delivered,South,Apparel,FC-1,CUST-10670,Web,COD,219,3
ORD-102533,2024-12-24,803,2,Delivered,West,Beauty,FC-5,CUST-10195,Web,Wallet,139,4
ORD-102534,2024-12-24,308,1,Delivered,East,Beauty,FC-6,CUST-10754,App,Wallet,47,4
ORD-102535,2024-12-24,594,2,Pending,West,Beauty,FC-2,CUST-10367,Web,COD,124,
ORD-102536,2024-12-24,2463,4,Delivered,South,Home,FC-5,CUST-10089,Web,COD,493,3
ORD-102537,2024-12-24,1970,1,Delivered,East,Electronics,FC-2,CUST-10259,App,Card,523,4
ORD-102538,2024-12-24,768,3,Delivered,North,Grocery,FC-2,CUST-10755,Web,UPI,109,4
ORD-102539,2024-12-24,1559,3,Delivered,West,Apparel,FC-6,CUST-10756,App,COD,452,4
ORD-102540,2024-12-24,591,1,Returned,West,Apparel,FC-4,CUST-10685,Web,COD,128,4
ORD-102541,2024-12-24,1060,4,Delivered,East,Beauty,FC-3,CUST-10757,App,Card,307,4
ORD-102542,2024-12-24,145,1,Delivered,West,Grocery,FC-4,CUST-10246,App,COD,27,5
ORD-102543,2024-12-24,1085,2,Delivered,East,Home,FC-7,CUST-10758,Web,Wallet,317,6
ORD-102544,2024-12-24,5028,3,Delivered,South,Electronics,FC-6,CUST-10725,Web,Wallet,1419,2
ORD-102545,2024-12-24,2459,1,Delivered,East,Electronics,FC-4,CUST-10759,App,COD,524,5
ORD-102546,2024-12-24,9835,4,Delivered,North,Electronics,FC-5,CUST-10349,App,Wallet,2336,5
ORD-102547,2024-12-24,640,1,Delivered,East,Apparel,FC-3,CUST-10760,Web,Card,113,6
ORD-102548,2024-12-24,1314,5,Returned,West,Grocery,FC-8,CUST-10372,Web,UPI,247,4
ORD-102549,2024-12-24,262,1,Delivered,South,Beauty,FC-7,CUST-10482,App,Wallet,70,5
ORD-102550,2024-12-24,517,1,Returned,South,Apparel,FC-4,CUST-10662,Web,COD,121,5
ORD-102551,2024-12-24,1221,2,Delivered,North,Home,FC-6,CUST-10469,App,UPI,231,4
ORD-102552,2024-12-24,611,1,Cancelled,North,Home,FC-6,CUST-10523,Web,Wallet,100,
ORD-102553,2024-12-24,2293,3,Delivered,North,Home,FC-2,CUST-10568,Web,Card,470,4
ORD-102554,2024-12-24,545,1,Delivered,West,Apparel,FC-4,CUST-10761,Web,Card,79,4
ORD-102555,2024-12-24,1256,2,Delivered,South,Apparel,FC-3,CUST-10762,Web,UPI,331,4
ORD-102556,2024-12-24,1271,2,Delivered,East,Apparel,FC-3,CUST-10089,Web,UPI,370,6
ORD-102557,2024-12-24,3641,5,Cancelled,North,Apparel,FC-4,CUST-10402,App,COD,744,
ORD-102558,2024-12-24,1095,4,Delivered,East,Beauty,FC-2,CUST-10580,App,Card,249,6
ORD-102559,2024-12-24,334,2,Delivered,North,Grocery,FC-6,CUST-10077,App,Card,78,5
ORD-102560,2024-12-24,652,1,Delivered,South,Apparel,FC-8,CUST-10756,App,COD,176,3
ORD-102561,2024-12-24,4281,2,Delivered,West,Electronics,FC-8,CUST-10748,Web,Wallet,806,6
ORD-102562,2024-12-24,315,2,Delivered,South,Grocery,FC-2,CUST-10504,Web,UPI,51,4
ORD-102563,2024-12-24,2236,1,Returned,North,Electronics,FC-3,CUST-10098,App,Wallet,589,5
ORD-102564,2024-12-24,1548,4,Delivered,North,Apparel,FC-7,CUST-10763,Web,UPI,488,5
ORD-102565,2024-12-24,406,1,Delivered,East,Apparel,FC-8,CUST-10158,Marketplace,Wallet,116,6
ORD-102566,2024-12-24,284,1,Delivered,East,Beauty,FC-3,CUST-10764,Web,UPI,71,5
ORD-102567,2024-12-24,618,1,Delivered,North,Apparel,FC-4,CUST-10765,Marketplace,COD,183,4
ORD-102568,2024-12-24,1829,2,Pending,North,Home,FC-2,CUST-10666,Web,COD,547,
ORD-102569,2024-12-24,602,1,Delivered,West,Apparel,FC-5,CUST-10637,Web,Wallet,122,3
ORD-102570,2024-12-24,315,2,Cancelled,East,Grocery,FC-2,CUST-10711,Marketplace,Card,98,
ORD-102571,2024-12-24,207,1,Delivered,South,Grocery,FC-2,CUST-10047,Marketplace,UPI,59,4
ORD-102572,2024-12-24,1204,5,Pending,South,Grocery,FC-1,CUST-10668,Web,COD,270,
ORD-102573,2024-12-24,1960,3,Delivered,North,Apparel,FC-3,CUST-10582,App,UPI,527,4
ORD-102574,2024-12-24,180,1,Delivered,West,Grocery,FC-2,CUST-10521,Marketplace,Card,46,3
ORD-102575,2024-12-24,1322,2,Delivered,South,Apparel,FC-4,CUST-10195,App,COD,263,5
ORD-102576,2024-12-24,1932,2,Delivered,East,Home,FC-6,CUST-10177,Web,COD,449,5
ORD-102577,2024-12-24,2031,3,Returned,East,Apparel,FC-6,CUST-10206,Web,UPI,547,5
ORD-102578,2024-12-24,861,1,Cancelled,South,Home,FC-8,CUST-10766,App,UPI,199,
ORD-102579,2024-12-24,203,1,Delivered,West,Grocery,FC-7,CUST-10437,Web,UPI,31,3
ORD-102580,2024-12-24,2320,4,Delivered,South,Apparel,FC-3,CUST-10167,Marketplace,Card,497,4
ORD-102581,2024-12-24,471,2,Delivered,West,Grocery,FC-1,CUST-10767,App,UPI,148,4
ORD-102582,2024-12-24,144,1,Delivered,South,Grocery,FC-8,CUST-10609,Web,COD,45,5
ORD-102583,2024-12-24,1816,1,Delivered,North,Electronics,FC-2,CUST-10653,Web,UPI,349,4
ORD-102584,2024-12-24,1838,3,Delivered,East,Apparel,FC-2,CUST-10768,Web,Card,495,5
ORD-102585,2024-12-24,906,2,Delivered,West,Beauty,FC-1,CUST-10178,App,Card,143,3
ORD-102586,2024-12-24,914,1,Delivered,East,Home,FC-8,CUST-10568,App,COD,152,6
ORD-102587,2024-12-24,808,3,Shipped,East,Beauty,FC-8,CUST-10390,App,UPI,251,
ORD-102588,2024-12-24,8469,3,Cancelled,North,Electronics,FC-6,CUST-10769,Marketplace,UPI,1629,
ORD-102589,2024-12-24,203,1,Cancelled,West,Grocery,FC-7,CUST-10560,Web,Wallet,48,
ORD-102590,2024-12-24,1653,1,Delivered,East,Electronics,FC-4,CUST-10154,App,UPI,423,5
ORD-102591,2024-12-24,1948,1,Delivered,West,Electronics,FC-6,CUST-10160,Marketplace,Card,355,4
ORD-102592,2024-12-24,4412,2,Delivered,East,Electronics,FC-6,CUST-10770,Marketplace,UPI,1238,4
ORD-102593,2024-12-24,1754,3,Returned,South,Apparel,FC-3,CUST-10068,App,Card,373,5
ORD-102594,2024-12-24,620,1,Delivered,East,Home,FC-3,CUST-10771,Web,UPI,153,6
ORD-102595,2024-12-24,4611,5,Delivered,East,Home,FC-1,CUST-10342,Web,UPI,1231,5
ORD-102596,2024-12-24,764,1,Delivered,East,Home,FC-6,CUST-10772,Web,COD,108,6
ORD-102597,2024-12-24,1700,3,Delivered,East,Apparel,FC-2,CUST-10462,Web,COD,385,4
ORD-102598,2024-12-24,1645,1,Delivered,East,Electronics,FC-5,CUST-10683,Web,COD,360,4
ORD-102599,2024-12-24,1267,2,Delivered,West,Apparel,FC-6,CUST-10037,App,UPI,249,4
ORD-102600,2024-12-24,600,2,Returned,East,Beauty,FC-5,CUST-10386,App,UPI,107,4
ORD-102601,2024-12-24,1566,2,Delivered,East,Home,FC-8,CUST-10764,App,Card,300,6
ORD-102602,2024-12-24,305,1,Delivered,North,Beauty,FC-5,CUST-10773,App,Wallet,89,5
ORD-102603,2024-12-24,618,1,Delivered,West,Home,FC-4,CUST-10466,Marketplace,Wallet,148,6
ORD-102604,2024-12-24,1513,3,Delivered,North,Apparel,FC-4,CUST-10566,Web,Wallet,305,5
ORD-102605,2024-12-24,2592,4,Cancelled,West,Apparel,FC-3,CUST-10004,App,COD,455,
ORD-102606,2024-12-24,2173,1,Delivered,East,Electronics,FC-4,CUST-10146,Marketplace,COD,359,6
ORD-102607,2024-12-24,1486,2,Delivered,North,Home,FC-8,CUST-10774,Web,Card,260,5
ORD-102608,2024-12-24,5301,2,Delivered,East,Electronics,FC-4,CUST-10775,App,COD,1197,6
ORD-102609,2024-12-24,1823,3,Delivered,West,Home,FC-1,CUST-10776,App,UPI,326,3
ORD-102610,2024-12-24,2353,1,Delivered,North,Electronics,FC-6,CUST-10777,Web,UPI,726,4
ORD-102611,2024-12-24,2940,3,Delivered,North,Home,FC-7,CUST-10368,App,Card,713,5
ORD-102612,2024-12-24,2100,1,Delivered,North,Electronics,FC-8,CUST-10135,App,COD,424,4
ORD-102613,2024-12-24,577,2,Cancelled,East,Beauty,FC-1,CUST-10618,App,Card,150,
ORD-102614,2024-12-24,453,1,Delivered,South,Beauty,FC-5,CUST-10286,Marketplace,Card,69,4
ORD-102615,2024-12-24,741,4,Delivered,West,Grocery,FC-4,CUST-10778,Marketplace,COD,190,5
ORD-102616,2024-12-24,2214,3,Delivered,North,Apparel,FC-3,CUST-10386,App,UPI,372,4
ORD-102617,2024-12-24,2199,5,Delivered,East,Apparel,FC-6,CUST-10238,App,COD,536,6
ORD-102618,2024-12-24,3529,5,Cancelled,West,Home,FC-6,CUST-10072,Web,COD,754,
ORD-102619,2024-12-24,7793,3,Delivered,East,Electronics,FC-6,CUST-10490,App,UPI,1420,5
ORD-102620,2024-12-24,139,1,Delivered,South,Grocery,FC-5,CUST-10779,Web,Card,42,4
ORD-102621,2024-12-24,1637,4,Delivered,West,Beauty,FC-1,CUST-10532,App,COD,509,4
ORD-102622,2024-12-24,5524,3,Delivered,North,Electronics,FC-6,CUST-10351,App,COD,966,5
ORD-102623,2024-12-24,2238,3,Delivered,West,Home,FC-7,CUST-10767,Web,Card,310,5
ORD-102624,2024-12-25,3856,4,Delivered,South,Home,FC-3,CUST-10295,Web,COD,940,4
ORD-102625,2024-12-25,9888,5,Delivered,South,Electronics,FC-1,CUST-10336,App,COD,1958,4
ORD-102626,2024-12-25,4627,5,Shipped,North,Home,FC-6,CUST-10485,App,Card,1005,
ORD-102627,2024-12-25,2164,4,Delivered,East,Apparel,FC-1,CUST-10683,Web,Card,535,4
ORD-102628,2024-12-25,990,3,Cancelled,North,Beauty,FC-3,CUST-10780,App,COD,175,
ORD-102629,2024-12-25,253,1,Delivered,East,Grocery,FC-7,CUST-10398,App,Card,50,4
ORD-102630,2024-12-25,754,1,Delivered,South,Apparel,FC-8,CUST-10781,Web,COD,155,4
ORD-102631,2024-12-25,379,1,Delivered,North,Beauty,FC-3,CUST-10782,App,UPI,112,5
ORD-102632,2024-12-25,2033,2,Delivered,East,Home,FC-5,CUST-10098,Marketplace,Card,425,6
ORD-102633,2024-12-25,1156,5,Cancelled,North,Grocery,FC-1,CUST-10783,Marketplace,COD,346,
ORD-102634,2024-12-25,1894,1,Delivered,South,Electronics,FC-8,CUST-10630,App,UPI,407,3
ORD-102635,2024-12-25,956,2,Delivered,North,Apparel,FC-1,CUST-10784,Marketplace,Wallet,203,4
ORD-102636,2024-12-25,2699,3,Delivered,East,Home,FC-7,CUST-10785,App,Card,756,5
ORD-102637,2024-12-25,856,3,Delivered,North,Beauty,FC-3,CUST-10232,App,COD,123,4
ORD-102638,2024-12-25,223,1,Delivered,East,Grocery,FC-7,CUST-10786,Web,Card,36,4
ORD-102639,2024-12-25,462,3,Delivered,South,Grocery,FC-8,CUST-10787,Web,Card,134,4
ORD-102640,2024-12-25,2373,4,Returned,East,Home,FC-6,CUST-10788,App,Card,676,6
ORD-102641,2024-12-25,842,1,Delivered,East,Home,FC-6,CUST-10262,App,Wallet,162,4
ORD-102642,2024-12-25,1784,3,Delivered,East,Apparel,FC-7,CUST-10420,App,UPI,392,6
ORD-102643,2024-12-25,524,2,Pending,South,Grocery,FC-1,CUST-10719,Web,COD,93,
ORD-102644,2024-12-25,1936,1,Delivered,North,Electronics,FC-6,CUST-10119,Marketplace,Wallet,458,3
ORD-102645,2024-12-25,196,1,Delivered,South,Grocery,FC-5,CUST-10572,Marketplace,UPI,46,4
ORD-102646,2024-12-25,242,1,Delivered,North,Grocery,FC-1,CUST-10789,App,COD,38,4
ORD-102647,2024-12-25,1398,3,Delivered,West,Apparel,FC-5,CUST-10506,App,COD,284,3
ORD-102648,2024-12-25,483,1,Returned,East,Apparel,FC-5,CUST-10331,Marketplace,UPI,106,4
ORD-102649,2024-12-25,1411,3,Delivered,East,Apparel,FC-3,CUST-10790,Marketplace,COD,426,5
ORD-102650,2024-12-25,1493,3,Cancelled,West,Apparel,FC-1,CUST-10240,Web,UPI,328,
ORD-102651,2024-12-25,947,4,Delivered,East,Grocery,FC-4,CUST-10308,Web,UPI,142,6
ORD-102652,2024-12-25,969,3,Delivered,East,Beauty,FC-4,CUST-10687,App,Wallet,178,7
ORD-102653,2024-12-25,436,1,Cancelled,East,Beauty,FC-1,CUST-10791,App,COD,68,
ORD-102654,2024-12-25,851,1,Delivered,East,Home,FC-5,CUST-10112,Marketplace,COD,225,5
ORD-102655,2024-12-25,2240,1,Delivered,East,Electronics,FC-1,CUST-10792,Web,COD,497,4
ORD-102656,2024-12-25,1490,2,Delivered,West,Apparel,FC-2,CUST-10707,Web,UPI,225,3
ORD-102657,2024-12-25,530,3,Returned,East,Grocery,FC-2,CUST-10322,App,Card,90,5
ORD-102658,2024-12-25,1732,5,Delivered,North,Beauty,FC-1,CUST-10793,Web,UPI,318,5
ORD-102659,2024-12-25,190,1,Delivered,North,Grocery,FC-1,CUST-10794,App,Wallet,44,4
ORD-102660,2024-12-25,4510,3,Delivered,East,Electronics,FC-7,CUST-10295,Marketplace,Card,1372,6
ORD-102661,2024-12-25,751,1,Delivered,West,Home,FC-7,CUST-10034,Marketplace,COD,174,5
ORD-102662,2024-12-25,498,3,Returned,West,Grocery,FC-1,CUST-10585,Marketplace,UPI,75,5
ORD-102663,2024-12-25,408,1,Delivered,East,Apparel,FC-5,CUST-10079,App,UPI,118,5
ORD-102664,2024-12-25,1412,5,Delivered,South,Beauty,FC-1,CUST-10351,App,UPI,328,4
ORD-102665,2024-12-25,1375,5,Returned,East,Beauty,FC-7,CUST-10082,Web,UPI,368,6
ORD-102666,2024-12-25,238,1,Delivered,East,Grocery,FC-6,CUST-10536,App,UPI,38,4
ORD-102667,2024-12-25,7053,3,Delivered,East,Electronics,FC-3,CUST-10795,App,COD,2107,6
ORD-102668,2024-12-25,1410,2,Returned,East,Apparel,FC-1,CUST-10643,Marketplace,UPI,269,6
ORD-102669,2024-12-25,910,2,Delivered,South,Beauty,FC-3,CUST-10627,Web,COD,171,5
ORD-102670,2024-12-25,492,3,Delivered,South,Grocery,FC-2,CUST-10796,Web,COD,108,4
ORD-102671,2024-12-25,596,1,Returned,West,Home,FC-8,CUST-10366,Web,UPI,129,4
ORD-102672,2024-12-25,748,1,Delivered,West,Apparel,FC-1,CUST-10107,App,Wallet,117,4
ORD-102673,2024-12-25,11296,4,Cancelled,West,Electronics,FC-8,CUST-10281,App,Card,2133,
ORD-102674,2024-12-25,796,4,Cancelled,West,Grocery,FC-5,CUST-10185,Web,UPI,148,
ORD-102675,2024-12-25,169,1,Cancelled,South,Grocery,FC-8,CUST-10605,Marketplace,Card,40,
ORD-102676,2024-12-25,1032,4,Cancelled,East,Beauty,FC-4,CUST-10250,Web,Wallet,242,
ORD-102677,2024-12-25,1675,1,Delivered,West,Electronics,FC-8,CUST-10285,Marketplace,Card,380,4
ORD-102678,2024-12-25,566,1,Delivered,East,Apparel,FC-4,CUST-10587,App,UPI,85,7
ORD-102679,2024-12-25,5127,5,Delivered,East,Home,FC-1,CUST-10797,Marketplace,UPI,1045,5
ORD-102680,2024-12-25,616,1,Delivered,East,Apparel,FC-7,CUST-10690,Web,UPI,123,5
ORD-102681,2024-12-25,7114,3,Delivered,East,Electronics,FC-8,CUST-10451,App,UPI,1841,5
ORD-102682,2024-12-25,565,1,Cancelled,East,Home,FC-2,CUST-10242,App,Wallet,157,
ORD-102683,2024-12-25,977,2,Delivered,North,Apparel,FC-6,CUST-10431,Web,COD,176,5
ORD-102684,2024-12-25,345,2,Delivered,West,Grocery,FC-6,CUST-10798,Marketplace,Card,59,4
ORD-102685,2024-12-25,361,1,Delivered,East,Beauty,FC-6,CUST-10691,Marketplace,COD,98,4
ORD-102686,2024-12-25,426,1,Returned,West,Beauty,FC-5,CUST-10523,Web,Wallet,92,5
ORD-102687,2024-12-25,1417,2,Shipped,West,Apparel,FC-4,CUST-10207,App,UPI,258,
ORD-102688,2024-12-25,154,1,Delivered,East,Grocery,FC-2,CUST-10799,App,Wallet,28,5
ORD-102689,2024-12-25,903,4,Cancelled,South,Grocery,FC-5,CUST-10800,Marketplace,Wallet,242,
ORD-102690,2024-12-25,1251,2,Cancelled,North,Home,FC-5,CUST-10635,Web,COD,249,
ORD-102691,2024-12-25,1907,1,Delivered,North,Electronics,FC-5,CUST-10801,App,UPI,582,3
ORD-102692,2024-12-25,2007,1,Cancelled,West,Electronics,FC-2,CUST-10055,App,COD,469,
ORD-102693,2024-12-25,3120,3,Cancelled,South,Home,FC-6,CUST-10350,Marketplace,Card,503,
ORD-102694,2024-12-25,563,4,Delivered,East,Grocery,FC-6,CUST-10037,App,COD,136,5
ORD-102695,2024-12-25,358,1,Delivered,East,Beauty,FC-1,CUST-10802,App,COD,74,5
ORD-102696,2024-12-25,264,2,Delivered,North,Grocery,FC-1,CUST-10803,Web,Card,76,3
ORD-102697,2024-12-25,2021,1,Shipped,East,Electronics,FC-7,CUST-10637,App,COD,558,
ORD-102698,2024-12-25,729,1,Delivered,South,Apparel,FC-2,CUST-10170,Web,UPI,112,4
ORD-102699,2024-12-25,3109,4,Cancelled,West,Home,FC-8,CUST-10804,App,UPI,640,
ORD-102700,2024-12-25,1223,5,Delivered,North,Beauty,FC-2,CUST-10356,Web,UPI,266,3
ORD-102701,2024-12-25,5350,2,Delivered,East,Electronics,FC-2,CUST-10612,App,UPI,1138,5
ORD-102702,2024-12-25,842,5,Delivered,South,Grocery,FC-7,CUST-10743,Web,COD,241,4
ORD-102703,2024-12-25,573,1,Delivered,East,Apparel,FC-7,CUST-10805,Web,UPI,82,4
ORD-102704,2024-12-25,1027,2,Delivered,West,Apparel,FC-5,CUST-10769,App,Card,242,3
ORD-102705,2024-12-25,415,1,Delivered,East,Beauty,FC-7,CUST-10167,Web,UPI,115,5
ORD-102706,2024-12-25,841,5,Delivered,East,Grocery,FC-2,CUST-10333,Marketplace,Card,207,4
ORD-102707,2024-12-25,1379,4,Delivered,West,Beauty,FC-1,CUST-10733,App,COD,297,3
ORD-102708,2024-12-25,224,1,Delivered,North,Grocery,FC-4,CUST-10599,Marketplace,UPI,35,5
ORD-102709,2024-12-25,276,1,Cancelled,East,Beauty,FC-5,CUST-10336,Web,COD,71,
ORD-102710,2024-12-25,6604,3,Delivered,East,Electronics,FC-3,CUST-10806,App,Wallet,1096,4
ORD-102711,2024-12-25,1525,2,Delivered,East,Apparel,FC-6,CUST-10807,Marketplace,Wallet,220,5
ORD-102712,2024-12-25,436,3,Returned,North,Grocery,FC-5,CUST-10808,Web,Wallet,79,4
ORD-102713,2024-12-25,1850,4,Delivered,South,Apparel,FC-4,CUST-10189,App,UPI,496,4
ORD-102714,2024-12-25,2678,1,Delivered,East,Electronics,FC-2,CUST-10137,App,COD,534,5
ORD-102715,2024-12-25,749,2,Delivered,South,Beauty,FC-7,CUST-10670,App,Card,142,5
ORD-102716,2024-12-25,688,2,Cancelled,North,Beauty,FC-1,CUST-10809,Web,UPI,128,
ORD-102717,2024-12-25,1313,2,Cancelled,North,Apparel,FC-7,CUST-10810,Web,COD,232,
ORD-102718,2024-12-25,2830,1,Cancelled,South,Electronics,FC-7,CUST-10811,Marketplace,UPI,507,
ORD-102719,2024-12-25,828,3,Delivered,East,Beauty,FC-3,CUST-10089,Web,Card,163,6
ORD-102720,2024-12-25,833,1,Delivered,North,Home,FC-2,CUST-10099,Web,UPI,244,5
ORD-102721,2024-12-25,10681,5,Delivered,North,Electronics,FC-4,CUST-10458,App,Card,2700,5
ORD-102722,2024-12-25,452,2,Delivered,South,Grocery,FC-5,CUST-10356,Web,UPI,101,3
ORD-102723,2024-12-25,564,1,Pending,West,Apparel,FC-8,CUST-10386,App,Card,163,
ORD-102724,2024-12-25,261,1,Delivered,South,Grocery,FC-3,CUST-10004,App,COD,42,5
ORD-102725,2024-12-25,1029,3,Delivered,East,Beauty,FC-5,CUST-10467,Web,UPI,320,6
ORD-102726,2024-12-25,482,1,Delivered,West,Apparel,FC-6,CUST-10393,App,UPI,126,5
ORD-102727,2024-12-25,721,1,Delivered,West,Apparel,FC-6,CUST-10444,App,UPI,181,4
ORD-102728,2024-12-25,9865,4,Delivered,East,Electronics,FC-1,CUST-10365,Web,COD,2979,5
ORD-102729,2024-12-25,690,1,Delivered,East,Home,FC-6,CUST-10463,App,UPI,100,6
ORD-102730,2024-12-25,700,1,Cancelled,South,Apparel,FC-6,CUST-10725,App,COD,157,
ORD-102731,2024-12-25,2006,2,Delivered,West,Home,FC-7,CUST-10564,Marketplace,Card,327,5
ORD-102732,2024-12-25,581,1,Delivered,North,Home,FC-4,CUST-10812,App,Card,148,6
ORD-102733,2024-12-25,308,1,Cancelled,West,Beauty,FC-6,CUST-10813,Web,COD,50,
ORD-102734,2024-12-25,2329,1,Delivered,North,Electronics,FC-2,CUST-10293,App,COD,659,3
ORD-102735,2024-12-25,1638,4,Delivered,South,Beauty,FC-4,CUST-10814,App,Wallet,299,5
ORD-102736,2024-12-25,2235,1,Delivered,South,Electronics,FC-6,CUST-10286,Web,UPI,532,4
ORD-102737,2024-12-25,2036,1,Delivered,North,Electronics,FC-3,CUST-10815,Web,Wallet,342,4
ORD-102738,2024-12-25,211,1,Delivered,North,Grocery,FC-1,CUST-10214,App,UPI,44,4
ORD-102739,2024-12-25,308,1,Cancelled,North,Beauty,FC-1,CUST-10532,App,Card,49,
ORD-102740,2024-12-25,5219,2,Delivered,East,Electronics,FC-3,CUST-10816,Web,COD,1299,6
ORD-102741,2024-12-25,3240,2,Cancelled,East,Electronics,FC-2,CUST-10817,Marketplace,UPI,619,
ORD-102742,2024-12-25,1167,4,Delivered,East,Beauty,FC-3,CUST-10295,Web,UPI,180,5
ORD-102743,2024-12-25,857,2,Delivered,South,Apparel,FC-2,CUST-10244,Web,UPI,249,3
ORD-102744,2024-12-25,925,2,Delivered,North,Apparel,FC-4,CUST-10133,Marketplace,COD,160,5
ORD-102745,2024-12-25,745,3,Delivered,West,Beauty,FC-6,CUST-10731,App,UPI,168,4
ORD-102746,2024-12-25,3574,4,Shipped,South,Home,FC-4,CUST-10818,App,UPI,543,
ORD-102747,2024-12-25,223,1,Delivered,West,Grocery,FC-7,CUST-10543,App,UPI,63,3
ORD-102748,2024-12-25,3262,2,Delivered,North,Electronics,FC-1,CUST-10819,App,Wallet,481,5
ORD-102749,2024-12-25,10192,4,Delivered,East,Electronics,FC-3,CUST-10770,Web,COD,2031,6
ORD-102750,2024-12-25,4799,3,Delivered,South,Electronics,FC-8,CUST-10288,App,UPI,1080,4
ORD-102751,2024-12-25,438,3,Delivered,West,Grocery,FC-2,CUST-10435,App,COD,82,4
ORD-102752,2024-12-25,907,1,Delivered,South,Home,FC-8,CUST-10168,Web,COD,266,4
ORD-102753,2024-12-25,366,1,Cancelled,East,Beauty,FC-3,CUST-10045,Web,UPI,55,
ORD-102754,2024-12-25,1185,2,Delivered,North,Apparel,FC-1,CUST-10475,Marketplace,UPI,303,4
ORD-102755,2024-12-25,1159,2,Delivered,South,Home,FC-1,CUST-10701,Marketplace,UPI,244,4
ORD-102756,2024-12-25,495,1,Delivered,West,Apparel,FC-3,CUST-10076,Web,COD,111,4
ORD-102757,2024-12-25,423,2,Returned,South,Grocery,FC-1,CUST-10820,Web,COD,99,4
ORD-102758,2024-12-25,751,1,Delivered,South,Home,FC-5,CUST-10821,App,Wallet,118,3
ORD-102759,2024-12-25,384,1,Delivered,South,Beauty,FC-6,CUST-10822,Marketplace,Wallet,79,4
ORD-102760,2024-12-25,1838,1,Cancelled,South,Electronics,FC-3,CUST-10585,App,COD,384,
ORD-102761,2024-12-25,2401,1,Delivered,North,Electronics,FC-1,CUST-10437,Marketplace,UPI,374,3
ORD-102762,2024-12-25,942,1,Delivered,East,Home,FC-6,CUST-10405,Marketplace,UPI,191,5
ORD-102763,2024-12-26,651,1,Delivered,East,Home,FC-3,CUST-10160,App,UPI,126,5
ORD-102764,2024-12-26,647,1,Delivered,North,Apparel,FC-3,CUST-10448,Web,Card,201,4
ORD-102765,2024-12-26,1368,2,Returned,East,Home,FC-6,CUST-10806,Web,UPI,296,4
ORD-102766,2024-12-26,1004,4,Delivered,North,Grocery,FC-3,CUST-10823,Web,COD,174,5
ORD-102767,2024-12-26,1744,1,Delivered,North,Electronics,FC-5,CUST-10824,Marketplace,Card,404,5
ORD-102768,2024-12-26,7156,3,Delivered,East,Electronics,FC-2,CUST-10472,App,UPI,1542,6
ORD-102769,2024-12-26,4345,2,Delivered,East,Electronics,FC-5,CUST-10733,Web,Wallet,1199,5
ORD-102770,2024-12-26,422,1,Delivered,East,Beauty,FC-6,CUST-10502,Web,COD,79,5
ORD-102771,2024-12-26,1524,2,Delivered,South,Home,FC-5,CUST-10825,Marketplace,Wallet,455,3
ORD-102772,2024-12-26,550,2,Delivered,East,Beauty,FC-3,CUST-10826,Web,Card,96,5
ORD-102773,2024-12-26,1683,1,Delivered,North,Electronics,FC-1,CUST-10454,Web,Wallet,446,4
ORD-102774,2024-12-26,3443,2,Delivered,North,Electronics,FC-8,CUST-10213,App,UPI,556,5
ORD-102775,2024-12-26,3699,4,Delivered,South,Home,FC-8,CUST-10679,Marketplace,COD,685,3
ORD-102776,2024-12-26,728,1,Delivered,West,Apparel,FC-8,CUST-10125,App,UPI,136,4
ORD-102777,2024-12-26,414,1,Delivered,South,Beauty,FC-6,CUST-10221,Web,UPI,87,3
ORD-102778,2024-12-26,1002,1,Delivered,North,Home,FC-3,CUST-10167,Web,Card,138,5
ORD-102779,2024-12-26,4857,3,Delivered,North,Electronics,FC-5,CUST-10801,App,UPI,891,4
ORD-102780,2024-12-26,2140,3,Delivered,West,Apparel,FC-8,CUST-10223,App,COD,372,5
ORD-102781,2024-12-26,990,1,Delivered,North,Home,FC-5,CUST-10827,Web,Card,142,3
ORD-102782,2024-12-26,1429,2,Delivered,North,Home,FC-7,CUST-10350,Marketplace,COD,401,5
ORD-102783,2024-12-26,2587,4,Delivered,North,Apparel,FC-2,CUST-10723,App,COD,540,5
ORD-102784,2024-12-26,807,4,Delivered,East,Grocery,FC-1,CUST-10828,Marketplace,Card,205,5
ORD-102785,2024-12-26,2748,3,Delivered,East,Home,FC-8,CUST-10306,App,UPI,465,5
ORD-102786,2024-12-26,408,2,Delivered,West,Grocery,FC-1,CUST-10089,Web,Wallet,75,4
ORD-102787,2024-12-26,672,1,Delivered,South,Apparel,FC-4,CUST-10261,Marketplace,COD,94,5
ORD-102788,2024-12-26,5467,2,Delivered,East,Electronics,FC-8,CUST-10829,Web,COD,861,5
ORD-102789,2024-12-26,188,1,Delivered,East,Grocery,FC-7,CUST-10183,App,UPI,51,6
ORD-102790,2024-12-26,921,2,Delivered,South,Apparel,FC-7,CUST-10617,Marketplace,Card,160,4
ORD-102791,2024-12-26,404,1,Delivered,North,Beauty,FC-1,CUST-10685,App,COD,109,4
ORD-102792,2024-12-26,5455,3,Delivered,West,Electronics,FC-1,CUST-10430,Web,UPI,1144,3
ORD-102793,2024-12-26,194,1,Delivered,West,Grocery,FC-5,CUST-10311,App,Card,42,4
ORD-102794,2024-12-26,147,1,Delivered,South,Grocery,FC-1,CUST-10647,Web,COD,34,3
ORD-102795,2024-12-26,1910,3,Delivered,West,Apparel,FC-1,CUST-10830,App,UPI,352,3
ORD-102796,2024-12-26,593,1,Delivered,East,Apparel,FC-2,CUST-10257,App,Wallet,125,4
ORD-102797,2024-12-26,1054,1,Delivered,East,Home,FC-1,CUST-10613,App,Card,146,4
ORD-102798,2024-12-26,2401,1,Delivered,East,Electronics,FC-5,CUST-10831,Marketplace,Card,357,4
ORD-102799,2024-12-26,1283,2,Delivered,South,Apparel,FC-8,CUST-10380,App,COD,256,3
ORD-102800,2024-12-26,613,1,Delivered,East,Apparel,FC-5,CUST-10514,Marketplace,Card,141,4
ORD-102801,2024-12-26,883,4,Delivered,East,Grocery,FC-7,CUST-10089,App,COD,162,5
ORD-102802,2024-12-26,364,1,Cancelled,North,Beauty,FC-3,CUST-10832,App,COD,61,
ORD-102803,2024-12-26,1957,1,Delivered,North,Electronics,FC-2,CUST-10763,Web,COD,497,3
ORD-102804,2024-12-26,197,1,Returned,North,Grocery,FC-6,CUST-10670,Web,COD,57,4
ORD-102805,2024-12-26,341,2,Shipped,South,Grocery,FC-5,CUST-10833,App,Card,91,
ORD-102806,2024-12-26,2967,5,Delivered,East,Apparel,FC-6,CUST-10825,Web,UPI,628,4
ORD-102807,2024-12-26,443,1,Cancelled,West,Apparel,FC-2,CUST-10471,Web,Wallet,100,
ORD-102808,2024-12-26,3321,5,Delivered,North,Apparel,FC-1,CUST-10500,App,COD,908,4
ORD-102809,2024-12-26,2249,3,Delivered,West,Home,FC-1,CUST-10548,Marketplace,UPI,589,4
ORD-102810,2024-12-26,2033,3,Delivered,South,Home,FC-4,CUST-10774,Web,Wallet,305,4
ORD-102811,2024-12-26,1396,2,Delivered,South,Home,FC-5,CUST-10834,Web,UPI,243,4
ORD-102812,2024-12-26,1045,5,Delivered,South,Grocery,FC-7,CUST-10472,App,Wallet,174,3
ORD-102813,2024-12-26,8295,3,Delivered,North,Electronics,FC-1,CUST-10566,Marketplace,UPI,1777,3
ORD-102814,2024-12-26,1229,2,Returned,West,Apparel,FC-2,CUST-10835,Web,COD,281,3
ORD-102815,2024-12-26,338,1,Delivered,West,Beauty,FC-5,CUST-10249,App,Card,49,4
ORD-102816,2024-12-26,633,1,Returned,North,Apparel,FC-6,CUST-10743,Web,COD,115,5
ORD-102817,2024-12-26,662,3,Delivered,West,Grocery,FC-1,CUST-10759,App,UPI,178,4
ORD-102818,2024-12-26,7060,3,Delivered,East,Electronics,FC-6,CUST-10247,Web,UPI,1658,4
ORD-102819,2024-12-26,772,3,Delivered,South,Beauty,FC-3,CUST-10836,Marketplace,UPI,204,4
ORD-102820,2024-12-26,823,2,Shipped,West,Beauty,FC-6,CUST-10055,App,Card,138,
ORD-102821,2024-12-26,580,1,Delivered,West,Apparel,FC-6,CUST-10356,Marketplace,Card,158,5
ORD-102822,2024-12-26,435,1,Delivered,South,Beauty,FC-3,CUST-10837,Web,UPI,87,4
ORD-102823,2024-12-26,2252,1,Delivered,North,Electronics,FC-5,CUST-10623,Web,Card,377,5
ORD-102824,2024-12-26,6916,4,Delivered,East,Electronics,FC-2,CUST-10838,Marketplace,COD,1636,4
ORD-102825,2024-12-26,8595,4,Delivered,West,Electronics,FC-2,CUST-10448,Marketplace,Wallet,1569,3
ORD-102826,2024-12-26,525,1,Delivered,West,Apparel,FC-1,CUST-10839,App,COD,100,5
ORD-102827,2024-12-26,469,2,Delivered,West,Grocery,FC-2,CUST-10840,Web,UPI,84,4
ORD-102828,2024-12-26,153,1,Shipped,South,Grocery,FC-2,CUST-10247,Web,COD,30,
ORD-102829,2024-12-26,516,2,Delivered,North,Grocery,FC-1,CUST-10558,Marketplace,UPI,97,4
ORD-102830,2024-12-26,2161,3,Cancelled,East,Apparel,FC-6,CUST-10841,App,UPI,503,
ORD-102831,2024-12-26,723,1,Shipped,West,Apparel,FC-2,CUST-10188,Web,COD,143,
ORD-102832,2024-12-26,4996,2,Delivered,South,Electronics,FC-5,CUST-10089,Marketplace,Card,1216,4
ORD-102833,2024-12-26,538,1,Delivered,West,Apparel,FC-7,CUST-10027,App,UPI,141,5
ORD-102834,2024-12-26,2786,3,Delivered,West,Home,FC-5,CUST-10809,App,COD,563,5
ORD-102835,2024-12-26,1983,2,Delivered,South,Home,FC-8,CUST-10403,Web,Card,324,4
ORD-102836,2024-12-26,461,2,Cancelled,East,Grocery,FC-3,CUST-10408,Web,UPI,100,
ORD-102837,2024-12-26,671,1,Returned,West,Apparel,FC-3,CUST-10336,App,Card,165,3
ORD-102838,2024-12-26,483,2,Delivered,West,Grocery,FC-3,CUST-10441,Web,UPI,133,5
ORD-102839,2024-12-26,1336,3,Delivered,North,Apparel,FC-5,CUST-10842,Web,COD,293,3
ORD-102840,2024-12-26,3520,2,Delivered,East,Electronics,FC-1,CUST-10843,App,UPI,561,5
ORD-102841,2024-12-26,2941,3,Delivered,East,Home,FC-3,CUST-10844,App,Card,677,6
ORD-102842,2024-12-26,594,4,Returned,South,Grocery,FC-4,CUST-10845,Web,COD,96,6
ORD-102843,2024-12-26,1780,2,Delivered,East,Home,FC-3,CUST-10846,Web,UPI,331,5
ORD-102844,2024-12-26,422,2,Cancelled,East,Grocery,FC-8,CUST-10465,App,Wallet,74,
ORD-102845,2024-12-26,1591,4,Delivered,South,Beauty,FC-5,CUST-10558,Web,Wallet,282,4
ORD-102846,2024-12-26,1280,3,Delivered,East,Apparel,FC-5,CUST-10177,Marketplace,COD,242,5
ORD-102847,2024-12-26,1445,2,Delivered,South,Home,FC-3,CUST-10847,Web,COD,210,4
ORD-102848,2024-12-26,582,1,Delivered,South,Home,FC-8,CUST-10848,App,UPI,168,4
ORD-102849,2024-12-26,1924,3,Delivered,West,Apparel,FC-6,CUST-10849,App,Wallet,341,4
ORD-102850,2024-12-26,1093,2,Delivered,East,Apparel,FC-3,CUST-10850,Marketplace,UPI,233,6
ORD-102851,2024-12-26,803,3,Delivered,West,Beauty,FC-6,CUST-10851,App,Card,110,3
ORD-102852,2024-12-26,12727,5,Cancelled,West,Electronics,FC-5,CUST-10204,Marketplace,UPI,1931,
ORD-102853,2024-12-26,4654,3,Delivered,North,Electronics,FC-2,CUST-10852,Marketplace,UPI,972,5
ORD-102854,2024-12-26,3056,4,Delivered,East,Home,FC-6,CUST-10811,Marketplace,Card,543,4
ORD-102855,2024-12-26,4902,2,Cancelled,North,Electronics,FC-4,CUST-10799,Marketplace,UPI,905,
ORD-102856,2024-12-26,175,1,Delivered,North,Grocery,FC-8,CUST-10784,Web,Wallet,41,4
ORD-102857,2024-12-26,374,2,Delivered,East,Grocery,FC-7,CUST-10622,Web,COD,78,5
ORD-102858,2024-12-26,538,1,Delivered,North,Apparel,FC-2,CUST-10853,Marketplace,UPI,133,4
ORD-102859,2024-12-26,1989,3,Returned,East,Home,FC-1,CUST-10854,Web,COD,278,4
ORD-102860,2024-12-26,971,3,Delivered,West,Beauty,FC-5,CUST-10437,App,UPI,263,4
ORD-102861,2024-12-26,910,2,Delivered,South,Apparel,FC-5,CUST-10855,Web,COD,179,4
ORD-102862,2024-12-26,504,1,Delivered,North,Apparel,FC-6,CUST-10034,Marketplace,UPI,153,4
ORD-102863,2024-12-26,5480,3,Delivered,West,Electronics,FC-3,CUST-10655,App,UPI,759,4
ORD-102864,2024-12-26,1091,5,Delivered,East,Grocery,FC-2,CUST-10189,Web,UPI,341,6
ORD-102865,2024-12-26,413,1,Delivered,North,Beauty,FC-6,CUST-10613,App,Card,121,4
ORD-102866,2024-12-26,2671,1,Delivered,North,Electronics,FC-7,CUST-10281,App,Wallet,441,5
ORD-102867,2024-12-26,4768,2,Delivered,North,Electronics,FC-3,CUST-10163,Marketplace,UPI,1222,5
ORD-102868,2024-12-26,211,1,Delivered,South,Grocery,FC-2,CUST-10856,Marketplace,Card,33,3
ORD-102869,2024-12-26,11234,5,Delivered,East,Electronics,FC-6,CUST-10462,Marketplace,Card,1558,4
ORD-102870,2024-12-26,7120,3,Delivered,West,Electronics,FC-8,CUST-10002,Marketplace,UPI,1926,4
ORD-102871,2024-12-26,1304,2,Cancelled,West,Apparel,FC-1,CUST-10089,App,UPI,406,
ORD-102872,2024-12-26,949,4,Delivered,North,Grocery,FC-5,CUST-10495,App,UPI,203,4
ORD-102873,2024-12-26,367,1,Delivered,West,Beauty,FC-1,CUST-10010,App,COD,64,4
ORD-102874,2024-12-26,1184,3,Cancelled,West,Beauty,FC-1,CUST-10531,Web,COD,265,
ORD-102875,2024-12-26,1854,4,Returned,East,Apparel,FC-8,CUST-10857,Web,COD,456,6
ORD-102876,2024-12-26,2271,1,Cancelled,South,Electronics,FC-2,CUST-10743,Web,UPI,411,
ORD-102877,2024-12-26,847,2,Returned,East,Beauty,FC-1,CUST-10606,Web,UPI,123,4
ORD-102878,2024-12-26,228,1,Delivered,East,Grocery,FC-7,CUST-10858,Web,Wallet,46,5
ORD-102879,2024-12-26,845,1,Delivered,East,Home,FC-8,CUST-10008,App,Card,136,6
ORD-102880,2024-12-26,1608,3,Cancelled,North,Apparel,FC-7,CUST-10176,App,UPI,460,
ORD-102881,2024-12-26,1748,2,Delivered,South,Home,FC-8,CUST-10530,Marketplace,UPI,453,4
ORD-102882,2024-12-26,7869,3,Delivered,East,Electronics,FC-3,CUST-10420,App,Card,1991,4
ORD-102883,2024-12-26,141,1,Delivered,North,Grocery,FC-4,CUST-10442,App,Card,41,6
ORD-102884,2024-12-26,1761,3,Delivered,East,Home,FC-2,CUST-10859,App,UPI,542,4
ORD-102885,2024-12-26,2331,3,Returned,West,Home,FC-2,CUST-10077,App,COD,587,4
ORD-102886,2024-12-26,696,1,Delivered,East,Home,FC-6,CUST-10046,App,Card,201,5
ORD-102887,2024-12-26,2686,1,Cancelled,North,Electronics,FC-5,CUST-10616,Web,Wallet,670,
ORD-102888,2024-12-26,519,1,Delivered,East,Apparel,FC-2,CUST-10860,App,COD,100,5
ORD-102889,2024-12-26,694,2,Delivered,East,Beauty,FC-1,CUST-10861,Marketplace,UPI,202,3
ORD-102890,2024-12-26,154,1,Delivered,South,Grocery,FC-4,CUST-10862,App,UPI,23,4
ORD-102891,2024-12-26,3309,2,Delivered,North,Electronics,FC-1,CUST-10511,Web,COD,824,3
ORD-102892,2024-12-27,8610,3,Delivered,South,Electronics,FC-6,CUST-10863,App,Wallet,0,4
ORD-102893,2024-12-27,596,1,Delivered,North,Apparel,FC-2,CUST-10099,Marketplace,UPI,0,3
ORD-102894,2024-12-27,2101,3,Delivered,West,Home,FC-3,CUST-10469,App,UPI,112,4
ORD-102895,2024-12-27,3317,4,Delivered,South,Apparel,FC-6,CUST-10864,App,UPI,0,2
ORD-102896,2024-12-27,908,1,Delivered,West,Home,FC-3,CUST-10037,Web,UPI,0,3
ORD-102897,2024-12-27,1673,4,Returned,West,Beauty,FC-4,CUST-10412,App,UPI,0,5
ORD-102898,2024-12-27,1552,4,Delivered,South,Beauty,FC-5,CUST-10273,App,Wallet,130,3
ORD-102899,2024-12-27,243,1,Returned,West,Grocery,FC-6,CUST-10865,App,COD,14,2
ORD-102900,2024-12-27,689,1,Delivered,West,Home,FC-7,CUST-10133,App,UPI,65,5
ORD-102901,2024-12-27,725,1,Delivered,North,Apparel,FC-7,CUST-10866,App,Card,0,4
ORD-102902,2024-12-27,971,1,Delivered,West,Home,FC-7,CUST-10331,App,Card,0,4
ORD-102903,2024-12-27,688,2,Delivered,West,Beauty,FC-1,CUST-10580,Web,COD,0,4
ORD-102904,2024-12-27,4803,4,Delivered,South,Home,FC-8,CUST-10172,App,UPI,0,3
ORD-102905,2024-12-27,2873,1,Delivered,East,Electronics,FC-6,CUST-10867,Web,COD,0,3
ORD-102906,2024-12-27,894,1,Delivered,South,Apparel,FC-3,CUST-10675,App,UPI,0,3
ORD-102907,2024-12-27,2139,5,Delivered,East,Beauty,FC-7,CUST-10868,App,UPI,196,4
ORD-102908,2024-12-27,973,2,Delivered,West,Beauty,FC-2,CUST-10351,Web,Card,96,2
ORD-102909,2024-12-27,2142,3,Delivered,East,Apparel,FC-3,CUST-10095,App,Card,0,3
ORD-102910,2024-12-27,2520,5,Delivered,North,Beauty,FC-5,CUST-10869,Web,COD,0,3
ORD-102911,2024-12-27,1624,2,Delivered,South,Home,FC-2,CUST-10542,Marketplace,COD,131,2
ORD-102912,2024-12-27,262,1,Delivered,East,Grocery,FC-5,CUST-10070,Web,COD,0,4
ORD-102913,2024-12-27,521,2,Delivered,North,Grocery,FC-5,CUST-10444,App,Wallet,0,4
ORD-102914,2024-12-27,3745,2,Delivered,North,Electronics,FC-8,CUST-10870,Web,UPI,0,4
ORD-102915,2024-12-27,586,2,Delivered,South,Grocery,FC-1,CUST-10871,Web,UPI,0,4
ORD-102916,2024-12-27,4828,2,Delivered,North,Electronics,FC-3,CUST-10263,App,Wallet,0,3
ORD-102917,2024-12-27,9801,3,Delivered,South,Electronics,FC-1,CUST-10425,Marketplace,UPI,0,3
ORD-102918,2024-12-27,8933,4,Delivered,South,Electronics,FC-5,CUST-10872,App,UPI,972,3
ORD-102919,2024-12-27,3314,4,Delivered,North,Home,FC-5,CUST-10873,App,UPI,267,3
ORD-102920,2024-12-27,792,4,Cancelled,East,Grocery,FC-3,CUST-10702,Web,UPI,55,
ORD-102921,2024-12-27,1570,2,Delivered,East,Apparel,FC-6,CUST-10232,Web,UPI,0,5
ORD-102922,2024-12-27,790,1,Cancelled,East,Apparel,FC-6,CUST-10647,App,COD,0,
ORD-102923,2024-12-27,504,3,Delivered,East,Grocery,FC-3,CUST-10597,App,COD,42,4
ORD-102924,2024-12-27,179,1,Delivered,South,Grocery,FC-3,CUST-10014,Web,Wallet,0,4
ORD-102925,2024-12-27,3150,1,Returned,East,Electronics,FC-7,CUST-10327,App,UPI,0,4
ORD-102926,2024-12-27,730,1,Delivered,West,Home,FC-1,CUST-10533,App,Wallet,0,3
ORD-102927,2024-12-27,8124,4,Cancelled,South,Electronics,FC-8,CUST-10874,App,UPI,0,
ORD-102928,2024-12-27,4789,4,Delivered,South,Home,FC-6,CUST-10875,Marketplace,Card,0,3
ORD-102929,2024-12-27,497,1,Returned,North,Apparel,FC-1,CUST-10377,Web,UPI,0,2
ORD-102930,2024-12-27,298,1,Delivered,West,Grocery,FC-8,CUST-10614,App,Wallet,0,3
ORD-102931,2024-12-27,1730,3,Delivered,East,Apparel,FC-7,CUST-10573,App,COD,0,5
ORD-102932,2024-12-27,1736,4,Delivered,East,Beauty,FC-6,CUST-10781,Web,COD,0,3
ORD-102933,2024-12-27,1042,5,Delivered,East,Grocery,FC-6,CUST-10876,Web,UPI,0,5
ORD-102934,2024-12-27,339,1,Pending,West,Beauty,FC-4,CUST-10306,App,UPI,20,
ORD-102935,2024-12-27,1226,4,Delivered,South,Grocery,FC-4,CUST-10273,App,Card,0,4
ORD-102936,2024-12-27,2998,1,Cancelled,East,Electronics,FC-5,CUST-10381,App,UPI,225,
ORD-102937,2024-12-27,2394,1,Delivered,South,Electronics,FC-8,CUST-10632,Web,COD,140,3
ORD-102938,2024-12-27,2066,4,Delivered,West,Beauty,FC-4,CUST-10339,Web,UPI,0,4
ORD-102939,2024-12-27,414,1,Delivered,East,Beauty,FC-6,CUST-10701,App,COD,0,3
ORD-102940,2024-12-27,218,1,Delivered,South,Grocery,FC-1,CUST-10088,App,UPI,0,3
ORD-102941,2024-12-27,1775,5,Delivered,East,Beauty,FC-6,CUST-10781,App,Card,0,4
ORD-102942,2024-12-27,2794,1,Delivered,South,Electronics,FC-7,CUST-10453,Web,Card,0,2
ORD-102943,2024-12-27,757,1,Delivered,South,Home,FC-5,CUST-10598,Web,Wallet,72,2
ORD-102944,2024-12-27,1865,1,Delivered,North,Electronics,FC-5,CUST-10542,App,UPI,179,4
ORD-102945,2024-12-27,417,2,Delivered,East,Grocery,FC-3,CUST-10288,Web,Wallet,0,3
ORD-102946,2024-12-27,322,1,Delivered,South,Beauty,FC-1,CUST-10108,App,UPI,22,2
ORD-102947,2024-12-27,10503,4,Delivered,West,Electronics,FC-8,CUST-10798,App,COD,707,4
ORD-102948,2024-12-27,704,1,Pending,East,Apparel,FC-1,CUST-10877,Web,COD,43,
ORD-102949,2024-12-27,3479,4,Delivered,North,Home,FC-6,CUST-10878,Web,UPI,0,3
ORD-102950,2024-12-27,3235,5,Returned,West,Apparel,FC-6,CUST-10384,Web,COD,276,4
ORD-102951,2024-12-27,6547,3,Returned,South,Electronics,FC-4,CUST-10536,App,UPI,0,5
ORD-102952,2024-12-27,2491,3,Returned,South,Apparel,FC-4,CUST-10273,Web,Card,0,3
ORD-102953,2024-12-27,1708,3,Delivered,South,Apparel,FC-3,CUST-10219,Web,Card,0,3
ORD-102954,2024-12-27,989,1,Delivered,West,Home,FC-8,CUST-10646,Web,Card,0,4
ORD-102955,2024-12-27,1979,4,Returned,South,Beauty,FC-6,CUST-10847,App,COD,0,4
ORD-102956,2024-12-27,6124,2,Pending,West,Electronics,FC-6,CUST-10649,App,UPI,0,
ORD-102957,2024-12-27,2174,4,Delivered,West,Beauty,FC-3,CUST-10010,Web,Card,0,3
ORD-102958,2024-12-27,1462,2,Returned,South,Home,FC-7,CUST-10408,Marketplace,Card,0,2
ORD-102959,2024-12-27,1488,5,Delivered,South,Grocery,FC-4,CUST-10003,Web,Card,0,4
ORD-102960,2024-12-27,2329,3,Delivered,East,Apparel,FC-8,CUST-10879,App,COD,0,4
ORD-102961,2024-12-27,1785,2,Delivered,West,Home,FC-2,CUST-10880,Web,Card,183,3
ORD-102962,2024-12-27,852,1,Delivered,East,Home,FC-3,CUST-10246,App,Card,0,5
ORD-102963,2024-12-27,298,1,Cancelled,North,Grocery,FC-1,CUST-10776,App,UPI,0,
ORD-102964,2024-12-27,1304,3,Delivered,South,Beauty,FC-6,CUST-10881,Web,UPI,0,1
ORD-102965,2024-12-27,2537,1,Returned,North,Electronics,FC-7,CUST-10520,App,UPI,142,5
ORD-102966,2024-12-27,2636,1,Delivered,North,Electronics,FC-4,CUST-10882,App,COD,0,5
ORD-102967,2024-12-27,6220,2,Delivered,West,Electronics,FC-8,CUST-10883,Web,Card,0,3
ORD-102968,2024-12-27,6076,3,Delivered,South,Electronics,FC-1,CUST-10884,Web,Card,0,3
ORD-102969,2024-12-27,3441,4,Delivered,East,Apparel,FC-5,CUST-10699,App,UPI,0,3
ORD-102970,2024-12-27,1272,4,Delivered,East,Beauty,FC-2,CUST-10885,Web,Card,108,4
ORD-102971,2024-12-27,1694,3,Delivered,West,Apparel,FC-3,CUST-10886,Marketplace,Wallet,100,3
ORD-102972,2024-12-27,288,1,Pending,West,Grocery,FC-7,CUST-10887,Web,COD,0,
ORD-102973,2024-12-27,887,2,Delivered,East,Beauty,FC-2,CUST-10248,App,UPI,54,4
ORD-102974,2024-12-27,5321,5,Delivered,West,Home,FC-2,CUST-10133,Web,UPI,540,2
ORD-102975,2024-12-27,4146,4,Shipped,South,Home,FC-8,CUST-10888,App,COD,0,
ORD-102976,2024-12-27,847,3,Cancelled,South,Grocery,FC-6,CUST-10889,Web,COD,0,
ORD-102977,2024-12-27,2473,1,Returned,West,Electronics,FC-4,CUST-10276,Web,UPI,0,4
ORD-102978,2024-12-27,341,1,Cancelled,North,Beauty,FC-7,CUST-10882,Marketplace,COD,0,
ORD-102979,2024-12-27,516,2,Delivered,West,Grocery,FC-3,CUST-10804,App,UPI,0,4
ORD-102980,2024-12-27,7663,3,Delivered,North,Electronics,FC-4,CUST-10890,Web,UPI,419,4
ORD-102981,2024-12-27,2534,1,Cancelled,East,Electronics,FC-8,CUST-10306,Web,COD,0,
ORD-102982,2024-12-27,245,1,Delivered,East,Grocery,FC-8,CUST-10860,Web,Card,20,5
ORD-102983,2024-12-27,448,2,Delivered,North,Grocery,FC-5,CUST-10283,Marketplace,COD,0,2
ORD-102984,2024-12-27,2856,4,Returned,West,Apparel,FC-1,CUST-10331,Marketplace,Wallet,0,3
ORD-102985,2024-12-27,1302,5,Delivered,East,Grocery,FC-4,CUST-10109,Marketplace,COD,135,4
ORD-102986,2024-12-27,1447,2,Shipped,West,Home,FC-6,CUST-10310,Marketplace,Card,150,
ORD-102987,2024-12-27,7036,3,Delivered,West,Electronics,FC-3,CUST-10891,Web,UPI,569,4
ORD-102988,2024-12-27,459,1,Delivered,East,Beauty,FC-2,CUST-10743,Marketplace,UPI,0,5
ORD-102989,2024-12-27,464,1,Delivered,South,Beauty,FC-5,CUST-10892,Marketplace,Card,0,3
ORD-102990,2024-12-27,5413,2,Delivered,South,Electronics,FC-5,CUST-10893,Marketplace,UPI,528,2
ORD-102991,2024-12-28,2741,1,Delivered,West,Electronics,FC-4,CUST-10335,Web,UPI,166,3
ORD-102992,2024-12-28,757,1,Delivered,North,Home,FC-7,CUST-10894,App,Card,0,3
ORD-102993,2024-12-28,2308,2,Delivered,West,Home,FC-2,CUST-10877,Marketplace,UPI,0,4
ORD-102994,2024-12-28,2274,2,Delivered,East,Home,FC-6,CUST-10717,Web,UPI,166,3
ORD-102995,2024-12-28,2408,1,Cancelled,West,Electronics,FC-2,CUST-10895,Marketplace,COD,180,
ORD-102996,2024-12-28,536,2,Delivered,South,Grocery,FC-2,CUST-10635,App,UPI,0,4
ORD-102997,2024-12-28,2868,1,Delivered,North,Electronics,FC-3,CUST-10896,Marketplace,Card,0,3
ORD-102998,2024-12-28,333,2,Delivered,North,Grocery,FC-1,CUST-10564,App,COD,21,2
ORD-102999,2024-12-28,3067,4,Delivered,East,Apparel,FC-7,CUST-10283,Web,UPI,0,4
ORD-103000,2024-12-28,11259,5,Delivered,East,Electronics,FC-8,CUST-10193,Marketplace,UPI,0,4
ORD-103001,2024-12-28,2519,1,Delivered,West,Electronics,FC-1,CUST-10756,App,Wallet,234,3
ORD-103002,2024-12-28,3020,5,Delivered,East,Apparel,FC-4,CUST-10437,Web,COD,288,6
ORD-103003,2024-12-28,909,2,Shipped,South,Beauty,FC-6,CUST-10793,Marketplace,Card,0,
ORD-103004,2024-12-28,2780,1,Delivered,North,Electronics,FC-4,CUST-10897,Web,Card,258,5
ORD-103005,2024-12-28,843,4,Delivered,South,Grocery,FC-8,CUST-10898,Web,Card,0,3
ORD-103006,2024-12-28,1489,2,Delivered,South,Home,FC-2,CUST-10070,App,UPI,0,2
ORD-103007,2024-12-28,1387,2,Delivered,South,Home,FC-5,CUST-10899,Marketplace,Card,0,3
ORD-103008,2024-12-28,2374,4,Delivered,East,Apparel,FC-2,CUST-10900,Marketplace,COD,0,4
ORD-103009,2024-12-28,8830,3,Delivered,East,Electronics,FC-4,CUST-10717,App,UPI,906,5
ORD-103010,2024-12-28,2024,1,Delivered,North,Electronics,FC-5,CUST-10840,App,UPI,162,2
ORD-103011,2024-12-28,836,3,Delivered,West,Grocery,FC-8,CUST-10337,Web,COD,0,3
ORD-103012,2024-12-28,1583,2,Returned,East,Apparel,FC-4,CUST-10901,App,Card,105,5
ORD-103013,2024-12-28,3487,4,Returned,East,Apparel,FC-6,CUST-10310,Web,UPI,0,5
ORD-103014,2024-12-28,825,3,Delivered,East,Grocery,FC-2,CUST-10611,App,COD,0,3
ORD-103015,2024-12-28,1342,4,Delivered,South,Beauty,FC-4,CUST-10066,App,Card,0,4
ORD-103016,2024-12-28,523,2,Delivered,North,Grocery,FC-8,CUST-10584,App,COD,56,3
ORD-103017,2024-12-28,430,1,Delivered,East,Beauty,FC-7,CUST-10066,Marketplace,Card,0,5
ORD-103018,2024-12-28,887,5,Delivered,East,Grocery,FC-2,CUST-10258,App,Card,52,3
ORD-103019,2024-12-28,1184,1,Returned,East,Home,FC-2,CUST-10422,App,UPI,0,3
ORD-103020,2024-12-28,1153,1,Delivered,South,Home,FC-4,CUST-10071,Web,UPI,0,4
ORD-103021,2024-12-28,3835,2,Delivered,South,Electronics,FC-2,CUST-10902,App,UPI,0,3
ORD-103022,2024-12-28,5283,2,Delivered,East,Electronics,FC-1,CUST-10873,Web,UPI,0,4
ORD-103023,2024-12-28,2994,1,Delivered,East,Electronics,FC-7,CUST-10903,Web,COD,210,3
ORD-103024,2024-12-28,5031,5,Delivered,North,Home,FC-6,CUST-10489,App,UPI,0,4
ORD-103025,2024-12-28,199,1,Delivered,North,Grocery,FC-7,CUST-10082,App,UPI,14,5
ORD-103026,2024-12-28,294,1,Delivered,South,Beauty,FC-6,CUST-10309,Web,Card,23,2
ORD-103027,2024-12-28,3225,5,Delivered,East,Apparel,FC-3,CUST-10635,App,UPI,298,4
ORD-103028,2024-12-28,888,3,Delivered,East,Grocery,FC-2,CUST-10294,Web,Card,0,4
ORD-103029,2024-12-28,1308,2,Delivered,North,Apparel,FC-8,CUST-10904,Marketplace,UPI,0,4
ORD-103030,2024-12-28,5563,2,Cancelled,West,Electronics,FC-1,CUST-10905,Web,COD,0,
ORD-103031,2024-12-28,1214,2,Delivered,East,Apparel,FC-1,CUST-10805,Web,Card,0,3
ORD-103032,2024-12-28,2298,3,Cancelled,South,Apparel,FC-8,CUST-10564,Marketplace,UPI,0,
ORD-103033,2024-12-28,378,1,Delivered,East,Beauty,FC-7,CUST-10644,Web,UPI,0,5
ORD-103034,2024-12-28,745,1,Delivered,East,Home,FC-6,CUST-10906,Marketplace,COD,0,4
ORD-103035,2024-12-28,986,4,Delivered,South,Grocery,FC-4,CUST-10391,Web,UPI,66,3
ORD-103036,2024-12-28,5672,2,Delivered,East,Electronics,FC-2,CUST-10827,App,COD,0,3
ORD-103037,2024-12-28,1065,1,Delivered,West,Home,FC-4,CUST-10760,App,Card,61,4
ORD-103038,2024-12-28,1261,2,Returned,South,Apparel,FC-2,CUST-10178,Web,COD,0,3
ORD-103039,2024-12-28,1034,1,Delivered,East,Home,FC-4,CUST-10907,Web,UPI,0,4
ORD-103040,2024-12-28,3014,5,Delivered,East,Apparel,FC-6,CUST-10751,App,Card,0,3
ORD-103041,2024-12-28,293,1,Delivered,East,Grocery,FC-8,CUST-10906,Web,COD,0,5
ORD-103042,2024-12-28,802,1,Delivered,East,Home,FC-2,CUST-10908,Web,UPI,54,4
ORD-103043,2024-12-28,1076,2,Cancelled,North,Apparel,FC-1,CUST-10909,Marketplace,COD,79,
ORD-103044,2024-12-28,2986,1,Delivered,North,Electronics,FC-3,CUST-10367,Web,COD,0,4
ORD-103045,2024-12-28,1338,3,Delivered,East,Beauty,FC-2,CUST-10910,Marketplace,COD,135,3
ORD-103046,2024-12-28,5852,3,Delivered,South,Electronics,FC-5,CUST-10733,App,Card,611,3
ORD-103047,2024-12-28,3325,1,Delivered,East,Electronics,FC-1,CUST-10885,Web,UPI,0,3
ORD-103048,2024-12-28,675,1,Delivered,East,Home,FC-3,CUST-10230,App,UPI,0,5
ORD-103049,2024-12-28,1131,5,Delivered,South,Grocery,FC-3,CUST-10516,Web,UPI,95,3
ORD-103050,2024-12-28,718,1,Delivered,West,Home,FC-6,CUST-10624,Marketplace,UPI,63,2
ORD-103051,2024-12-28,663,1,Delivered,South,Apparel,FC-4,CUST-10911,Web,UPI,44,4
ORD-103052,2024-12-28,1512,2,Delivered,South,Home,FC-4,CUST-10912,Web,UPI,0,4
ORD-103053,2024-12-28,1628,2,Shipped,North,Home,FC-1,CUST-10210,Marketplace,Card,0,
ORD-103054,2024-12-28,2033,1,Delivered,South,Electronics,FC-5,CUST-10749,Web,Card,0,2
ORD-103055,2024-12-28,2625,5,Delivered,North,Beauty,FC-7,CUST-10771,Marketplace,COD,0,4
ORD-103056,2024-12-28,6310,2,Delivered,North,Electronics,FC-8,CUST-10906,Marketplace,UPI,0,4
ORD-103057,2024-12-28,2819,3,Delivered,East,Home,FC-4,CUST-10219,App,Card,0,6
ORD-103058,2024-12-28,1997,4,Delivered,East,Beauty,FC-8,CUST-10616,Marketplace,Wallet,113,5
ORD-103059,2024-12-28,1172,1,Delivered,West,Home,FC-8,CUST-10613,App,Card,0,4
ORD-103060,2024-12-28,272,1,Delivered,North,Grocery,FC-1,CUST-10151,Marketplace,COD,18,4
ORD-103061,2024-12-28,2601,4,Delivered,East,Apparel,FC-6,CUST-10219,App,UPI,0,5
ORD-103062,2024-12-28,2518,1,Delivered,West,Electronics,FC-3,CUST-10091,Web,Card,0,3
ORD-103063,2024-12-28,2785,1,Shipped,West,Electronics,FC-2,CUST-10837,Marketplace,UPI,220,
ORD-103064,2024-12-28,826,4,Delivered,East,Grocery,FC-3,CUST-10585,Web,Wallet,76,3
ORD-103065,2024-12-28,1360,4,Delivered,East,Beauty,FC-8,CUST-10131,App,Card,0,5
ORD-103066,2024-12-28,3768,2,Delivered,West,Electronics,FC-4,CUST-10579,App,UPI,0,4
ORD-103067,2024-12-28,1018,2,Delivered,North,Apparel,FC-5,CUST-10782,Web,UPI,67,3
ORD-103068,2024-12-28,2581,3,Returned,West,Home,FC-6,CUST-10219,Web,UPI,0,3
ORD-103069,2024-12-28,1196,3,Delivered,West,Beauty,FC-6,CUST-10887,Marketplace,UPI,71,4
ORD-103070,2024-12-28,3107,4,Delivered,South,Apparel,FC-6,CUST-10607,App,COD,298,3
ORD-103071,2024-12-28,5721,2,Delivered,South,Electronics,FC-2,CUST-10913,App,Card,601,2
ORD-103072,2024-12-28,2025,3,Delivered,South,Apparel,FC-6,CUST-10914,Marketplace,UPI,0,3
ORD-103073,2024-12-28,514,1,Delivered,West,Beauty,FC-1,CUST-10915,Marketplace,UPI,0,3
ORD-103074,2024-12-28,6905,3,Delivered,North,Electronics,FC-5,CUST-10877,Web,Card,581,4
ORD-103075,2024-12-28,669,1,Delivered,East,Apparel,FC-7,CUST-10187,Marketplace,UPI,58,4
ORD-103076,2024-12-28,826,1,Delivered,North,Apparel,FC-6,CUST-10804,Web,Wallet,46,2
ORD-103077,2024-12-28,4054,4,Cancelled,North,Home,FC-6,CUST-10448,Web,UPI,0,
ORD-103078,2024-12-28,1063,2,Delivered,North,Apparel,FC-1,CUST-10248,App,Wallet,0,3
ORD-103079,2024-12-28,299,1,Returned,West,Beauty,FC-1,CUST-10845,Web,UPI,22,3
ORD-103080,2024-12-28,676,1,Delivered,West,Home,FC-1,CUST-10916,App,Card,0,3
ORD-103081,2024-12-28,729,1,Delivered,East,Apparel,FC-4,CUST-10065,Web,COD,0,4
ORD-103082,2024-12-28,1197,4,Delivered,North,Grocery,FC-8,CUST-10606,Web,UPI,0,3
ORD-103083,2024-12-28,892,1,Delivered,West,Home,FC-8,CUST-10917,Marketplace,UPI,82,5
ORD-103084,2024-12-28,596,2,Delivered,East,Grocery,FC-8,CUST-10642,Web,Card,0,5
ORD-103085,2024-12-28,1956,1,Delivered,East,Electronics,FC-2,CUST-10904,Marketplace,UPI,141,5
ORD-103086,2024-12-28,802,1,Delivered,West,Apparel,FC-4,CUST-10918,App,UPI,0,3
ORD-103087,2024-12-28,600,1,Delivered,North,Apparel,FC-3,CUST-10217,Web,Card,0,4
ORD-103088,2024-12-28,5730,2,Delivered,East,Electronics,FC-5,CUST-10746,Web,UPI,0,3
ORD-103089,2024-12-28,260,1,Cancelled,South,Grocery,FC-1,CUST-10485,Web,COD,0,
ORD-103090,2024-12-28,830,1,Delivered,South,Apparel,FC-8,CUST-10462,Marketplace,UPI,62,3
ORD-103091,2024-12-28,2597,1,Delivered,West,Electronics,FC-7,CUST-10381,Web,Card,0,3
ORD-103092,2024-12-28,1789,1,Returned,North,Electronics,FC-5,CUST-10616,Marketplace,Card,165,2
ORD-103093,2024-12-28,9902,5,Returned,South,Electronics,FC-1,CUST-10919,Web,Card,0,3
ORD-103094,2024-12-28,3011,4,Delivered,North,Apparel,FC-4,CUST-10035,Marketplace,UPI,0,4
ORD-103095,2024-12-28,806,2,Delivered,South,Beauty,FC-3,CUST-10238,Marketplace,Card,0,3
ORD-103096,2024-12-28,824,1,Returned,North,Apparel,FC-4,CUST-10521,Marketplace,Card,57,3
ORD-103097,2024-12-28,162,1,Delivered,South,Grocery,FC-6,CUST-10469,Marketplace,COD,17,2
ORD-103098,2024-12-28,284,1,Delivered,North,Grocery,FC-7,CUST-10190,App,Card,0,4
ORD-103099,2024-12-28,256,1,Delivered,West,Grocery,FC-5,CUST-10587,Web,Card,0,3
ORD-103100,2024-12-28,1016,4,Delivered,North,Grocery,FC-1,CUST-10501,Marketplace,COD,99,4
ORD-103101,2024-12-28,2216,4,Delivered,South,Apparel,FC-3,CUST-10469,Web,COD,0,3
ORD-103102,2024-12-28,1782,2,Delivered,West,Home,FC-8,CUST-10637,Marketplace,Card,140,4
ORD-103103,2024-12-28,1811,4,Cancelled,West,Beauty,FC-7,CUST-10359,App,COD,0,
ORD-103104,2024-12-28,2923,4,Delivered,West,Apparel,FC-7,CUST-10743,Marketplace,Card,0,3
ORD-103105,2024-12-28,1524,2,Delivered,East,Home,FC-7,CUST-10920,Marketplace,COD,0,4
ORD-103106,2024-12-28,858,1,Delivered,North,Apparel,FC-4,CUST-10921,App,UPI,0,4
ORD-103107,2024-12-28,689,1,Delivered,South,Home,FC-5,CUST-10117,Web,UPI,0,4
ORD-103108,2024-12-28,468,1,Cancelled,South,Beauty,FC-2,CUST-10922,Web,UPI,0,
ORD-103109,2024-12-28,6137,3,Delivered,East,Electronics,FC-2,CUST-10351,App,UPI,676,5
ORD-103110,2024-12-28,295,1,Delivered,West,Beauty,FC-7,CUST-10463,Web,Card,0,3
ORD-103111,2024-12-28,1542,2,Delivered,West,Apparel,FC-1,CUST-10632,App,UPI,86,2
ORD-103112,2024-12-28,2985,1,Delivered,North,Electronics,FC-6,CUST-10287,Web,COD,286,3
ORD-103113,2024-12-28,239,1,Delivered,South,Grocery,FC-8,CUST-10873,Web,UPI,0,4
ORD-103114,2024-12-28,1224,5,Delivered,West,Grocery,FC-6,CUST-10281,Web,Card,0,3
ORD-103115,2024-12-28,1453,4,Delivered,South,Beauty,FC-6,CUST-10923,Web,UPI,0,4
ORD-103116,2024-12-28,1226,1,Delivered,West,Home,FC-3,CUST-10924,Web,UPI,0,4
ORD-103117,2024-12-28,667,3,Delivered,South,Grocery,FC-4,CUST-10925,Web,UPI,0,4
ORD-103118,2024-12-28,2672,3,Delivered,South,Apparel,FC-2,CUST-10621,Web,Card,0,2
ORD-103119,2024-12-28,659,1,Delivered,East,Apparel,FC-1,CUST-10926,Web,UPI,0,4
ORD-103120,2024-12-28,350,2,Delivered,South,Grocery,FC-6,CUST-10927,App,Card,0,3
ORD-103121,2024-12-28,2251,1,Delivered,North,Electronics,FC-1,CUST-10928,App,UPI,0,2
ORD-103122,2024-12-28,527,1,Delivered,North,Apparel,FC-5,CUST-10536,Marketplace,Card,39,3
ORD-103123,2024-12-28,2517,1,Delivered,East,Electronics,FC-7,CUST-10929,Web,UPI,0,3
ORD-103124,2024-12-28,809,1,Delivered,South,Home,FC-2,CUST-10479,App,COD,51,2
ORD-103125,2024-12-28,3965,2,Delivered,East,Electronics,FC-7,CUST-10613,Web,UPI,429,4
ORD-103126,2024-12-28,202,1,Delivered,South,Grocery,FC-3,CUST-10930,App,UPI,0,2
ORD-103127,2024-12-28,330,1,Delivered,South,Beauty,FC-1,CUST-10741,Marketplace,COD,0,2
ORD-103128,2024-12-28,391,2,Shipped,East,Grocery,FC-4,CUST-10931,App,Wallet,0,
ORD-103129,2024-12-28,304,1,Delivered,South,Beauty,FC-3,CUST-10466,Marketplace,Card,0,3
ORD-103130,2024-12-28,485,2,Delivered,East,Grocery,FC-7,CUST-10932,Web,Wallet,0,5
ORD-103131,2024-12-28,1213,2,Delivered,North,Apparel,FC-3,CUST-10906,Web,Card,64,2
ORD-103132,2024-12-28,800,2,Delivered,West,Beauty,FC-3,CUST-10701,App,UPI,0,2
ORD-103133,2024-12-29,3866,4,Delivered,South,Home,FC-3,CUST-10403,Marketplace,UPI,381,3
ORD-103134,2024-12-29,12922,5,Delivered,North,Electronics,FC-5,CUST-10538,App,UPI,0,4
ORD-103135,2024-12-29,1260,2,Delivered,South,Apparel,FC-1,CUST-10933,App,COD,81,3
ORD-103136,2024-12-29,937,1,Cancelled,East,Home,FC-8,CUST-10436,Web,Wallet,0,
ORD-103137,2024-12-29,3053,4,Delivered,West,Apparel,FC-8,CUST-10934,Web,COD,298,4
ORD-103138,2024-12-29,530,1,Delivered,South,Beauty,FC-4,CUST-10637,Web,UPI,0,4
ORD-103139,2024-12-29,645,2,Delivered,West,Beauty,FC-1,CUST-10935,App,Card,36,3
ORD-103140,2024-12-29,3360,3,Delivered,South,Home,FC-3,CUST-10434,Web,Card,0,2
ORD-103141,2024-12-29,2415,3,Returned,North,Home,FC-4,CUST-10936,App,Wallet,0,4
ORD-103142,2024-12-29,677,3,Delivered,South,Grocery,FC-8,CUST-10937,Web,Card,0,3
ORD-103143,2024-12-29,6159,2,Delivered,North,Electronics,FC-8,CUST-10938,Web,Wallet,0,5
ORD-103144,2024-12-29,793,1,Delivered,East,Apparel,FC-4,CUST-10924,Marketplace,UPI,0,4
ORD-103145,2024-12-29,548,1,Pending,South,Apparel,FC-5,CUST-10117,App,Card,44,
ORD-103146,2024-12-29,1192,1,Delivered,East,Home,FC-5,CUST-10890,App,UPI,0,4
ORD-103147,2024-12-29,1929,3,Delivered,North,Apparel,FC-8,CUST-10939,Web,COD,0,5
ORD-103148,2024-12-29,1227,2,Delivered,West,Apparel,FC-5,CUST-10559,App,COD,0,2
ORD-103149,2024-12-29,2087,1,Delivered,South,Electronics,FC-8,CUST-10940,App,COD,129,4
ORD-103150,2024-12-29,3124,1,Cancelled,East,Electronics,FC-6,CUST-10301,Web,UPI,0,
ORD-103151,2024-12-29,2662,5,Delivered,North,Apparel,FC-7,CUST-10330,Web,UPI,0,3
ORD-103152,2024-12-29,6016,2,Delivered,East,Electronics,FC-4,CUST-10613,Marketplace,Card,0,4
ORD-103153,2024-12-29,339,2,Delivered,South,Grocery,FC-2,CUST-10597,Marketplace,Card,0,2
ORD-103154,2024-12-29,213,1,Delivered,South,Grocery,FC-2,CUST-10222,Web,Wallet,22,4
ORD-103155,2024-12-29,1256,2,Delivered,North,Apparel,FC-1,CUST-10198,Web,Card,0,2
ORD-103156,2024-12-29,1605,2,Delivered,South,Home,FC-7,CUST-10913,App,COD,0,2
ORD-103157,2024-12-29,462,1,Delivered,South,Beauty,FC-3,CUST-10136,App,Card,0,2
ORD-103158,2024-12-29,3344,4,Delivered,East,Home,FC-6,CUST-10941,App,UPI,0,4
ORD-103159,2024-12-29,1559,3,Delivered,North,Beauty,FC-6,CUST-10505,App,UPI,0,4
ORD-103160,2024-12-29,477,1,Returned,North,Beauty,FC-7,CUST-10123,Marketplace,UPI,0,4
ORD-103161,2024-12-29,1061,2,Cancelled,North,Apparel,FC-3,CUST-10662,App,COD,0,
ORD-103162,2024-12-29,750,1,Delivered,South,Home,FC-6,CUST-10788,App,COD,0,3
ORD-103163,2024-12-29,782,1,Delivered,East,Apparel,FC-5,CUST-10061,App,Wallet,0,4
ORD-103164,2024-12-29,1457,2,Delivered,South,Home,FC-1,CUST-10844,Web,UPI,0,1
ORD-103165,2024-12-29,1302,2,Delivered,South,Apparel,FC-8,CUST-10600,Marketplace,UPI,0,2
ORD-103166,2024-12-29,337,1,Delivered,East,Beauty,FC-5,CUST-10942,App,Wallet,0,3
ORD-103167,2024-12-29,827,4,Delivered,North,Grocery,FC-6,CUST-10796,Marketplace,Card,0,4
ORD-103168,2024-12-29,1487,4,Delivered,West,Beauty,FC-8,CUST-10359,App,COD,0,4
ORD-103169,2024-12-29,3300,1,Delivered,East,Electronics,FC-8,CUST-10024,Web,Card,0,4
ORD-103170,2024-12-29,2519,1,Delivered,North,Electronics,FC-2,CUST-10943,Web,UPI,0,3
ORD-103171,2024-12-29,2129,3,Delivered,South,Apparel,FC-8,CUST-10769,Web,COD,141,3
ORD-103172,2024-12-29,1773,2,Delivered,East,Apparel,FC-2,CUST-10327,Web,COD,0,3
ORD-103173,2024-12-29,1663,3,Returned,South,Apparel,FC-5,CUST-10282,App,Wallet,0,2
ORD-103174,2024-12-29,1051,2,Delivered,West,Apparel,FC-5,CUST-10127,Web,UPI,99,2
ORD-103175,2024-12-29,3558,4,Delivered,West,Apparel,FC-7,CUST-10944,App,Card,0,4
ORD-103176,2024-12-29,419,1,Delivered,West,Beauty,FC-1,CUST-10095,Web,UPI,37,2
ORD-103177,2024-12-29,1509,5,Returned,West,Beauty,FC-3,CUST-10089,Web,COD,0,4
ORD-103178,2024-12-29,2324,2,Delivered,South,Home,FC-4,CUST-10945,Web,Wallet,0,3
ORD-103179,2024-12-29,7998,3,Delivered,South,Electronics,FC-8,CUST-10946,Marketplace,UPI,0,3
ORD-103180,2024-12-29,4483,2,Delivered,East,Electronics,FC-4,CUST-10687,Marketplace,Wallet,274,5
ORD-103181,2024-12-29,1193,1,Delivered,South,Home,FC-7,CUST-10879,Web,COD,0,2
ORD-103182,2024-12-29,4586,5,Delivered,East,Home,FC-4,CUST-10812,App,COD,0,4
ORD-103183,2024-12-29,1652,2,Delivered,North,Apparel,FC-8,CUST-10947,App,Card,0,3
ORD-103184,2024-12-29,1566,3,Delivered,East,Apparel,FC-1,CUST-10415,Marketplace,Wallet,0,5
ORD-103185,2024-12-29,9024,3,Delivered,West,Electronics,FC-8,CUST-10809,Marketplace,UPI,916,3
ORD-103186,2024-12-29,2742,3,Delivered,East,Home,FC-1,CUST-10932,Web,UPI,0,3
ORD-103187,2024-12-29,229,1,Delivered,South,Grocery,FC-3,CUST-10948,App,UPI,20,3
ORD-103188,2024-12-29,3362,4,Cancelled,North,Apparel,FC-8,CUST-10717,App,Card,0,
ORD-103189,2024-12-29,1488,3,Delivered,West,Apparel,FC-1,CUST-10066,App,COD,133,2
ORD-103190,2024-12-29,9877,3,Delivered,South,Electronics,FC-8,CUST-10166,App,Card,0,3
ORD-103191,2024-12-29,12800,4,Cancelled,East,Electronics,FC-2,CUST-10754,Web,UPI,0,
ORD-103192,2024-12-29,9836,5,Delivered,South,Electronics,FC-1,CUST-10701,Web,UPI,0,2
ORD-103193,2024-12-29,726,1,Delivered,East,Apparel,FC-4,CUST-10949,App,UPI,0,5
ORD-103194,2024-12-29,410,2,Pending,North,Grocery,FC-2,CUST-10679,Marketplace,Card,30,
ORD-103195,2024-12-29,357,2,Delivered,South,Grocery,FC-4,CUST-10950,Web,UPI,0,4
ORD-103196,2024-12-29,2646,1,Delivered,North,Electronics,FC-7,CUST-10086,App,UPI,0,3
ORD-103197,2024-12-29,1097,1,Delivered,North,Home,FC-7,CUST-10951,Web,COD,0,4
ORD-103198,2024-12-29,3377,5,Delivered,South,Apparel,FC-5,CUST-10683,Marketplace,UPI,269,4
ORD-103199,2024-12-29,2626,4,Delivered,North,Home,FC-3,CUST-10916,App,Card,212,4
ORD-103200,2024-12-29,4283,4,Delivered,North,Home,FC-3,CUST-10251,Web,COD,0,4
ORD-103201,2024-12-29,2690,3,Delivered,West,Home,FC-4,CUST-10163,Marketplace,Wallet,0,5
ORD-103202,2024-12-29,946,2,Delivered,South,Beauty,FC-4,CUST-10952,App,COD,52,3
ORD-103203,2024-12-29,1170,2,Delivered,North,Apparel,FC-7,CUST-10219,App,UPI,0,4
ORD-103204,2024-12-29,291,1,Delivered,West,Grocery,FC-5,CUST-10953,Web,Card,0,2
ORD-103205,2024-12-29,9480,3,Delivered,South,Electronics,FC-5,CUST-10954,Web,UPI,0,3
ORD-103206,2024-12-29,9357,3,Delivered,North,Electronics,FC-5,CUST-10756,Web,COD,0,3
ORD-103207,2024-12-29,1063,3,Delivered,East,Beauty,FC-6,CUST-10774,Marketplace,UPI,0,4
ORD-103208,2024-12-29,2276,2,Delivered,South,Home,FC-1,CUST-10564,App,Card,0,2
ORD-103209,2024-12-29,1578,2,Cancelled,South,Home,FC-6,CUST-10955,Web,Card,0,
ORD-103210,2024-12-29,1408,2,Delivered,North,Home,FC-6,CUST-10937,App,UPI,117,3
ORD-103211,2024-12-29,524,1,Delivered,North,Beauty,FC-8,CUST-10440,Web,UPI,0,4
ORD-103212,2024-12-29,11582,5,Delivered,East,Electronics,FC-3,CUST-10172,Web,Card,0,3
ORD-103213,2024-12-29,294,1,Delivered,West,Beauty,FC-8,CUST-10526,App,UPI,21,4
ORD-103214,2024-12-29,709,1,Delivered,East,Apparel,FC-7,CUST-10956,App,COD,0,4
ORD-103215,2024-12-29,869,1,Shipped,North,Apparel,FC-7,CUST-10923,Web,UPI,0,
ORD-103216,2024-12-29,1492,2,Cancelled,East,Apparel,FC-4,CUST-10608,Web,UPI,156,
ORD-103217,2024-12-29,699,1,Delivered,West,Home,FC-8,CUST-10957,Web,UPI,41,3
ORD-103218,2024-12-29,910,1,Delivered,West,Home,FC-5,CUST-10155,Web,COD,92,3
ORD-103219,2024-12-29,575,1,Shipped,East,Apparel,FC-7,CUST-10958,App,COD,0,
ORD-103220,2024-12-29,687,1,Delivered,South,Apparel,FC-3,CUST-10534,Web,Card,0,3
ORD-103221,2024-12-29,5786,2,Delivered,South,Electronics,FC-7,CUST-10141,Web,Card,321,3
ORD-103222,2024-12-29,184,1,Delivered,East,Grocery,FC-7,CUST-10804,Web,COD,0,5
ORD-103223,2024-12-29,4791,4,Delivered,East,Home,FC-5,CUST-10131,Marketplace,Wallet,0,3
ORD-103224,2024-12-29,206,1,Cancelled,West,Grocery,FC-7,CUST-10959,App,Card,0,
ORD-103225,2024-12-29,327,2,Delivered,West,Grocery,FC-4,CUST-10960,Marketplace,Card,21,3
ORD-103226,2024-12-29,5545,3,Delivered,East,Electronics,FC-5,CUST-10929,Marketplace,Wallet,352,5
ORD-103227,2024-12-29,3829,4,Delivered,North,Home,FC-3,CUST-10448,Web,UPI,309,3
ORD-103228,2024-12-29,1777,2,Delivered,West,Apparel,FC-7,CUST-10039,App,UPI,0,3
ORD-103229,2024-12-29,197,1,Delivered,South,Grocery,FC-6,CUST-10420,App,UPI,0,2
ORD-103230,2024-12-29,3013,3,Delivered,South,Home,FC-8,CUST-10008,Marketplace,Card,0,4
ORD-103231,2024-12-29,7706,3,Returned,East,Electronics,FC-8,CUST-10270,Marketplace,COD,0,4
ORD-103232,2024-12-29,16318,5,Delivered,East,Electronics,FC-4,CUST-10172,App,COD,0,5
ORD-103233,2024-12-29,2522,3,Delivered,West,Home,FC-1,CUST-10564,Web,UPI,0,4
ORD-103234,2024-12-29,1101,1,Returned,North,Home,FC-4,CUST-10318,Marketplace,COD,0,4
ORD-103235,2024-12-29,1747,4,Cancelled,South,Beauty,FC-6,CUST-10961,App,UPI,0,
ORD-103236,2024-12-29,987,1,Delivered,West,Home,FC-5,CUST-10003,App,Wallet,59,3
ORD-103237,2024-12-29,1432,2,Shipped,East,Apparel,FC-8,CUST-10962,App,Card,109,
ORD-103238,2024-12-29,866,1,Returned,North,Home,FC-3,CUST-10963,App,COD,0,4
ORD-103239,2024-12-29,1643,2,Delivered,West,Home,FC-4,CUST-10827,Web,Card,0,5
ORD-103240,2024-12-29,3305,5,Delivered,North,Apparel,FC-3,CUST-10964,Marketplace,Card,212,3
ORD-103241,2024-12-29,231,1,Cancelled,North,Grocery,FC-4,CUST-10965,Web,COD,0,
ORD-103242,2024-12-29,308,1,Delivered,North,Beauty,FC-7,CUST-10582,Marketplace,COD,0,3
ORD-103243,2024-12-29,1353,2,Delivered,East,Home,FC-7,CUST-10643,App,Card,142,4
ORD-103244,2024-12-29,450,2,Delivered,East,Grocery,FC-2,CUST-10816,App,Wallet,0,3
ORD-103245,2024-12-29,3143,1,Delivered,East,Electronics,FC-6,CUST-10966,Web,Card,0,3
ORD-103246,2024-12-29,201,1,Delivered,East,Grocery,FC-8,CUST-10123,App,COD,21,4
ORD-103247,2024-12-29,2929,1,Cancelled,East,Electronics,FC-5,CUST-10139,Marketplace,UPI,251,
ORD-103248,2024-12-29,12626,5,Cancelled,South,Electronics,FC-1,CUST-10732,Web,COD,0,
ORD-103249,2024-12-29,2956,4,Delivered,North,Home,FC-8,CUST-10442,Marketplace,UPI,0,4
ORD-103250,2024-12-29,352,1,Delivered,North,Beauty,FC-4,CUST-10064,Web,COD,24,4
ORD-103251,2024-12-29,3290,4,Delivered,West,Apparel,FC-6,CUST-10957,App,Card,0,4
ORD-103252,2024-12-29,448,1,Delivered,North,Beauty,FC-3,CUST-10725,App,COD,0,4
ORD-103253,2024-12-29,3520,3,Cancelled,South,Home,FC-3,CUST-10131,Web,Wallet,0,
ORD-103254,2024-12-30,2400,4,Delivered,South,Apparel,FC-4,CUST-10097,App,COD,0,5
ORD-103255,2024-12-30,8591,3,Delivered,South,Electronics,FC-5,CUST-10967,Web,COD,0,3
ORD-103256,2024-12-30,3553,5,Delivered,East,Apparel,FC-8,CUST-10539,Web,Card,0,4
ORD-103257,2024-12-30,1828,3,Delivered,East,Apparel,FC-5,CUST-10968,Web,Wallet,152,3
ORD-103258,2024-12-30,203,1,Delivered,North,Grocery,FC-2,CUST-10630,Marketplace,Card,0,4
ORD-103259,2024-12-30,180,1,Delivered,North,Grocery,FC-1,CUST-10969,App,UPI,17,4
ORD-103260,2024-12-30,1300,2,Delivered,West,Apparel,FC-7,CUST-10720,App,UPI,0,4
ORD-103261,2024-12-30,986,1,Returned,North,Home,FC-4,CUST-10970,App,Wallet,0,4
ORD-103262,2024-12-30,814,1,Delivered,North,Home,FC-1,CUST-10580,Web,Card,0,3
ORD-103263,2024-12-30,795,2,Shipped,West,Beauty,FC-3,CUST-10905,Web,COD,69,
ORD-103264,2024-12-30,5315,5,Delivered,West,Home,FC-4,CUST-10971,Marketplace,Wallet,0,3
ORD-103265,2024-12-30,4849,4,Delivered,North,Home,FC-5,CUST-10972,App,COD,0,4
ORD-103266,2024-12-30,2676,1,Delivered,East,Electronics,FC-5,CUST-10226,Web,COD,0,5
ORD-103267,2024-12-30,2458,1,Delivered,North,Electronics,FC-1,CUST-10014,App,Wallet,0,2
ORD-103268,2024-12-30,614,3,Delivered,North,Grocery,FC-6,CUST-10270,App,UPI,0,4
ORD-103269,2024-12-30,434,2,Delivered,West,Grocery,FC-5,CUST-10714,Marketplace,Wallet,35,2
ORD-103270,2024-12-30,2266,2,Delivered,North,Home,FC-4,CUST-10440,App,COD,195,3
ORD-103271,2024-12-30,1734,2,Delivered,West,Home,FC-4,CUST-10062,Web,UPI,177,5
ORD-103272,2024-12-30,1475,5,Delivered,East,Grocery,FC-2,CUST-10495,App,UPI,0,3
ORD-103273,2024-12-30,1559,2,Delivered,North,Home,FC-7,CUST-10885,App,UPI,0,4
ORD-103274,2024-12-30,775,2,Cancelled,North,Beauty,FC-2,CUST-10317,Web,UPI,46,
ORD-103275,2024-12-30,211,1,Delivered,West,Grocery,FC-3,CUST-10313,App,UPI,0,4
ORD-103276,2024-12-30,605,1,Delivered,East,Apparel,FC-4,CUST-10587,App,UPI,0,5
ORD-103277,2024-12-30,4525,2,Delivered,North,Electronics,FC-6,CUST-10973,Web,UPI,406,4
ORD-103278,2024-12-30,863,2,Delivered,East,Beauty,FC-8,CUST-10420,Marketplace,COD,0,4
ORD-103279,2024-12-30,1560,2,Delivered,East,Home,FC-5,CUST-10722,App,Card,0,3
ORD-103280,2024-12-30,1358,4,Delivered,West,Beauty,FC-3,CUST-10292,App,Card,0,4
ORD-103281,2024-12-30,2176,5,Delivered,West,Beauty,FC-4,CUST-10854,Marketplace,Card,0,4
ORD-103282,2024-12-30,369,1,Delivered,North,Beauty,FC-1,CUST-10974,Web,Wallet,0,3
ORD-103283,2024-12-30,5692,2,Delivered,North,Electronics,FC-8,CUST-10580,App,Card,0,4
ORD-103284,2024-12-30,2965,1,Delivered,North,Electronics,FC-7,CUST-10222,App,UPI,0,3
ORD-103285,2024-12-30,452,1,Delivered,West,Beauty,FC-6,CUST-10346,Marketplace,Card,47,2
ORD-103286,2024-12-30,459,1,Delivered,South,Beauty,FC-7,CUST-10646,Web,COD,34,2
ORD-103287,2024-12-30,779,1,Delivered,East,Apparel,FC-1,CUST-10975,App,Card,73,4
ORD-103288,2024-12-30,537,1,Delivered,South,Beauty,FC-4,CUST-10276,App,COD,0,4
ORD-103289,2024-12-30,3352,1,Delivered,South,Electronics,FC-2,CUST-10186,App,COD,0,2
ORD-103290,2024-12-30,339,1,Delivered,East,Beauty,FC-1,CUST-10681,Web,Wallet,0,5
ORD-103291,2024-12-30,2421,3,Delivered,North,Home,FC-2,CUST-10003,Marketplace,Card,0,4
ORD-103292,2024-12-30,356,2,Delivered,East,Grocery,FC-2,CUST-10384,Marketplace,Card,0,4
ORD-103293,2024-12-30,1422,2,Returned,East,Apparel,FC-8,CUST-10976,Marketplace,Card,0,4
ORD-103294,2024-12-30,6294,2,Delivered,North,Electronics,FC-6,CUST-10869,Web,UPI,378,4
ORD-103295,2024-12-30,263,1,Delivered,West,Grocery,FC-6,CUST-10865,Marketplace,UPI,26,4
ORD-103296,2024-12-30,3210,1,Delivered,North,Electronics,FC-1,CUST-10977,App,Card,0,3
ORD-103297,2024-12-30,3446,3,Delivered,North,Home,FC-3,CUST-10111,App,UPI,0,2
ORD-103298,2024-12-30,3211,3,Delivered,South,Home,FC-5,CUST-10978,Marketplace,COD,0,4
ORD-103299,2024-12-30,1487,2,Delivered,East,Apparel,FC-2,CUST-10451,App,UPI,0,4
ORD-103300,2024-12-30,3109,1,Delivered,South,Electronics,FC-2,CUST-10979,Web,UPI,0,2
ORD-103301,2024-12-30,780,1,Cancelled,North,Apparel,FC-7,CUST-10980,Web,COD,53,
ORD-103302,2024-12-30,799,1,Cancelled,West,Apparel,FC-8,CUST-10217,Marketplace,UPI,64,
ORD-103303,2024-12-30,1616,3,Delivered,North,Apparel,FC-4,CUST-10732,Marketplace,UPI,0,4
ORD-103304,2024-12-30,955,2,Delivered,South,Beauty,FC-3,CUST-10009,Marketplace,COD,95,3
ORD-103305,2024-12-30,2632,1,Delivered,East,Electronics,FC-2,CUST-10291,Marketplace,COD,0,3
ORD-103306,2024-12-30,4192,5,Delivered,North,Apparel,FC-2,CUST-10927,App,UPI,0,4
ORD-103307,2024-12-30,534,3,Cancelled,South,Grocery,FC-5,CUST-10774,App,COD,0,
ORD-103308,2024-12-30,2395,4,Delivered,North,Apparel,FC-5,CUST-10845,App,UPI,0,4
ORD-103309,2024-12-30,753,1,Delivered,West,Home,FC-5,CUST-10514,App,Card,72,4
ORD-103310,2024-12-30,1860,4,Delivered,West,Beauty,FC-7,CUST-10048,Marketplace,UPI,140,3
ORD-103311,2024-12-30,2190,5,Cancelled,East,Beauty,FC-4,CUST-10123,Web,UPI,179,
ORD-103312,2024-12-30,976,2,Cancelled,West,Beauty,FC-5,CUST-10339,Marketplace,UPI,75,
ORD-103313,2024-12-30,8515,3,Delivered,West,Electronics,FC-7,CUST-10790,Web,Wallet,0,4
ORD-103314,2024-12-30,535,1,Delivered,North,Apparel,FC-6,CUST-10981,Web,UPI,48,4
ORD-103315,2024-12-30,353,2,Returned,West,Grocery,FC-2,CUST-10932,Marketplace,COD,27,2
ORD-103316,2024-12-30,834,1,Cancelled,West,Home,FC-2,CUST-10036,Web,COD,0,
ORD-103317,2024-12-30,9148,3,Delivered,East,Electronics,FC-4,CUST-10982,App,Card,0,5
ORD-103318,2024-12-30,1102,1,Delivered,North,Home,FC-5,CUST-10288,Web,UPI,65,4
ORD-103319,2024-12-30,1026,2,Delivered,East,Beauty,FC-6,CUST-10377,Marketplace,UPI,69,4
ORD-103320,2024-12-30,623,2,Delivered,East,Beauty,FC-2,CUST-10288,Web,UPI,0,5
ORD-103321,2024-12-30,2417,3,Delivered,East,Home,FC-4,CUST-10930,Marketplace,Wallet,0,6
ORD-103322,2024-12-30,2248,1,Cancelled,South,Electronics,FC-2,CUST-10453,Web,Card,239,
ORD-103323,2024-12-30,2427,4,Delivered,West,Apparel,FC-4,CUST-10983,App,COD,0,4
ORD-103324,2024-12-30,1248,2,Delivered,South,Apparel,FC-4,CUST-10984,App,Wallet,111,4
ORD-103325,2024-12-30,4500,4,Delivered,East,Home,FC-3,CUST-10985,App,UPI,0,5
ORD-103326,2024-12-30,5819,3,Cancelled,North,Electronics,FC-2,CUST-10962,Web,UPI,428,
ORD-103327,2024-12-30,3281,1,Delivered,North,Electronics,FC-4,CUST-10986,Marketplace,UPI,0,4
ORD-103328,2024-12-30,1392,2,Returned,North,Apparel,FC-6,CUST-10232,Web,COD,0,4
ORD-103329,2024-12-30,2931,4,Delivered,West,Home,FC-8,CUST-10987,Marketplace,UPI,298,4
ORD-103330,2024-12-30,3277,1,Delivered,West,Electronics,FC-4,CUST-10988,App,Wallet,0,4
ORD-103331,2024-12-30,7450,4,Delivered,East,Electronics,FC-6,CUST-10238,Marketplace,UPI,0,3
ORD-103332,2024-12-31,2101,4,Delivered,West,Beauty,FC-1,CUST-10989,Web,Card,0,2
ORD-103333,2024-12-31,1267,2,Delivered,West,Apparel,FC-2,CUST-10990,App,Card,0,3
ORD-103334,2024-12-31,11056,5,Cancelled,West,Electronics,FC-2,CUST-10213,App,COD,803,
ORD-103335,2024-12-31,1084,1,Delivered,South,Home,FC-2,CUST-10402,App,Card,114,3
ORD-103336,2024-12-31,2401,1,Delivered,South,Electronics,FC-4,CUST-10482,Marketplace,UPI,263,3
ORD-103337,2024-12-31,4375,5,Delivered,East,Home,FC-7,CUST-10088,Web,Card,0,4
ORD-103338,2024-12-31,458,2,Delivered,West,Grocery,FC-1,CUST-10035,Web,Card,36,2
ORD-103339,2024-12-31,1549,4,Delivered,North,Beauty,FC-8,CUST-10264,Marketplace,Wallet,0,4
ORD-103340,2024-12-31,10372,4,Delivered,West,Electronics,FC-1,CUST-10572,Web,Card,791,3
ORD-103341,2024-12-31,2065,3,Returned,West,Apparel,FC-8,CUST-10991,Marketplace,Wallet,181,4
ORD-103342,2024-12-31,1585,2,Delivered,North,Home,FC-6,CUST-10992,Web,Wallet,0,3
ORD-103343,2024-12-31,5185,5,Shipped,East,Home,FC-1,CUST-10016,Marketplace,UPI,359,
ORD-103344,2024-12-31,3671,2,Cancelled,East,Electronics,FC-4,CUST-10055,App,COD,214,
ORD-103345,2024-12-31,730,2,Delivered,West,Beauty,FC-5,CUST-10222,Web,UPI,0,3
ORD-103346,2024-12-31,1507,2,Delivered,North,Apparel,FC-6,CUST-10198,Web,COD,0,2
ORD-103347,2024-12-31,618,3,Delivered,West,Grocery,FC-6,CUST-10993,Marketplace,Wallet,0,2
ORD-103348,2024-12-31,5964,2,Delivered,North,Electronics,FC-3,CUST-10994,Web,Card,0,3
ORD-103349,2024-12-31,840,1,Delivered,East,Apparel,FC-6,CUST-10995,Web,Card,0,5
ORD-103350,2024-12-31,619,2,Cancelled,West,Beauty,FC-8,CUST-10996,App,COD,0,
ORD-103351,2024-12-31,535,1,Returned,West,Apparel,FC-6,CUST-10753,Marketplace,UPI,0,4
ORD-103352,2024-12-31,273,1,Delivered,North,Beauty,FC-3,CUST-10662,Web,UPI,23,4
ORD-103353,2024-12-31,1080,1,Returned,East,Home,FC-2,CUST-10997,Web,COD,0,5
ORD-103354,2024-12-31,872,4,Delivered,West,Grocery,FC-5,CUST-10435,Web,COD,0,3
ORD-103355,2024-12-31,2029,3,Delivered,East,Apparel,FC-3,CUST-10951,App,UPI,0,4
ORD-103356,2024-12-31,1098,1,Delivered,West,Home,FC-8,CUST-10655,App,Card,88,4
ORD-103357,2024-12-31,1721,2,Delivered,East,Apparel,FC-8,CUST-10863,App,Card,0,5
ORD-103358,2024-12-31,765,1,Delivered,North,Home,FC-4,CUST-10998,App,Card,82,4
ORD-103359,2024-12-31,4950,2,Cancelled,East,Electronics,FC-7,CUST-10900,Marketplace,Wallet,0,
ORD-103360,2024-12-31,1153,2,Cancelled,East,Apparel,FC-1,CUST-10786,App,Wallet,0,
ORD-103361,2024-12-31,3211,4,Delivered,West,Home,FC-1,CUST-10403,App,UPI,346,4
ORD-103362,2024-12-31,1419,2,Delivered,South,Apparel,FC-1,CUST-10351,App,Card,83,3
ORD-103363,2024-12-31,649,1,Delivered,East,Apparel,FC-8,CUST-10954,Web,Card,39,4
ORD-103364,2024-12-31,503,2,Returned,West,Grocery,FC-7,CUST-10847,Marketplace,UPI,0,4
ORD-103365,2024-12-31,1076,2,Delivered,South,Apparel,FC-8,CUST-10327,Web,Wallet,0,3
ORD-103366,2024-12-31,969,5,Delivered,East,Grocery,FC-8,CUST-10999,Marketplace,Wallet,63,5
ORD-103367,2024-12-31,7512,3,Delivered,East,Electronics,FC-2,CUST-10854,Marketplace,Wallet,690,3
ORD-103368,2024-12-31,3164,1,Returned,North,Electronics,FC-5,CUST-11000,Web,COD,0,4
ORD-103369,2024-12-31,515,2,Delivered,East,Grocery,FC-4,CUST-10410,App,UPI,0,5
ORD-103370,2024-12-31,5103,2,Delivered,East,Electronics,FC-6,CUST-10066,App,UPI,0,3
ORD-103371,2024-12-31,243,1,Delivered,North,Grocery,FC-7,CUST-10054,App,Card,24,3
ORD-103372,2024-12-31,833,1,Delivered,East,Home,FC-1,CUST-10293,App,COD,0,4
ORD-103373,2024-12-31,541,1,Delivered,West,Apparel,FC-1,CUST-10442,Web,Card,0,3
ORD-103374,2024-12-31,1098,1,Delivered,North,Home,FC-1,CUST-11001,Marketplace,Card,0,4
ORD-103375,2024-12-31,183,1,Delivered,East,Grocery,FC-7,CUST-10034,Web,UPI,0,5
ORD-103376,2024-12-31,2197,1,Returned,South,Electronics,FC-1,CUST-10672,App,Card,0,3
ORD-103377,2024-12-31,2215,3,Delivered,West,Home,FC-8,CUST-10223,Marketplace,Card,0,4
ORD-103378,2024-12-31,958,1,Delivered,East,Home,FC-3,CUST-11002,App,UPI,0,4
ORD-103379,2024-12-31,214,1,Delivered,West,Grocery,FC-1,CUST-11003,Marketplace,Card,16,3
ORD-103380,2024-12-31,682,1,Pending,South,Apparel,FC-7,CUST-11004,Web,Card,0,
ORD-103381,2024-12-31,3978,4,Delivered,North,Home,FC-8,CUST-10123,Marketplace,UPI,423,5
ORD-103382,2024-12-31,1030,2,Delivered,South,Beauty,FC-1,CUST-10337,Web,COD,0,2
ORD-103383,2024-12-31,460,1,Delivered,South,Beauty,FC-5,CUST-10989,Web,UPI,0,2
ORD-103384,2024-12-31,558,2,Delivered,East,Grocery,FC-2,CUST-11005,App,Card,0,4
ORD-103385,2024-12-31,1174,1,Delivered,West,Home,FC-3,CUST-10816,App,COD,0,3
ORD-103386,2024-12-31,1047,1,Delivered,South,Home,FC-2,CUST-10857,Web,UPI,72,2
ORD-103387,2024-12-31,934,2,Cancelled,West,Beauty,FC-5,CUST-11006,App,Wallet,0,
ORD-103388,2024-12-31,463,1,Delivered,West,Beauty,FC-8,CUST-11007,Marketplace,UPI,50,3
ORD-103389,2024-12-31,10670,4,Delivered,South,Electronics,FC-2,CUST-10508,Web,UPI,0,4
ORD-103390,2024-12-31,353,1,Delivered,North,Beauty,FC-7,CUST-10875,Marketplace,Wallet,38,3
ORD-103391,2024-12-31,1640,2,Delivered,East,Home,FC-7,CUST-10580,Web,UPI,0,5
ORD-103392,2024-12-31,749,2,Delivered,West,Beauty,FC-2,CUST-10249,Web,UPI,78,3
ORD-103393,2024-12-31,979,2,Delivered,North,Beauty,FC-1,CUST-11008,App,Card,80,3
ORD-103394,2024-12-31,891,2,Delivered,South,Beauty,FC-5,CUST-10238,Web,UPI,0,3
ORD-103395,2024-12-31,1365,2,Delivered,West,Home,FC-4,CUST-11009,Marketplace,UPI,0,5
ORD-103396,2024-12-31,261,1,Delivered,North,Grocery,FC-4,CUST-11010,App,Card,0,4
ORD-103397,2024-12-31,264,1,Delivered,North,Grocery,FC-1,CUST-10950,App,UPI,0,4
ORD-103398,2024-12-31,5154,2,Delivered,North,Electronics,FC-7,CUST-10136,Web,Card,0,4
ORD-103399,2024-12-31,1229,2,Delivered,East,Apparel,FC-2,CUST-11011,App,Card,0,5
ORD-103400,2024-12-31,1191,3,Delivered,North,Beauty,FC-7,CUST-11012,Web,Card,0,4
ORD-103401,2024-12-31,644,2,Delivered,North,Beauty,FC-6,CUST-10743,App,Card,36,3
ORD-103402,2024-12-31,872,2,Cancelled,North,Beauty,FC-6,CUST-10054,Web,Wallet,0,
ORD-103403,2024-12-31,3006,1,Cancelled,East,Electronics,FC-4,CUST-10890,App,COD,0,
ORD-103404,2024-12-31,5755,2,Delivered,South,Electronics,FC-7,CUST-11013,App,COD,0,3
ORD-103405,2024-12-31,1678,3,Delivered,East,Apparel,FC-7,CUST-11014,App,COD,0,5
ORD-103406,2024-12-31,891,2,Delivered,North,Beauty,FC-2,CUST-10887,Marketplace,UPI,52,2
ORD-103407,2024-12-31,389,2,Delivered,West,Grocery,FC-1,CUST-11012,Web,UPI,0,2
ORD-103408,2024-12-31,2197,1,Delivered,West,Electronics,FC-4,CUST-10969,Marketplace,Wallet,0,4
ORD-103409,2024-12-31,307,1,Delivered,North,Grocery,FC-5,CUST-10632,App,COD,0,3
ORD-103410,2024-12-31,8303,3,Delivered,East,Electronics,FC-4,CUST-10330,Web,Card,0,4
ORD-103411,2024-12-31,3407,4,Delivered,East,Home,FC-1,CUST-10643,Marketplace,COD,0,4
ORD-103412,2024-12-31,5726,2,Delivered,North,Electronics,FC-1,CUST-11015,Web,COD,338,2
ORD-103413,2024-12-31,2645,5,Delivered,North,Beauty,FC-2,CUST-10785,App,COD,0,4
ORD-103414,2024-12-31,2579,1,Returned,West,Electronics,FC-4,CUST-10236,Web,COD,180,3
ORD-103415,2024-12-31,801,1,Cancelled,North,Home,FC-1,CUST-10311,App,COD,66,
ORD-103416,2024-12-31,1550,2,Returned,South,Apparel,FC-5,CUST-10075,Web,Card,0,2
ORD-103417,2024-12-31,484,2,Delivered,North,Grocery,FC-1,CUST-10210,Marketplace,COD,35,3
ORD-103418,2024-12-31,6801,3,Delivered,South,Electronics,FC-1,CUST-10170,Marketplace,UPI,0,2
ORD-103419,2025-01-01,974,3,Delivered,West,Beauty,FC-1,CUST-10736,Web,COD,95,3
ORD-103420,2025-01-01,195,1,Delivered,South,Grocery,FC-8,CUST-10260,App,Wallet,0,3
ORD-103421,2025-01-01,1549,4,Delivered,North,Beauty,FC-4,CUST-11016,Web,COD,162,5
ORD-103422,2025-01-01,1025,2,Delivered,West,Apparel,FC-4,CUST-10895,App,Wallet,76,3
ORD-103423,2025-01-01,3117,1,Delivered,West,Electronics,FC-7,CUST-11003,Marketplace,UPI,0,3
ORD-103424,2025-01-01,9993,3,Delivered,North,Electronics,FC-5,CUST-10851,App,Card,0,4
ORD-103425,2025-01-01,2906,1,Cancelled,East,Electronics,FC-4,CUST-10086,App,COD,0,
ORD-103426,2025-01-01,1169,3,Delivered,North,Beauty,FC-6,CUST-10845,Marketplace,UPI,0,3
ORD-103427,2025-01-01,235,1,Delivered,East,Grocery,FC-5,CUST-10880,Web,Wallet,0,4
ORD-103428,2025-01-01,4312,2,Delivered,North,Electronics,FC-1,CUST-11017,App,COD,0,3
ORD-103429,2025-01-01,617,2,Delivered,West,Beauty,FC-4,CUST-10133,App,Card,64,4
ORD-103430,2025-01-01,14409,5,Returned,North,Electronics,FC-5,CUST-11018,Web,COD,0,3
ORD-103431,2025-01-01,994,1,Delivered,North,Home,FC-4,CUST-11019,Web,UPI,0,4
ORD-103432,2025-01-01,2349,1,Delivered,North,Electronics,FC-1,CUST-10461,App,Wallet,0,4
ORD-103433,2025-01-01,684,1,Delivered,East,Home,FC-6,CUST-11020,Marketplace,Card,52,4
ORD-103434,2025-01-01,2606,3,Delivered,West,Home,FC-4,CUST-10252,App,UPI,0,5
ORD-103435,2025-01-01,371,1,Delivered,North,Beauty,FC-4,CUST-10940,Marketplace,Card,0,5
ORD-103436,2025-01-01,2090,1,Delivered,East,Electronics,FC-5,CUST-10246,App,Card,0,4
ORD-103437,2025-01-01,176,1,Returned,North,Grocery,FC-8,CUST-10412,Marketplace,Card,0,4
ORD-103438,2025-01-01,1852,2,Delivered,West,Home,FC-3,CUST-10808,Web,UPI,0,4
ORD-103439,2025-01-01,902,2,Delivered,South,Apparel,FC-3,CUST-10757,Web,UPI,93,3
ORD-103440,2025-01-01,1242,4,Delivered,East,Beauty,FC-2,CUST-10948,Web,UPI,73,3
ORD-103441,2025-01-01,191,1,Delivered,North,Grocery,FC-8,CUST-10360,Web,UPI,0,5
ORD-103442,2025-01-01,162,1,Delivered,West,Grocery,FC-4,CUST-11021,Marketplace,COD,13,3
ORD-103443,2025-01-01,1365,4,Delivered,South,Beauty,FC-7,CUST-10118,App,Wallet,0,4
ORD-103444,2025-01-01,694,1,Delivered,West,Home,FC-2,CUST-10289,App,UPI,0,3
ORD-103445,2025-01-01,14996,5,Delivered,North,Electronics,FC-3,CUST-11022,App,Card,0,4
ORD-103446,2025-01-01,2439,1,Delivered,South,Electronics,FC-3,CUST-10868,App,UPI,228,4
ORD-103447,2025-01-01,2418,1,Delivered,North,Electronics,FC-4,CUST-10065,App,UPI,0,5
ORD-103448,2025-01-01,3056,1,Delivered,North,Electronics,FC-2,CUST-10741,App,UPI,284,3
ORD-103449,2025-01-01,1690,4,Delivered,North,Beauty,FC-5,CUST-11023,Marketplace,COD,0,3
ORD-103450,2025-01-01,178,1,Delivered,South,Grocery,FC-4,CUST-11024,Web,Card,0,3
ORD-103451,2025-01-01,2468,4,Delivered,North,Apparel,FC-7,CUST-11025,App,Card,0,3
ORD-103452,2025-01-01,960,1,Delivered,South,Home,FC-7,CUST-10420,Web,UPI,0,3
ORD-103453,2025-01-01,1113,5,Delivered,East,Grocery,FC-6,CUST-10542,Web,Card,0,4
ORD-103454,2025-01-01,1064,4,Delivered,South,Grocery,FC-3,CUST-10881,App,COD,0,2
ORD-103455,2025-01-01,582,3,Delivered,West,Grocery,FC-6,CUST-10993,Marketplace,Wallet,0,2
ORD-103456,2025-01-01,2431,1,Delivered,East,Electronics,FC-4,CUST-11026,Marketplace,COD,170,4
ORD-103457,2025-01-01,1292,2,Cancelled,North,Apparel,FC-6,CUST-11027,App,COD,0,
ORD-103458,2025-01-01,337,1,Delivered,East,Beauty,FC-2,CUST-10635,Web,UPI,21,5
ORD-103459,2025-01-01,903,2,Delivered,West,Beauty,FC-5,CUST-11028,Web,Wallet,0,4
ORD-103460,2025-01-01,2048,2,Cancelled,South,Home,FC-1,CUST-10208,Marketplace,COD,0,
ORD-103461,2025-01-01,5935,2,Cancelled,North,Electronics,FC-1,CUST-11029,App,Wallet,0,
ORD-103462,2025-01-01,426,2,Delivered,North,Grocery,FC-2,CUST-11030,Web,Wallet,38,4
ORD-103463,2025-01-01,303,1,Delivered,North,Grocery,FC-4,CUST-10066,App,UPI,0,5
ORD-103464,2025-01-01,1637,3,Delivered,South,Apparel,FC-5,CUST-10822,Web,COD,0,2
ORD-103465,2025-01-01,642,1,Delivered,South,Home,FC-2,CUST-10776,Marketplace,COD,63,3
ORD-103466,2025-01-01,2060,3,Delivered,West,Home,FC-8,CUST-10024,App,Card,0,4
ORD-103467,2025-01-01,5222,2,Cancelled,West,Electronics,FC-1,CUST-10492,App,Card,417,
ORD-103468,2025-01-01,2030,5,Delivered,West,Beauty,FC-7,CUST-10167,Marketplace,COD,0,3
ORD-103469,2025-01-01,833,3,Cancelled,South,Grocery,FC-6,CUST-10442,App,COD,52,
ORD-103470,2025-01-01,846,1,Delivered,South,Apparel,FC-4,CUST-11031,App,Wallet,0,4
ORD-103471,2025-01-01,11054,4,Delivered,East,Electronics,FC-8,CUST-10987,App,UPI,0,4
ORD-103472,2025-01-01,621,1,Returned,East,Apparel,FC-5,CUST-10356,App,UPI,0,3
ORD-103473,2025-01-01,2156,1,Delivered,South,Electronics,FC-3,CUST-10161,Marketplace,UPI,0,3
ORD-103474,2025-01-01,3944,4,Delivered,East,Home,FC-7,CUST-10903,App,Wallet,0,3
ORD-103475,2025-01-01,537,3,Delivered,East,Grocery,FC-2,CUST-10934,Marketplace,Card,0,3
ORD-103476,2025-01-01,242,1,Delivered,North,Grocery,FC-3,CUST-10579,Web,UPI,0,4
ORD-103477,2025-01-01,1170,1,Delivered,East,Home,FC-6,CUST-11032,Web,UPI,0,5
ORD-103478,2025-01-01,1073,1,Delivered,East,Home,FC-5,CUST-11033,Web,UPI,0,3
ORD-103479,2025-01-01,5736,3,Delivered,West,Electronics,FC-4,CUST-10318,App,UPI,0,4
ORD-103480,2025-01-01,693,1,Returned,East,Home,FC-8,CUST-10178,Marketplace,Card,0,5
ORD-103481,2025-01-01,2571,4,Cancelled,North,Apparel,FC-6,CUST-10784,Web,UPI,167,
ORD-103482,2025-01-01,2424,1,Cancelled,South,Electronics,FC-5,CUST-10019,App,COD,0,
ORD-103483,2025-01-01,3974,2,Delivered,North,Electronics,FC-7,CUST-11034,Web,UPI,0,4
ORD-103484,2025-01-01,5843,3,Delivered,East,Electronics,FC-5,CUST-10958,App,Wallet,0,3
ORD-103485,2025-01-01,874,1,Delivered,East,Apparel,FC-3,CUST-10757,App,Wallet,0,3
ORD-103486,2025-01-01,4368,5,Shipped,West,Apparel,FC-7,CUST-10120,App,Card,0,
ORD-103487,2025-01-01,5660,2,Cancelled,North,Electronics,FC-5,CUST-10330,App,COD,0,
ORD-103488,2025-01-01,1098,4,Cancelled,South,Grocery,FC-2,CUST-10500,App,UPI,89,
ORD-103489,2025-01-01,638,1,Delivered,North,Apparel,FC-4,CUST-10613,App,Wallet,0,5
ORD-103490,2025-01-01,660,1,Delivered,North,Home,FC-2,CUST-10804,Web,UPI,51,3
ORD-103491,2025-01-01,2306,1,Delivered,North,Electronics,FC-6,CUST-10851,App,Card,0,2
ORD-103492,2025-01-01,2625,4,Delivered,North,Home,FC-3,CUST-10173,Web,Card,152,4
ORD-103493,2025-01-01,6340,3,Delivered,North,Electronics,FC-2,CUST-10448,Marketplace,UPI,0,4
ORD-103494,2025-01-01,1220,1,Delivered,West,Home,FC-2,CUST-10536,Web,UPI,0,4
ORD-103495,2025-01-01,10721,4,Delivered,South,Electronics,FC-1,CUST-11035,Web,Card,0,2
ORD-103496,2025-01-01,552,1,Delivered,South,Apparel,FC-2,CUST-11036,App,UPI,30,2
ORD-103497,2025-01-01,632,1,Delivered,West,Apparel,FC-7,CUST-10681,Web,Card,0,3
ORD-103498,2025-01-01,1062,2,Delivered,North,Apparel,FC-8,CUST-10104,Web,UPI,71,4
ORD-103499,2025-01-01,4203,2,Delivered,East,Electronics,FC-8,CUST-10918,Web,COD,0,4
ORD-103500,2025-01-01,264,1,Delivered,West,Grocery,FC-6,CUST-10183,Web,Card,20,3
ORD-103501,2025-01-01,931,3,Delivered,North,Beauty,FC-5,CUST-10951,Marketplace,COD,0,4
ORD-103502,2025-01-01,211,1,Delivered,South,Grocery,FC-1,CUST-11037,App,UPI,0,3
ORD-103503,2025-01-02,703,1,Returned,South,Apparel,FC-4,CUST-10514,Web,UPI,0,4
ORD-103504,2025-01-02,502,1,Delivered,North,Beauty,FC-2,CUST-10694,App,Card,0,3
ORD-103505,2025-01-02,5409,2,Delivered,East,Electronics,FC-1,CUST-11038,Marketplace,Card,403,3
ORD-103506,2025-01-02,3811,2,Delivered,East,Electronics,FC-6,CUST-11039,Web,UPI,319,4
ORD-103507,2025-01-02,4657,2,Delivered,North,Electronics,FC-7,CUST-10408,Web,Card,0,3
ORD-103508,2025-01-02,1561,2,Delivered,North,Apparel,FC-1,CUST-10311,App,COD,145,4
ORD-103509,2025-01-02,196,1,Delivered,North,Grocery,FC-5,CUST-11040,Marketplace,Card,13,2
ORD-103510,2025-01-02,902,3,Delivered,North,Grocery,FC-8,CUST-10037,Marketplace,COD,0,4
ORD-103511,2025-01-02,964,2,Delivered,East,Beauty,FC-3,CUST-10084,Web,Card,0,4
ORD-103512,2025-01-02,2425,2,Delivered,East,Home,FC-4,CUST-10655,App,UPI,0,4
ORD-103513,2025-01-02,269,1,Delivered,North,Grocery,FC-2,CUST-10086,App,Card,29,4
ORD-103514,2025-01-02,6088,3,Delivered,West,Electronics,FC-4,CUST-11041,App,UPI,0,4
ORD-103515,2025-01-02,180,1,Delivered,West,Grocery,FC-4,CUST-11042,Web,Wallet,0,4
ORD-103516,2025-01-02,322,1,Cancelled,West,Beauty,FC-2,CUST-10098,Web,COD,30,
ORD-103517,2025-01-02,3551,5,Delivered,North,Home,FC-5,CUST-10161,App,UPI,0,4
ORD-103518,2025-01-02,2275,3,Delivered,South,Apparel,FC-7,CUST-11043,Web,Card,234,4
ORD-103519,2025-01-02,2931,4,Delivered,North,Apparel,FC-7,CUST-11044,Web,UPI,0,4
ORD-103520,2025-01-02,1631,2,Delivered,North,Apparel,FC-6,CUST-10158,Web,UPI,0,2
ORD-103521,2025-01-02,1377,5,Cancelled,East,Grocery,FC-4,CUST-11045,App,COD,0,
ORD-103522,2025-01-02,4258,2,Shipped,West,Electronics,FC-8,CUST-10939,Web,UPI,0,
ORD-103523,2025-01-02,993,1,Delivered,East,Home,FC-2,CUST-11035,App,Wallet,0,3
ORD-103524,2025-01-02,3685,3,Cancelled,East,Home,FC-7,CUST-10472,Web,COD,0,
ORD-103525,2025-01-02,3713,3,Delivered,North,Home,FC-4,CUST-10318,App,UPI,0,4
ORD-103526,2025-01-02,1053,2,Delivered,West,Beauty,FC-6,CUST-10491,Web,Wallet,0,3
ORD-103527,2025-01-02,3262,5,Delivered,South,Apparel,FC-8,CUST-10435,Web,UPI,0,4
ORD-103528,2025-01-02,267,1,Delivered,West,Grocery,FC-5,CUST-10102,App,Wallet,0,4
ORD-103529,2025-01-02,684,1,Cancelled,South,Apparel,FC-2,CUST-10170,App,UPI,71,
ORD-103530,2025-01-02,1200,3,Delivered,South,Beauty,FC-8,CUST-11046,App,UPI,0,4
ORD-103531,2025-01-02,234,1,Cancelled,South,Grocery,FC-3,CUST-10214,Web,Wallet,24,
ORD-103532,2025-01-02,569,1,Delivered,East,Apparel,FC-7,CUST-10924,App,COD,0,5
ORD-103533,2025-01-02,910,2,Delivered,East,Beauty,FC-3,CUST-11047,Marketplace,UPI,53,4
ORD-103534,2025-01-02,5125,2,Cancelled,North,Electronics,FC-6,CUST-10207,Web,UPI,0,
ORD-103535,2025-01-02,1453,4,Delivered,South,Beauty,FC-7,CUST-10318,App,Card,0,4
ORD-103536,2025-01-02,3153,1,Delivered,West,Electronics,FC-1,CUST-11048,Web,Card,203,3
ORD-103537,2025-01-02,881,1,Delivered,East,Apparel,FC-6,CUST-11049,App,COD,0,3
ORD-103538,2025-01-02,2210,1,Delivered,South,Electronics,FC-8,CUST-11050,Web,UPI,0,4
ORD-103539,2025-01-02,5881,2,Cancelled,West,Electronics,FC-7,CUST-11051,App,UPI,0,
ORD-103540,2025-01-02,633,1,Returned,West,Apparel,FC-5,CUST-11052,Web,UPI,0,3
ORD-103541,2025-01-02,1049,2,Delivered,South,Beauty,FC-6,CUST-10181,App,Card,0,2
ORD-103542,2025-01-02,1994,1,Delivered,East,Electronics,FC-3,CUST-10118,App,UPI,0,5
ORD-103543,2025-01-02,304,1,Delivered,South,Grocery,FC-4,CUST-11053,Web,Card,0,4
ORD-103544,2025-01-02,2831,1,Delivered,East,Electronics,FC-2,CUST-10355,App,COD,0,3
ORD-103545,2025-01-02,1664,2,Cancelled,East,Home,FC-8,CUST-10336,App,Card,0,
ORD-103546,2025-01-02,864,2,Delivered,North,Beauty,FC-7,CUST-10662,App,UPI,0,4
ORD-103547,2025-01-02,2433,3,Delivered,South,Home,FC-5,CUST-10558,App,COD,0,2
ORD-103548,2025-01-02,1313,2,Delivered,South,Apparel,FC-2,CUST-10019,Web,Wallet,0,3
ORD-103549,2025-01-02,590,2,Delivered,North,Grocery,FC-3,CUST-10598,Marketplace,Card,0,4
ORD-103550,2025-01-02,643,2,Delivered,North,Beauty,FC-8,CUST-11054,App,Wallet,0,4
ORD-103551,2025-01-02,3840,4,Delivered,North,Home,FC-2,CUST-10675,Web,UPI,351,4
ORD-103552,2025-01-02,1145,1,Delivered,West,Home,FC-4,CUST-10107,App,Wallet,0,4
ORD-103553,2025-01-02,2573,4,Delivered,West,Apparel,FC-2,CUST-11055,Web,UPI,0,3
ORD-103554,2025-01-02,1802,2,Delivered,East,Home,FC-7,CUST-11056,Web,COD,0,4
ORD-103555,2025-01-02,525,1,Returned,West,Beauty,FC-1,CUST-11057,Marketplace,Card,0,2
ORD-103556,2025-01-02,2204,1,Delivered,East,Electronics,FC-4,CUST-11058,App,COD,0,5
ORD-103557,2025-01-02,1151,1,Delivered,East,Home,FC-1,CUST-11059,App,UPI,0,4
ORD-103558,2025-01-02,1190,2,Delivered,North,Apparel,FC-3,CUST-10797,Web,Wallet,0,3
ORD-103559,2025-01-02,2176,1,Delivered,North,Electronics,FC-7,CUST-10003,Marketplace,Card,0,5
ORD-103560,2025-01-02,919,1,Returned,North,Home,FC-8,CUST-11060,App,COD,0,5
ORD-103561,2025-01-02,1205,2,Delivered,North,Apparel,FC-4,CUST-10500,Web,COD,0,4
ORD-103562,2025-01-02,2780,4,Delivered,West,Apparel,FC-3,CUST-10281,Marketplace,Card,0,4
ORD-103563,2025-01-02,1972,2,Cancelled,North,Home,FC-7,CUST-10463,Web,COD,0,
ORD-103564,2025-01-02,433,1,Delivered,East,Beauty,FC-8,CUST-11061,Web,UPI,0,3
ORD-103565,2025-01-02,3266,1,Delivered,West,Electronics,FC-6,CUST-10354,Web,Card,0,4
ORD-103566,2025-01-02,1165,2,Delivered,West,Apparel,FC-1,CUST-10717,App,COD,129,3
ORD-103567,2025-01-02,10827,5,Delivered,North,Electronics,FC-1,CUST-10566,App,Card,0,3
ORD-103568,2025-01-02,1110,5,Delivered,West,Grocery,FC-8,CUST-10826,Web,UPI,97,3
ORD-103569,2025-01-02,3471,4,Delivered,South,Home,FC-2,CUST-11062,Marketplace,UPI,0,2
ORD-103570,2025-01-02,390,2,Delivered,West,Grocery,FC-6,CUST-11063,Marketplace,Wallet,0,2
ORD-103571,2025-01-02,717,1,Delivered,North,Home,FC-6,CUST-11041,Web,COD,53,2
ORD-103572,2025-01-02,474,2,Delivered,East,Grocery,FC-7,CUST-10346,Web,UPI,0,5
ORD-103573,2025-01-02,1930,1,Delivered,West,Electronics,FC-8,CUST-11064,App,UPI,183,4
ORD-103574,2025-01-02,1217,1,Cancelled,South,Home,FC-4,CUST-10029,App,Wallet,0,
ORD-103575,2025-01-02,189,1,Returned,West,Grocery,FC-3,CUST-11065,Web,COD,14,4
ORD-103576,2025-01-02,1259,2,Cancelled,West,Apparel,FC-2,CUST-10890,App,COD,73,
ORD-103577,2025-01-02,1009,2,Delivered,North,Apparel,FC-2,CUST-10948,Web,Card,69,3
ORD-103578,2025-01-03,2203,1,Delivered,East,Electronics,FC-2,CUST-11066,Web,UPI,0,3
ORD-103579,2025-01-03,524,1,Shipped,South,Apparel,FC-4,CUST-11035,Web,UPI,0,
ORD-103580,2025-01-03,231,1,Cancelled,East,Grocery,FC-1,CUST-10945,App,Card,0,
ORD-103581,2025-01-03,6670,3,Returned,South,Electronics,FC-1,CUST-11067,Marketplace,UPI,0,3
ORD-103582,2025-01-03,920,2,Delivered,East,Beauty,FC-1,CUST-10822,App,COD,0,4
ORD-103583,2025-01-03,457,2,Delivered,West,Grocery,FC-4,CUST-10951,Web,UPI,0,3
ORD-103584,2025-01-03,897,1,Pending,East,Apparel,FC-2,CUST-10624,App,UPI,0,
ORD-103585,2025-01-03,1060,2,Delivered,West,Beauty,FC-7,CUST-10453,App,Wallet,0,3
ORD-103586,2025-01-03,691,1,Delivered,North,Apparel,FC-7,CUST-10610,Web,Wallet,0,4
ORD-103587,2025-01-03,1137,1,Delivered,East,Home,FC-3,CUST-10410,App,COD,0,4
ORD-103588,2025-01-03,1819,2,Delivered,North,Apparel,FC-1,CUST-11016,App,Card,0,2
ORD-103589,2025-01-03,857,2,Cancelled,West,Beauty,FC-3,CUST-11003,Web,Wallet,81,
ORD-103590,2025-01-03,1052,4,Delivered,East,Grocery,FC-2,CUST-11068,Marketplace,UPI,98,4
ORD-103591,2025-01-03,5175,2,Delivered,East,Electronics,FC-2,CUST-10389,Web,Card,0,3
ORD-103592,2025-01-03,344,2,Delivered,East,Grocery,FC-3,CUST-11069,App,UPI,20,4
ORD-103593,2025-01-03,1725,2,Delivered,West,Home,FC-6,CUST-10624,Web,UPI,0,3
ORD-103594,2025-01-03,822,1,Returned,East,Apparel,FC-3,CUST-10762,Marketplace,Wallet,86,3
ORD-103595,2025-01-03,895,1,Delivered,East,Home,FC-5,CUST-10998,App,COD,0,3
ORD-103596,2025-01-03,5088,2,Returned,South,Electronics,FC-4,CUST-10102,Web,UPI,0,5
ORD-103597,2025-01-03,579,1,Returned,East,Apparel,FC-5,CUST-10463,App,UPI,60,3
ORD-103598,2025-01-03,1312,3,Delivered,West,Beauty,FC-4,CUST-10011,App,UPI,0,4
ORD-103599,2025-01-03,6420,2,Delivered,North,Electronics,FC-3,CUST-10780,App,Card,0,4
ORD-103600,2025-01-03,2235,2,Delivered,North,Home,FC-3,CUST-10131,Marketplace,UPI,0,4
ORD-103601,2025-01-03,4898,2,Cancelled,East,Electronics,FC-3,CUST-10058,App,Card,337,
ORD-103602,2025-01-03,3006,1,Delivered,North,Electronics,FC-4,CUST-11070,Marketplace,COD,0,5
ORD-103603,2025-01-03,9944,5,Returned,East,Electronics,FC-1,CUST-10388,App,UPI,0,3
ORD-103604,2025-01-03,12469,5,Delivered,East,Electronics,FC-8,CUST-10443,App,Wallet,0,5
ORD-103605,2025-01-03,741,2,Delivered,North,Beauty,FC-5,CUST-10618,App,Wallet,0,3
ORD-103606,2025-01-03,692,1,Delivered,East,Apparel,FC-4,CUST-11071,Web,Card,0,5
ORD-103607,2025-01-03,7923,3,Delivered,East,Electronics,FC-7,CUST-10443,Web,UPI,674,5
ORD-103608,2025-01-03,1383,2,Returned,South,Apparel,FC-7,CUST-10884,Web,Card,0,3
ORD-103609,2025-01-03,1370,3,Returned,East,Beauty,FC-3,CUST-11072,App,UPI,101,5
ORD-103610,2025-01-03,1449,2,Delivered,South,Apparel,FC-8,CUST-10506,Marketplace,Card,0,3
ORD-103611,2025-01-03,859,1,Returned,East,Apparel,FC-6,CUST-10295,App,Wallet,0,5
ORD-103612,2025-01-03,3540,3,Delivered,East,Home,FC-7,CUST-10463,App,Card,0,5
ORD-103613,2025-01-03,409,1,Delivered,East,Beauty,FC-7,CUST-10923,Web,COD,0,5
ORD-103614,2025-01-03,231,1,Delivered,West,Grocery,FC-2,CUST-10351,Web,UPI,0,3
ORD-103615,2025-01-03,1112,4,Delivered,West,Grocery,FC-7,CUST-11004,App,Card,0,4
ORD-103616,2025-01-03,6642,3,Returned,North,Electronics,FC-2,CUST-10471,Web,Card,547,2
ORD-103617,2025-01-03,8884,4,Delivered,East,Electronics,FC-6,CUST-10456,App,UPI,0,5
ORD-103618,2025-01-03,180,1,Delivered,West,Grocery,FC-4,CUST-10427,App,Card,0,3
ORD-103619,2025-01-03,1023,5,Returned,West,Grocery,FC-4,CUST-10822,Web,UPI,0,4
ORD-103620,2025-01-03,269,1,Delivered,East,Grocery,FC-7,CUST-10211,App,Card,19,4
ORD-103621,2025-01-03,1619,2,Delivered,West,Apparel,FC-6,CUST-11073,Web,Card,92,3
ORD-103622,2025-01-03,10608,4,Delivered,North,Electronics,FC-6,CUST-11074,Marketplace,Card,0,4
ORD-103623,2025-01-03,3395,3,Pending,South,Home,FC-2,CUST-10168,Marketplace,UPI,274,
ORD-103624,2025-01-03,2347,2,Delivered,East,Home,FC-7,CUST-10003,App,UPI,0,4
ORD-103625,2025-01-03,1023,1,Delivered,West,Home,FC-4,CUST-11075,Web,UPI,0,5
ORD-103626,2025-01-03,190,1,Delivered,West,Grocery,FC-1,CUST-10624,Web,UPI,0,3
ORD-103627,2025-01-03,1162,3,Delivered,North,Beauty,FC-4,CUST-10029,App,UPI,0,4
ORD-103628,2025-01-03,2182,4,Delivered,East,Beauty,FC-7,CUST-10940,Web,UPI,0,5
ORD-103629,2025-01-03,625,1,Delivered,East,Apparel,FC-6,CUST-10809,App,Card,35,3
ORD-103630,2025-01-03,2092,1,Delivered,South,Electronics,FC-6,CUST-10253,App,Card,0,2
ORD-103631,2025-01-03,507,1,Delivered,North,Beauty,FC-2,CUST-10689,App,UPI,0,3
ORD-103632,2025-01-03,605,2,Delivered,North,Grocery,FC-4,CUST-11060,Web,UPI,0,3
ORD-103633,2025-01-03,1182,2,Delivered,East,Apparel,FC-5,CUST-10292,Web,COD,0,4
ORD-103634,2025-01-03,2334,3,Cancelled,North,Apparel,FC-4,CUST-10371,App,Wallet,228,
ORD-103635,2025-01-03,12954,5,Delivered,West,Electronics,FC-7,CUST-10059,Web,COD,0,4
ORD-103636,2025-01-03,1317,2,Delivered,East,Apparel,FC-3,CUST-11076,Marketplace,Card,0,4
ORD-103637,2025-01-03,352,1,Delivered,South,Beauty,FC-6,CUST-10520,App,Wallet,37,2
ORD-103638,2025-01-03,1111,4,Delivered,South,Grocery,FC-3,CUST-10003,App,Wallet,0,4
ORD-103639,2025-01-03,1230,1,Delivered,West,Home,FC-1,CUST-10894,App,COD,0,3
ORD-103640,2025-01-03,8617,3,Delivered,North,Electronics,FC-7,CUST-11077,Web,Wallet,0,4
ORD-103641,2025-01-03,1108,5,Delivered,West,Grocery,FC-3,CUST-11078,Marketplace,COD,0,2
ORD-103642,2025-01-03,720,1,Delivered,North,Apparel,FC-5,CUST-10371,Marketplace,UPI,0,3
ORD-103643,2025-01-03,2277,1,Delivered,East,Electronics,FC-3,CUST-10640,Web,Wallet,0,4
ORD-103644,2025-01-03,807,4,Delivered,East,Grocery,FC-8,CUST-11079,Marketplace,UPI,89,4
ORD-103645,2025-01-03,811,1,Delivered,East,Home,FC-7,CUST-10061,Marketplace,UPI,61,4
ORD-103646,2025-01-03,1624,2,Delivered,West,Home,FC-8,CUST-11080,App,Card,0,5
ORD-103647,2025-01-03,788,1,Delivered,West,Home,FC-4,CUST-10609,App,COD,81,5
ORD-103648,2025-01-03,3534,5,Delivered,North,Apparel,FC-8,CUST-10754,Web,Card,0,4
ORD-103649,2025-01-03,269,1,Delivered,West,Grocery,FC-1,CUST-10707,Web,Card,0,2
ORD-103650,2025-01-03,745,3,Cancelled,West,Grocery,FC-3,CUST-11081,Web,UPI,0,
ORD-103651,2025-01-03,191,1,Delivered,North,Grocery,FC-8,CUST-11029,App,Wallet,15,5
ORD-103652,2025-01-03,3091,5,Cancelled,East,Apparel,FC-2,CUST-11082,App,COD,0,
ORD-103653,2025-01-03,1848,1,Delivered,East,Electronics,FC-8,CUST-11083,App,Card,0,4
ORD-103654,2025-01-03,4125,4,Pending,West,Home,FC-7,CUST-11084,App,Wallet,0,
ORD-103655,2025-01-03,7640,3,Delivered,East,Electronics,FC-5,CUST-10068,Marketplace,UPI,699,5
ORD-103656,2025-01-03,880,1,Delivered,North,Home,FC-8,CUST-10769,App,Card,0,4
ORD-103657,2025-01-03,496,2,Delivered,West,Grocery,FC-6,CUST-10895,Web,UPI,27,4
ORD-103658,2025-01-03,4326,2,Delivered,West,Electronics,FC-4,CUST-10295,Web,Wallet,0,3
ORD-103659,2025-01-03,2885,3,Delivered,West,Home,FC-3,CUST-10426,Marketplace,COD,0,2
ORD-103660,2025-01-03,3842,5,Delivered,North,Apparel,FC-8,CUST-11085,App,COD,339,4
ORD-103661,2025-01-03,559,3,Delivered,South,Grocery,FC-2,CUST-10883,App,UPI,0,3
ORD-103662,2025-01-03,244,1,Delivered,West,Grocery,FC-6,CUST-10049,App,COD,0,3
ORD-103663,2025-01-03,4605,4,Cancelled,East,Home,FC-1,CUST-10441,Marketplace,COD,251,
ORD-103664,2025-01-03,2379,4,Returned,South,Apparel,FC-7,CUST-10799,App,UPI,0,3
ORD-103665,2025-01-03,280,1,Delivered,South,Grocery,FC-2,CUST-10456,App,UPI,22,4
ORD-103666,2025-01-03,3335,3,Delivered,South,Home,FC-3,CUST-10324,Web,UPI,354,4
ORD-103667,2025-01-03,422,1,Delivered,East,Beauty,FC-6,CUST-11086,App,Card,0,4
ORD-103668,2025-01-03,2348,3,Returned,East,Home,FC-3,CUST-10412,Marketplace,COD,0,4
ORD-103669,2025-01-03,513,1,Delivered,South,Beauty,FC-4,CUST-10857,App,Card,32,3
ORD-103670,2025-01-04,1439,2,Delivered,North,Home,FC-6,CUST-10847,App,UPI,87,2
ORD-103671,2025-01-04,7923,4,Delivered,West,Electronics,FC-1,CUST-11087,Web,COD,0,3
ORD-103672,2025-01-04,2109,1,Delivered,East,Electronics,FC-2,CUST-10005,App,COD,155,4
ORD-103673,2025-01-04,492,1,Delivered,West,Beauty,FC-7,CUST-11088,Marketplace,Wallet,0,3
ORD-103674,2025-01-04,7630,3,Returned,West,Electronics,FC-6,CUST-11089,App,COD,533,3
ORD-103675,2025-01-04,1654,2,Delivered,North,Apparel,FC-7,CUST-10185,Web,UPI,0,4
ORD-103676,2025-01-04,3095,1,Shipped,East,Electronics,FC-1,CUST-10951,App,Wallet,0,
ORD-103677,2025-01-04,3736,5,Delivered,West,Apparel,FC-3,CUST-10490,Web,Card,0,2
ORD-103678,2025-01-04,2390,4,Returned,South,Apparel,FC-1,CUST-11090,App,COD,0,3
ORD-103679,2025-01-04,384,2,Delivered,West,Grocery,FC-6,CUST-11091,Web,UPI,0,3
ORD-103680,2025-01-04,949,2,Delivered,West,Beauty,FC-6,CUST-11092,App,Card,0,2
ORD-103681,2025-01-04,1934,3,Delivered,West,Apparel,FC-5,CUST-10860,Marketplace,UPI,197,2
ORD-103682,2025-01-04,283,1,Delivered,North,Grocery,FC-6,CUST-10908,Marketplace,UPI,0,2
ORD-103683,2025-01-04,839,1,Delivered,North,Home,FC-1,CUST-10939,App,COD,0,2
ORD-103684,2025-01-04,232,1,Delivered,East,Grocery,FC-2,CUST-11093,App,UPI,19,5
ORD-103685,2025-01-04,281,1,Delivered,North,Grocery,FC-3,CUST-10927,Web,COD,0,4
ORD-103686,2025-01-04,2644,3,Delivered,West,Home,FC-7,CUST-10108,Marketplace,UPI,0,4
ORD-103687,2025-01-04,675,1,Delivered,North,Apparel,FC-2,CUST-10913,Web,Wallet,0,3
ORD-103688,2025-01-04,226,1,Delivered,South,Grocery,FC-5,CUST-11094,Web,Wallet,0,2
ORD-103689,2025-01-04,6493,2,Delivered,East,Electronics,FC-2,CUST-10082,Web,UPI,0,3
ORD-103690,2025-01-04,1164,1,Delivered,South,Home,FC-1,CUST-10688,App,COD,0,2
ORD-103691,2025-01-04,525,2,Delivered,West,Grocery,FC-5,CUST-10710,App,Card,0,3
ORD-103692,2025-01-04,460,2,Delivered,North,Grocery,FC-4,CUST-10877,App,Card,0,5
ORD-103693,2025-01-04,661,1,Returned,South,Apparel,FC-6,CUST-10819,Web,UPI,0,2
ORD-103694,2025-01-04,217,1,Delivered,North,Grocery,FC-6,CUST-10479,Marketplace,COD,18,4
ORD-103695,2025-01-04,13201,4,Shipped,East,Electronics,FC-1,CUST-10624,Marketplace,COD,0,
ORD-103696,2025-01-04,215,1,Delivered,East,Grocery,FC-5,CUST-10292,App,UPI,19,4
ORD-103697,2025-01-04,682,2,Delivered,South,Beauty,FC-1,CUST-10994,App,Card,72,1
ORD-103698,2025-01-04,1515,2,Delivered,South,Apparel,FC-6,CUST-10521,App,Card,98,2
ORD-103699,2025-01-04,841,1,Delivered,North,Apparel,FC-5,CUST-10584,Web,UPI,0,4
ORD-103700,2025-01-04,656,2,Delivered,East,Beauty,FC-6,CUST-10987,App,UPI,0,5
ORD-103701,2025-01-04,6201,3,Delivered,South,Electronics,FC-6,CUST-11095,Marketplace,UPI,430,2
ORD-103702,2025-01-04,673,2,Delivered,North,Beauty,FC-7,CUST-11096,Marketplace,Wallet,0,4
ORD-103703,2025-01-04,1478,2,Delivered,North,Apparel,FC-2,CUST-11097,Marketplace,Card,0,3
ORD-103704,2025-01-04,1155,5,Cancelled,East,Grocery,FC-4,CUST-10885,Web,UPI,0,
ORD-103705,2025-01-04,2825,5,Delivered,North,Apparel,FC-2,CUST-11098,Marketplace,Card,0,4
ORD-103706,2025-01-04,13401,5,Delivered,North,Electronics,FC-6,CUST-11099,App,Card,0,4
ORD-103707,2025-01-04,1748,1,Delivered,West,Electronics,FC-7,CUST-10074,App,COD,186,4
ORD-103708,2025-01-04,735,1,Cancelled,North,Home,FC-4,CUST-11100,App,Card,0,
ORD-103709,2025-01-04,3608,3,Delivered,East,Home,FC-8,CUST-10317,Web,COD,0,4
ORD-103710,2025-01-04,3637,2,Returned,East,Electronics,FC-7,CUST-11101,App,COD,361,5
ORD-103711,2025-01-04,795,1,Delivered,East,Home,FC-1,CUST-10361,Web,UPI,73,4
ORD-103712,2025-01-04,543,1,Delivered,North,Apparel,FC-8,CUST-10186,Web,Card,0,4
ORD-103713,2025-01-04,4093,5,Delivered,West,Home,FC-6,CUST-11102,App,Wallet,0,2
ORD-103714,2025-01-04,4747,4,Returned,West,Home,FC-8,CUST-10527,Marketplace,Card,0,5
ORD-103715,2025-01-04,553,3,Delivered,North,Grocery,FC-6,CUST-11103,Web,COD,58,4
ORD-103716,2025-01-04,1953,1,Delivered,West,Electronics,FC-3,CUST-10361,App,UPI,0,4
ORD-103717,2025-01-04,2842,1,Delivered,West,Electronics,FC-4,CUST-10322,Web,UPI,263,3
ORD-103718,2025-01-04,1458,2,Returned,North,Apparel,FC-3,CUST-10469,App,Card,0,3
ORD-103719,2025-01-04,1825,2,Delivered,West,Home,FC-8,CUST-10774,App,Card,0,4
ORD-103720,2025-01-04,2798,3,Delivered,North,Home,FC-6,CUST-11104,Web,UPI,0,2
ORD-103721,2025-01-04,913,3,Delivered,West,Beauty,FC-1,CUST-11105,Marketplace,Wallet,0,3
ORD-103722,2025-01-04,530,2,Returned,East,Grocery,FC-2,CUST-11106,App,UPI,0,3
ORD-103723,2025-01-04,976,5,Delivered,North,Grocery,FC-4,CUST-10530,App,UPI,0,5
ORD-103724,2025-01-04,2535,3,Cancelled,North,Apparel,FC-7,CUST-10420,Web,UPI,0,
ORD-103725,2025-01-04,4104,5,Delivered,South,Home,FC-1,CUST-11107,Web,Wallet,0,2
ORD-103726,2025-01-04,192,1,Delivered,South,Grocery,FC-4,CUST-10247,Web,UPI,13,3
ORD-103727,2025-01-04,292,1,Delivered,North,Grocery,FC-1,CUST-10539,Web,Card,0,4
ORD-103728,2025-01-04,2369,2,Delivered,North,Home,FC-7,CUST-11108,App,Wallet,0,4
ORD-103729,2025-01-04,1686,4,Delivered,North,Beauty,FC-7,CUST-10024,App,COD,166,3
ORD-103730,2025-01-04,649,1,Delivered,North,Apparel,FC-3,CUST-11109,Web,Card,0,4
ORD-103731,2025-01-04,3046,1,Delivered,West,Electronics,FC-7,CUST-11110,Web,Card,0,3
ORD-103732,2025-01-04,918,3,Delivered,West,Grocery,FC-2,CUST-10754,Marketplace,Card,0,4
ORD-103733,2025-01-04,850,1,Delivered,East,Apparel,FC-4,CUST-10060,Marketplace,Card,0,4
ORD-103734,2025-01-04,1917,4,Delivered,West,Beauty,FC-6,CUST-11020,Web,Card,203,3
ORD-103735,2025-01-04,1414,3,Delivered,East,Beauty,FC-8,CUST-10011,Web,UPI,0,4
ORD-103736,2025-01-04,2196,5,Delivered,South,Beauty,FC-5,CUST-10958,Marketplace,UPI,0,3
ORD-103737,2025-01-04,7808,4,Delivered,West,Electronics,FC-3,CUST-10771,Marketplace,UPI,0,3
ORD-103738,2025-01-04,865,1,Delivered,West,Home,FC-6,CUST-10013,Web,COD,0,4
ORD-103739,2025-01-04,4031,2,Delivered,North,Electronics,FC-7,CUST-11111,Web,Card,0,5
ORD-103740,2025-01-04,4343,2,Cancelled,East,Electronics,FC-4,CUST-10141,App,Wallet,364,
ORD-103741,2025-01-04,2341,3,Delivered,West,Apparel,FC-8,CUST-11072,App,Card,0,3
ORD-103742,2025-01-04,4577,2,Delivered,West,Electronics,FC-1,CUST-11112,App,Card,264,3
ORD-103743,2025-01-04,708,1,Delivered,West,Apparel,FC-7,CUST-11113,App,Card,0,4
ORD-103744,2025-01-04,3841,2,Delivered,East,Electronics,FC-8,CUST-11114,Marketplace,Card,0,6
ORD-103745,2025-01-04,1124,3,Delivered,East,Beauty,FC-6,CUST-10886,Marketplace,COD,104,4
ORD-103746,2025-01-04,584,2,Delivered,East,Grocery,FC-7,CUST-11106,App,COD,0,5
ORD-103747,2025-01-04,3200,1,Delivered,North,Electronics,FC-3,CUST-11115,Marketplace,Card,0,4
ORD-103748,2025-01-04,670,2,Delivered,East,Beauty,FC-3,CUST-10542,Marketplace,COD,70,4
ORD-103749,2025-01-04,2070,2,Delivered,West,Home,FC-5,CUST-10597,App,Card,0,2
ORD-103750,2025-01-04,6506,2,Delivered,South,Electronics,FC-5,CUST-10037,App,UPI,0,2
ORD-103751,2025-01-04,1199,2,Delivered,East,Apparel,FC-2,CUST-11116,App,Card,108,3
ORD-103752,2025-01-04,1364,2,Delivered,East,Apparel,FC-1,CUST-11117,Web,UPI,120,4
ORD-103753,2025-01-05,1403,2,Delivered,West,Home,FC-6,CUST-11118,App,UPI,0,4
ORD-103754,2025-01-05,1069,2,Delivered,East,Apparel,FC-5,CUST-10095,App,UPI,0,4
ORD-103755,2025-01-05,3019,4,Cancelled,South,Home,FC-6,CUST-10634,Marketplace,Card,0,
ORD-103756,2025-01-05,255,1,Delivered,West,Grocery,FC-7,CUST-10969,Web,Card,0,4
ORD-103757,2025-01-05,4655,2,Delivered,South,Electronics,FC-5,CUST-11119,App,UPI,0,3
ORD-103758,2025-01-05,4522,2,Delivered,South,Electronics,FC-6,CUST-10145,App,UPI,452,2
ORD-103759,2025-01-05,1535,3,Cancelled,South,Apparel,FC-2,CUST-10048,App,COD,0,
ORD-103760,2025-01-05,470,2,Delivered,North,Grocery,FC-8,CUST-11080,App,UPI,0,4
ORD-103761,2025-01-05,890,1,Returned,South,Home,FC-1,CUST-10790,App,COD,0,3
ORD-103762,2025-01-05,975,1,Delivered,East,Home,FC-7,CUST-10316,Web,UPI,78,4
ORD-103763,2025-01-05,752,1,Delivered,South,Apparel,FC-6,CUST-10566,Web,UPI,0,2
ORD-103764,2025-01-05,249,1,Returned,South,Grocery,FC-1,CUST-11120,Marketplace,Card,0,3
ORD-103765,2025-01-05,3414,4,Delivered,South,Home,FC-7,CUST-10253,Marketplace,UPI,0,4
ORD-103766,2025-01-05,4543,2,Delivered,East,Electronics,FC-7,CUST-11121,Web,UPI,285,5
ORD-103767,2025-01-05,1988,5,Delivered,East,Beauty,FC-3,CUST-11122,App,COD,123,4
ORD-103768,2025-01-05,716,1,Delivered,West,Home,FC-4,CUST-11123,App,Card,41,3
ORD-103769,2025-01-05,1741,3,Delivered,South,Apparel,FC-2,CUST-10136,Marketplace,Card,0,2
ORD-103770,2025-01-05,15844,5,Delivered,East,Electronics,FC-3,CUST-10913,App,Card,0,5
ORD-103771,2025-01-05,3855,4,Delivered,East,Home,FC-1,CUST-10558,App,Card,0,4
ORD-103772,2025-01-05,2148,2,Delivered,South,Home,FC-7,CUST-11124,Web,Card,159,4
ORD-103773,2025-01-05,1280,5,Pending,East,Grocery,FC-5,CUST-10412,Web,Wallet,0,
ORD-103774,2025-01-05,452,2,Delivered,North,Grocery,FC-4,CUST-11125,Web,Wallet,0,5
ORD-103775,2025-01-05,623,1,Shipped,West,Home,FC-3,CUST-11126,Web,Card,59,
ORD-103776,2025-01-05,3955,4,Delivered,East,Home,FC-7,CUST-10705,Web,Wallet,0,4
ORD-103777,2025-01-05,995,3,Delivered,North,Beauty,FC-6,CUST-11127,Web,COD,0,3
ORD-103778,2025-01-05,12303,5,Delivered,North,Electronics,FC-2,CUST-10907,Marketplace,COD,988,3
ORD-103779,2025-01-05,7970,3,Shipped,North,Electronics,FC-4,CUST-11117,Web,Card,0,
ORD-103780,2025-01-05,6370,2,Delivered,South,Electronics,FC-3,CUST-10586,Web,COD,0,4
ORD-103781,2025-01-05,1319,2,Delivered,East,Apparel,FC-7,CUST-10480,Marketplace,Card,0,4
ORD-103782,2025-01-05,2445,2,Delivered,North,Home,FC-1,CUST-10781,App,Card,0,3
ORD-103783,2025-01-05,2654,3,Delivered,East,Home,FC-6,CUST-11128,Web,Card,197,5
ORD-103784,2025-01-05,478,1,Delivered,West,Beauty,FC-1,CUST-10519,App,COD,41,2
ORD-103785,2025-01-05,1365,4,Delivered,West,Beauty,FC-4,CUST-10170,Web,COD,0,4
ORD-103786,2025-01-05,1548,4,Delivered,West,Beauty,FC-4,CUST-11129,Web,COD,0,5
ORD-103787,2025-01-05,2464,4,Returned,East,Home,FC-4,CUST-10656,Web,Card,233,6
ORD-103788,2025-01-05,329,1,Delivered,North,Beauty,FC-3,CUST-10847,Web,Card,0,3
ORD-103789,2025-01-05,2066,4,Cancelled,East,Apparel,FC-6,CUST-11130,Web,Card,0,
ORD-103790,2025-01-05,2879,4,Delivered,East,Home,FC-1,CUST-10102,App,Wallet,0,4
ORD-103791,2025-01-05,418,1,Delivered,North,Beauty,FC-2,CUST-10145,Web,COD,0,4
ORD-103792,2025-01-05,619,3,Cancelled,West,Grocery,FC-3,CUST-10288,Web,UPI,54,
ORD-103793,2025-01-05,2031,3,Returned,South,Apparel,FC-3,CUST-11131,Web,Card,194,2
ORD-103794,2025-01-05,5711,2,Delivered,South,Electronics,FC-4,CUST-10830,Marketplace,UPI,0,5
ORD-103795,2025-01-05,999,1,Delivered,South,Home,FC-7,CUST-10301,App,UPI,0,3
ORD-103796,2025-01-05,645,1,Delivered,South,Apparel,FC-8,CUST-11096,Web,UPI,0,4
ORD-103797,2025-01-05,1618,2,Delivered,North,Apparel,FC-8,CUST-10367,Web,UPI,171,4
ORD-103798,2025-01-05,2373,1,Delivered,East,Electronics,FC-6,CUST-10762,Web,Card,0,4
ORD-103799,2025-01-05,1064,2,Delivered,South,Beauty,FC-6,CUST-10293,App,Card,0,1
ORD-103800,2025-01-05,690,2,Delivered,West,Beauty,FC-5,CUST-10145,App,COD,0,2
ORD-103801,2025-01-05,1859,2,Delivered,South,Home,FC-2,CUST-11132,Marketplace,Wallet,119,3
ORD-103802,2025-01-05,12981,5,Delivered,West,Electronics,FC-2,CUST-10649,Marketplace,UPI,0,3
ORD-103803,2025-01-05,1763,2,Cancelled,East,Home,FC-4,CUST-11133,Marketplace,Wallet,0,
ORD-103804,2025-01-05,2824,5,Cancelled,South,Apparel,FC-4,CUST-10630,Marketplace,COD,199,
ORD-103805,2025-01-05,2400,3,Delivered,South,Apparel,FC-4,CUST-10990,Web,Wallet,0,3
ORD-103806,2025-01-05,666,4,Delivered,North,Grocery,FC-2,CUST-11134,Marketplace,Wallet,73,4
ORD-103807,2025-01-05,4368,4,Delivered,South,Home,FC-1,CUST-10896,App,COD,385,3
ORD-103808,2025-01-05,2064,5,Delivered,West,Beauty,FC-6,CUST-10556,Marketplace,UPI,220,2
ORD-103809,2025-01-05,805,1,Returned,South,Home,FC-6,CUST-10618,App,Wallet,0,3
ORD-103810,2025-01-05,1720,3,Delivered,North,Apparel,FC-7,CUST-11135,Marketplace,UPI,0,4
ORD-103811,2025-01-05,6000,3,Delivered,West,Electronics,FC-8,CUST-11136,Marketplace,Card,0,3
ORD-103812,2025-01-05,1523,4,Delivered,South,Beauty,FC-8,CUST-11137,App,Card,99,3
ORD-103813,2025-01-05,887,2,Delivered,West,Beauty,FC-5,CUST-11138,App,UPI,0,3
ORD-103814,2025-01-05,4265,2,Returned,South,Electronics,FC-2,CUST-10643,App,UPI,0,3
ORD-103815,2025-01-05,468,1,Delivered,East,Beauty,FC-3,CUST-10240,App,Card,0,5
ORD-103816,2025-01-05,1382,2,Delivered,West,Apparel,FC-6,CUST-11139,App,Wallet,0,3
ORD-103817,2025-01-05,2980,1,Delivered,East,Electronics,FC-6,CUST-10194,Web,UPI,0,3
ORD-103818,2025-01-05,2036,1,Delivered,South,Electronics,FC-6,CUST-10207,App,UPI,0,2
ORD-103819,2025-01-05,1026,2,Returned,East,Apparel,FC-8,CUST-10853,Marketplace,Card,88,5
ORD-103820,2025-01-05,1079,2,Cancelled,East,Apparel,FC-1,CUST-10834,Marketplace,Wallet,87,
ORD-103821,2025-01-05,961,2,Delivered,South,Beauty,FC-7,CUST-11099,Web,UPI,62,3
ORD-103822,2025-01-05,878,1,Pending,East,Home,FC-3,CUST-10711,Marketplace,COD,0,
ORD-103823,2025-01-05,1074,2,Delivered,North,Apparel,FC-3,CUST-10099,Web,COD,89,2
ORD-103824,2025-01-05,3354,1,Returned,North,Electronics,FC-3,CUST-10931,Web,COD,0,4
ORD-103825,2025-01-05,376,2,Delivered,South,Grocery,FC-6,CUST-10263,Web,Card,0,3
ORD-103826,2025-01-05,1075,1,Delivered,West,Home,FC-2,CUST-11140,Web,Card,0,3
ORD-103827,2025-01-05,8373,3,Delivered,South,Electronics,FC-5,CUST-10175,App,Card,0,3
ORD-103828,2025-01-05,689,1,Delivered,West,Home,FC-3,CUST-11141,Web,UPI,0,4
ORD-103829,2025-01-05,3846,5,Delivered,North,Home,FC-1,CUST-10339,App,UPI,0,2
ORD-103830,2025-01-05,183,1,Delivered,West,Grocery,FC-4,CUST-10278,App,COD,19,4
ORD-103831,2025-01-05,686,1,Returned,North,Apparel,FC-3,CUST-10722,App,UPI,44,4
ORD-103832,2025-01-05,2911,1,Cancelled,South,Electronics,FC-5,CUST-11142,Marketplace,UPI,286,
ORD-103833,2025-01-05,4159,2,Delivered,North,Electronics,FC-7,CUST-10507,Web,UPI,460,4
ORD-103834,2025-01-05,2060,3,Shipped,North,Apparel,FC-8,CUST-10245,Marketplace,Card,0,
ORD-103835,2025-01-05,4207,5,Delivered,West,Apparel,FC-2,CUST-11143,App,UPI,0,2
ORD-103836,2025-01-06,1052,4,Returned,East,Grocery,FC-2,CUST-10956,Web,UPI,96,4
ORD-103837,2025-01-06,6258,3,Delivered,East,Electronics,FC-1,CUST-11144,Marketplace,Card,0,3
ORD-103838,2025-01-06,2730,3,Delivered,North,Apparel,FC-4,CUST-10906,Web,Wallet,0,4
ORD-103839,2025-01-06,228,1,Delivered,North,Grocery,FC-1,CUST-10075,Marketplace,COD,20,4
ORD-103840,2025-01-06,768,1,Returned,North,Apparel,FC-2,CUST-10410,Web,UPI,67,4
ORD-103841,2025-01-06,2719,1,Delivered,West,Electronics,FC-8,CUST-10671,Marketplace,UPI,0,5
ORD-103842,2025-01-06,516,2,Delivered,North,Grocery,FC-3,CUST-10394,App,UPI,0,4
ORD-103843,2025-01-06,598,1,Delivered,West,Apparel,FC-6,CUST-10643,App,UPI,46,3
ORD-103844,2025-01-06,407,1,Delivered,East,Beauty,FC-4,CUST-10889,App,UPI,0,4
ORD-103845,2025-01-06,2441,1,Returned,East,Electronics,FC-2,CUST-11025,App,Card,0,5
ORD-103846,2025-01-06,715,1,Returned,East,Apparel,FC-7,CUST-11016,App,Card,0,4
ORD-103847,2025-01-06,960,5,Delivered,North,Grocery,FC-6,CUST-11145,Web,Card,0,4
ORD-103848,2025-01-06,331,1,Returned,South,Beauty,FC-5,CUST-11146,Web,COD,26,3
ORD-103849,2025-01-06,828,1,Delivered,West,Apparel,FC-6,CUST-11147,App,COD,0,2
ORD-103850,2025-01-06,5643,3,Delivered,South,Electronics,FC-4,CUST-11148,App,UPI,0,4
ORD-103851,2025-01-06,785,1,Delivered,East,Home,FC-5,CUST-10318,App,Card,0,5
ORD-103852,2025-01-06,4585,4,Delivered,South,Home,FC-3,CUST-11149,Marketplace,Card,0,3
ORD-103853,2025-01-06,3404,4,Delivered,South,Home,FC-1,CUST-11150,App,Card,262,1
ORD-103854,2025-01-06,9876,4,Returned,West,Electronics,FC-1,CUST-11146,Web,COD,0,2
ORD-103855,2025-01-06,525,1,Delivered,South,Beauty,FC-8,CUST-10355,Web,UPI,0,4
ORD-103856,2025-01-06,1661,2,Delivered,West,Home,FC-8,CUST-11151,Web,COD,0,3
ORD-103857,2025-01-06,397,1,Delivered,South,Beauty,FC-8,CUST-10261,Web,Card,0,3
ORD-103858,2025-01-06,1587,2,Delivered,West,Apparel,FC-2,CUST-11152,App,COD,0,2
ORD-103859,2025-01-06,790,1,Delivered,North,Apparel,FC-7,CUST-10148,Marketplace,UPI,0,4
ORD-103860,2025-01-06,724,4,Delivered,West,Grocery,FC-5,CUST-11153,App,Card,0,3
ORD-103861,2025-01-06,7032,4,Returned,West,Electronics,FC-1,CUST-10784,Web,COD,398,3
ORD-103862,2025-01-06,577,2,Delivered,North,Grocery,FC-5,CUST-10448,Web,UPI,0,4
ORD-103863,2025-01-06,643,3,Delivered,North,Grocery,FC-2,CUST-11125,Web,UPI,0,3
ORD-103864,2025-01-06,939,2,Delivered,North,Beauty,FC-6,CUST-10527,Web,UPI,0,4
ORD-103865,2025-01-06,2169,2,Delivered,East,Home,FC-5,CUST-10434,App,COD,0,5
ORD-103866,2025-01-06,780,4,Delivered,South,Grocery,FC-2,CUST-10139,Marketplace,Wallet,60,4
ORD-103867,2025-01-06,409,1,Delivered,East,Beauty,FC-2,CUST-10433,Web,COD,0,4
ORD-103868,2025-01-06,1371,2,Cancelled,South,Apparel,FC-3,CUST-11078,App,UPI,75,
ORD-103869,2025-01-06,938,2,Delivered,North,Beauty,FC-1,CUST-10292,Web,UPI,0,4
ORD-103870,2025-01-06,3093,4,Delivered,North,Home,FC-8,CUST-11154,Web,UPI,227,4
ORD-103871,2025-01-06,867,1,Delivered,West,Home,FC-7,CUST-11155,Web,UPI,77,4
ORD-103872,2025-01-06,5015,2,Delivered,East,Electronics,FC-8,CUST-10827,Web,UPI,0,4
ORD-103873,2025-01-06,2719,1,Delivered,East,Electronics,FC-5,CUST-10534,App,UPI,0,5
ORD-103874,2025-01-06,1201,1,Delivered,North,Home,FC-5,CUST-11089,App,UPI,0,3
ORD-103875,2025-01-06,793,3,Delivered,North,Grocery,FC-1,CUST-10774,Web,Wallet,0,3
ORD-103876,2025-01-06,1616,3,Delivered,East,Apparel,FC-7,CUST-10857,Web,Wallet,0,4
ORD-103877,2025-01-06,2003,2,Delivered,East,Home,FC-6,CUST-10816,Web,UPI,0,3
ORD-103878,2025-01-06,474,1,Delivered,South,Apparel,FC-3,CUST-11156,Web,COD,46,2
ORD-103879,2025-01-06,686,1,Cancelled,North,Apparel,FC-1,CUST-10837,Web,UPI,0,
ORD-103880,2025-01-06,3754,5,Returned,North,Home,FC-8,CUST-11157,Marketplace,UPI,0,3
ORD-103881,2025-01-06,1650,2,Delivered,East,Home,FC-3,CUST-11158,App,COD,0,3
ORD-103882,2025-01-06,9019,4,Delivered,South,Electronics,FC-6,CUST-11159,Marketplace,UPI,0,3
ORD-103883,2025-01-06,581,2,Delivered,West,Grocery,FC-5,CUST-11160,App,Card,0,4
ORD-103884,2025-01-06,219,1,Delivered,North,Grocery,FC-6,CUST-10185,Web,UPI,0,3
ORD-103885,2025-01-06,1631,2,Delivered,South,Apparel,FC-3,CUST-11161,App,Card,0,4
ORD-103886,2025-01-06,3530,4,Delivered,West,Home,FC-3,CUST-11162,Web,Card,0,3
ORD-103887,2025-01-06,424,2,Delivered,East,Grocery,FC-8,CUST-10330,Marketplace,COD,32,4
ORD-103888,2025-01-06,1519,3,Delivered,North,Beauty,FC-1,CUST-11142,Marketplace,COD,0,3
ORD-103889,2025-01-06,417,1,Delivered,West,Beauty,FC-3,CUST-10015,App,Card,35,2
ORD-103890,2025-01-06,831,1,Delivered,North,Home,FC-2,CUST-11163,App,UPI,0,4
ORD-103891,2025-01-07,278,1,Delivered,West,Grocery,FC-8,CUST-11027,Web,UPI,16,4
ORD-103892,2025-01-07,887,1,Delivered,West,Apparel,FC-6,CUST-11164,Marketplace,COD,0,4
ORD-103893,2025-01-07,463,1,Delivered,West,Beauty,FC-6,CUST-11165,App,Card,0,4
ORD-103894,2025-01-07,518,1,Delivered,West,Beauty,FC-6,CUST-10261,App,Card,0,2
ORD-103895,2025-01-07,1648,2,Delivered,North,Apparel,FC-1,CUST-10492,Marketplace,UPI,0,3
ORD-103896,2025-01-07,437,2,Delivered,North,Grocery,FC-4,CUST-10736,Web,UPI,0,5
ORD-103897,2025-01-07,530,1,Cancelled,North,Beauty,FC-4,CUST-10240,Web,UPI,0,
ORD-103898,2025-01-07,2607,3,Delivered,West,Home,FC-8,CUST-11080,App,COD,0,3
ORD-103899,2025-01-07,3258,3,Delivered,East,Home,FC-3,CUST-10905,App,Card,0,4
ORD-103900,2025-01-07,9131,4,Delivered,West,Electronics,FC-4,CUST-10868,App,UPI,0,4
ORD-103901,2025-01-07,1480,2,Returned,East,Apparel,FC-4,CUST-10556,App,Card,0,5
ORD-103902,2025-01-07,310,1,Returned,South,Grocery,FC-1,CUST-10383,Web,Card,0,3
ORD-103903,2025-01-07,2528,5,Delivered,West,Apparel,FC-1,CUST-11166,App,Card,0,3
ORD-103904,2025-01-07,13642,5,Delivered,South,Electronics,FC-1,CUST-10048,Marketplace,UPI,0,3
ORD-103905,2025-01-07,181,1,Delivered,East,Grocery,FC-8,CUST-10845,App,UPI,0,5
ORD-103906,2025-01-07,2119,2,Delivered,West,Home,FC-1,CUST-11161,Web,UPI,0,2
ORD-103907,2025-01-07,589,2,Delivered,South,Beauty,FC-8,CUST-10813,App,COD,62,3
ORD-103908,2025-01-07,1600,2,Delivered,North,Apparel,FC-5,CUST-10792,Marketplace,UPI,0,3
ORD-103909,2025-01-07,677,2,Delivered,East,Beauty,FC-1,CUST-11167,Web,UPI,0,3
ORD-103910,2025-01-07,371,2,Delivered,West,Grocery,FC-2,CUST-10616,Marketplace,Card,0,3
ORD-103911,2025-01-07,991,1,Delivered,South,Home,FC-2,CUST-10662,Web,UPI,0,3
ORD-103912,2025-01-07,223,1,Delivered,South,Grocery,FC-1,CUST-11168,App,Card,16,2
ORD-103913,2025-01-07,265,1,Delivered,North,Grocery,FC-8,CUST-10906,Web,Card,0,4
ORD-103914,2025-01-07,2234,3,Delivered,North,Home,FC-7,CUST-10173,App,UPI,128,3
ORD-103915,2025-01-07,300,1,Delivered,North,Grocery,FC-7,CUST-10463,App,UPI,0,5
ORD-103916,2025-01-07,843,1,Returned,North,Apparel,FC-8,CUST-11169,Marketplace,COD,62,4
ORD-103917,2025-01-07,219,1,Delivered,South,Grocery,FC-6,CUST-10293,Web,UPI,17,2
ORD-103918,2025-01-07,263,1,Delivered,East,Grocery,FC-6,CUST-10923,Web,Card,0,3
ORD-103919,2025-01-07,1277,2,Delivered,North,Apparel,FC-4,CUST-11170,App,COD,0,3
ORD-103920,2025-01-07,3904,5,Delivered,East,Apparel,FC-1,CUST-11171,Web,Card,256,4
ORD-103921,2025-01-07,935,1,Delivered,West,Home,FC-5,CUST-10728,App,Wallet,0,2
ORD-103922,2025-01-07,1966,3,Returned,West,Apparel,FC-1,CUST-10769,Marketplace,Card,130,2
ORD-103923,2025-01-07,946,2,Delivered,East,Beauty,FC-7,CUST-10585,App,Card,0,4
ORD-103924,2025-01-07,1595,3,Delivered,West,Beauty,FC-4,CUST-11172,Marketplace,Card,0,4
ORD-103925,2025-01-07,1399,3,Delivered,North,Beauty,FC-6,CUST-10571,Web,UPI,0,4
ORD-103926,2025-01-07,358,2,Delivered,North,Grocery,FC-2,CUST-11173,Web,Wallet,0,3
ORD-103927,2025-01-07,1036,2,Delivered,North,Beauty,FC-1,CUST-11174,Web,UPI,0,3
ORD-103928,2025-01-07,723,1,Delivered,South,Apparel,FC-5,CUST-10351,Web,UPI,0,3
ORD-103929,2025-01-07,585,2,Delivered,East,Grocery,FC-7,CUST-10278,Web,Wallet,0,4
ORD-103930,2025-01-07,496,1,Delivered,North,Beauty,FC-7,CUST-11175,App,UPI,0,4
ORD-103931,2025-01-07,1749,5,Delivered,West,Beauty,FC-6,CUST-10356,Web,Card,0,3
ORD-103932,2025-01-07,1734,2,Delivered,East,Home,FC-1,CUST-10207,Marketplace,Card,0,3
ORD-103933,2025-01-07,793,3,Delivered,North,Grocery,FC-4,CUST-10948,App,UPI,81,4
ORD-103934,2025-01-07,2458,2,Delivered,East,Home,FC-7,CUST-11159,Web,UPI,0,4
ORD-103935,2025-01-07,342,1,Delivered,East,Beauty,FC-1,CUST-10551,Web,Card,0,4
ORD-103936,2025-01-07,8660,4,Delivered,East,Electronics,FC-6,CUST-11151,Web,COD,0,4
ORD-103937,2025-01-07,744,2,Delivered,South,Beauty,FC-7,CUST-11176,App,Wallet,0,4
ORD-103938,2025-01-07,772,1,Delivered,South,Home,FC-7,CUST-11177,Web,Wallet,0,3
ORD-103939,2025-01-07,656,3,Delivered,West,Grocery,FC-5,CUST-11178,Marketplace,UPI,0,3
ORD-103940,2025-01-07,7755,3,Returned,East,Electronics,FC-4,CUST-10871,Web,Wallet,0,5
ORD-103941,2025-01-07,1005,4,Delivered,West,Grocery,FC-8,CUST-10441,Web,Card,67,4
ORD-103942,2025-01-07,609,2,Delivered,North,Grocery,FC-8,CUST-10242,Web,UPI,0,4
ORD-103943,2025-01-07,967,2,Delivered,West,Beauty,FC-2,CUST-10456,Marketplace,COD,0,4
ORD-103944,2025-01-07,539,1,Delivered,West,Apparel,FC-2,CUST-10145,App,UPI,0,3
ORD-103945,2025-01-07,9216,3,Delivered,South,Electronics,FC-6,CUST-10632,Marketplace,UPI,0,4
ORD-103946,2025-01-07,382,1,Cancelled,West,Beauty,FC-7,CUST-10219,Marketplace,COD,0,
ORD-103947,2025-01-07,5706,3,Delivered,North,Electronics,FC-6,CUST-11179,App,UPI,0,3
ORD-103948,2025-01-07,7375,3,Delivered,West,Electronics,FC-8,CUST-10855,App,UPI,0,4
ORD-103949,2025-01-08,3905,4,Delivered,West,Home,FC-8,CUST-11180,Web,UPI,0,5
ORD-103950,2025-01-08,900,1,Delivered,West,Apparel,FC-7,CUST-10301,App,COD,0,4
ORD-103951,2025-01-08,421,1,Delivered,South,Beauty,FC-2,CUST-10224,App,UPI,0,3
ORD-103952,2025-01-08,3617,5,Delivered,West,Apparel,FC-4,CUST-11181,App,Card,0,4
ORD-103953,2025-01-08,454,1,Delivered,North,Apparel,FC-3,CUST-10756,App,Wallet,41,3
ORD-103954,2025-01-08,2110,1,Returned,East,Electronics,FC-3,CUST-10007,App,Card,0,4
ORD-103955,2025-01-08,2212,5,Delivered,South,Beauty,FC-3,CUST-10944,Web,UPI,0,2
ORD-103956,2025-01-08,860,1,Delivered,West,Home,FC-4,CUST-10747,Web,UPI,0,4
ORD-103957,2025-01-08,1017,5,Delivered,East,Grocery,FC-1,CUST-11182,App,COD,0,4
ORD-103958,2025-01-08,876,1,Delivered,East,Home,FC-2,CUST-11183,App,UPI,0,4
ORD-103959,2025-01-08,1039,1,Cancelled,East,Home,FC-4,CUST-10796,Web,UPI,0,
ORD-103960,2025-01-08,350,1,Delivered,North,Beauty,FC-8,CUST-10713,Marketplace,Card,29,5
ORD-103961,2025-01-08,842,2,Delivered,South,Beauty,FC-5,CUST-11184,App,Card,54,4
ORD-103962,2025-01-08,1599,2,Returned,East,Apparel,FC-4,CUST-10317,App,COD,139,5
ORD-103963,2025-01-08,6176,5,Delivered,West,Home,FC-5,CUST-11185,Marketplace,UPI,0,4
ORD-103964,2025-01-08,2822,1,Cancelled,North,Electronics,FC-8,CUST-11186,Web,COD,0,
ORD-103965,2025-01-08,447,2,Delivered,North,Grocery,FC-2,CUST-11032,Web,Wallet,0,3
ORD-103966,2025-01-08,2542,5,Delivered,North,Apparel,FC-3,CUST-10253,Marketplace,Card,202,4
ORD-103967,2025-01-08,7383,3,Delivered,South,Electronics,FC-2,CUST-10379,Marketplace,Wallet,0,4
ORD-103968,2025-01-08,3005,1,Delivered,East,Electronics,FC-8,CUST-10548,App,UPI,0,4
ORD-103969,2025-01-08,867,4,Cancelled,West,Grocery,FC-5,CUST-11187,App,COD,0,
ORD-103970,2025-01-08,2145,1,Delivered,East,Electronics,FC-1,CUST-10597,App,Card,0,5
ORD-103971,2025-01-08,501,1,Delivered,West,Beauty,FC-1,CUST-11151,App,COD,0,2
ORD-103972,2025-01-08,3001,4,Delivered,North,Home,FC-1,CUST-11188,Web,COD,0,4
ORD-103973,2025-01-08,1114,3,Delivered,North,Beauty,FC-5,CUST-10644,App,UPI,0,3
ORD-103974,2025-01-08,961,1,Delivered,North,Home,FC-1,CUST-11189,Marketplace,COD,0,3
ORD-103975,2025-01-08,212,1,Delivered,South,Grocery,FC-5,CUST-10500,App,Wallet,16,3
ORD-103976,2025-01-08,772,1,Delivered,North,Apparel,FC-1,CUST-10969,App,Card,0,3
ORD-103977,2025-01-08,626,3,Delivered,North,Grocery,FC-3,CUST-11190,App,COD,0,4
ORD-103978,2025-01-08,12791,4,Delivered,South,Electronics,FC-5,CUST-10861,Web,Card,0,4
ORD-103979,2025-01-08,2818,1,Delivered,East,Electronics,FC-8,CUST-10797,App,Card,198,5
ORD-103980,2025-01-08,1888,3,Returned,East,Apparel,FC-2,CUST-10463,App,COD,0,4
ORD-103981,2025-01-08,1359,3,Delivered,East,Beauty,FC-4,CUST-10336,App,Wallet,0,6
ORD-103982,2025-01-08,490,1,Delivered,North,Beauty,FC-3,CUST-10506,Web,COD,0,3
ORD-103983,2025-01-08,931,2,Delivered,West,Apparel,FC-8,CUST-10230,App,Card,100,3
ORD-103984,2025-01-08,6413,2,Delivered,North,Electronics,FC-6,CUST-10547,App,UPI,0,4
ORD-103985,2025-01-08,1132,1,Delivered,West,Home,FC-2,CUST-11191,Marketplace,Card,0,3
ORD-103986,2025-01-08,1015,2,Delivered,South,Beauty,FC-7,CUST-11185,Web,UPI,0,3
ORD-103987,2025-01-08,2655,1,Returned,South,Electronics,FC-8,CUST-10240,App,COD,0,3
ORD-103988,2025-01-08,5177,5,Pending,North,Home,FC-1,CUST-10916,App,Card,0,
ORD-103989,2025-01-08,5882,2,Delivered,North,Electronics,FC-2,CUST-10831,Web,Card,0,3
ORD-103990,2025-01-08,1443,2,Pending,East,Apparel,FC-2,CUST-11192,App,COD,143,
ORD-103991,2025-01-08,904,3,Delivered,West,Beauty,FC-8,CUST-10922,Web,COD,77,3
ORD-103992,2025-01-08,1872,4,Delivered,South,Beauty,FC-4,CUST-11193,App,Card,0,3
ORD-103993,2025-01-08,9173,5,Delivered,West,Electronics,FC-6,CUST-11194,App,UPI,0,3
ORD-103994,2025-01-08,1078,2,Delivered,East,Apparel,FC-3,CUST-10480,App,COD,60,5
ORD-103995,2025-01-08,952,4,Delivered,East,Grocery,FC-7,CUST-10837,Web,UPI,92,5
ORD-103996,2025-01-08,937,4,Returned,East,Grocery,FC-4,CUST-10534,App,UPI,0,6
ORD-103997,2025-01-08,563,1,Delivered,East,Apparel,FC-7,CUST-11139,Web,UPI,0,4
ORD-103998,2025-01-08,1237,1,Delivered,West,Home,FC-6,CUST-10797,Web,Card,0,3
ORD-103999,2025-01-08,6178,2,Delivered,West,Electronics,FC-2,CUST-10905,Web,Wallet,444,4
ORD-104000,2025-01-08,2638,3,Delivered,West,Home,FC-1,CUST-10270,Web,Wallet,259,2
ORD-104001,2025-01-08,330,1,Delivered,North,Beauty,FC-2,CUST-11156,Marketplace,UPI,22,4
ORD-104002,2025-01-08,1123,2,Delivered,North,Apparel,FC-8,CUST-10253,App,Card,0,3
ORD-104003,2025-01-08,1212,2,Delivered,South,Apparel,FC-1,CUST-11195,Marketplace,Card,0,2
ORD-104004,2025-01-08,1239,3,Delivered,West,Beauty,FC-5,CUST-10904,Web,UPI,105,2
ORD-104005,2025-01-08,2096,2,Delivered,East,Home,FC-2,CUST-11196,App,Card,213,4
ORD-104006,2025-01-08,1752,2,Returned,North,Home,FC-6,CUST-10295,App,COD,0,3
ORD-104007,2025-01-08,475,1,Delivered,East,Beauty,FC-5,CUST-10773,Web,UPI,0,5
ORD-104008,2025-01-08,567,2,Delivered,North,Grocery,FC-3,CUST-10995,App,COD,0,3
ORD-104009,2025-01-08,2727,3,Delivered,West,Home,FC-8,CUST-10769,Web,COD,242,5
ORD-104010,2025-01-08,485,1,Delivered,West,Beauty,FC-3,CUST-10921,App,UPI,44,3
ORD-104011,2025-01-08,789,1,Returned,West,Home,FC-7,CUST-10762,Marketplace,Wallet,45,4
ORD-104012,2025-01-08,590,2,Delivered,South,Grocery,FC-7,CUST-10555,Web,UPI,0,3
ORD-104013,2025-01-08,2110,3,Delivered,South,Home,FC-2,CUST-11197,Web,UPI,0,2
ORD-104014,2025-01-08,3413,4,Delivered,South,Home,FC-6,CUST-11019,Web,Card,212,2
ORD-104015,2025-01-08,3095,3,Delivered,East,Home,FC-6,CUST-11198,App,COD,0,4
ORD-104016,2025-01-08,604,2,Delivered,West,Grocery,FC-8,CUST-10772,App,Card,0,4
ORD-104017,2025-01-08,2653,1,Shipped,East,Electronics,FC-6,CUST-10019,App,UPI,0,
ORD-104018,2025-01-08,1738,4,Delivered,South,Beauty,FC-1,CUST-10131,Web,COD,0,3
ORD-104019,2025-01-08,207,1,Delivered,West,Grocery,FC-7,CUST-11199,Marketplace,UPI,12,2
ORD-104020,2025-01-08,368,1,Delivered,South,Beauty,FC-2,CUST-11200,Web,Wallet,41,4
ORD-104021,2025-01-08,796,3,Delivered,West,Grocery,FC-7,CUST-10986,Marketplace,COD,0,2
ORD-104022,2025-01-08,4065,2,Cancelled,West,Electronics,FC-5,CUST-11061,Web,UPI,0,
ORD-104023,2025-01-08,2463,2,Delivered,East,Home,FC-6,CUST-11201,App,COD,0,5
ORD-104024,2025-01-09,774,1,Delivered,South,Apparel,FC-5,CUST-10181,Marketplace,UPI,0,3
ORD-104025,2025-01-09,1174,2,Delivered,East,Apparel,FC-7,CUST-11202,App,COD,0,4
ORD-104026,2025-01-09,5758,2,Delivered,South,Electronics,FC-2,CUST-11203,Web,COD,432,3
ORD-104027,2025-01-09,405,2,Delivered,North,Grocery,FC-6,CUST-11204,Web,UPI,0,3
ORD-104028,2025-01-09,1144,4,Delivered,South,Grocery,FC-1,CUST-11205,App,Wallet,0,2
ORD-104029,2025-01-09,2910,1,Delivered,North,Electronics,FC-2,CUST-10412,Web,COD,313,3
ORD-104030,2025-01-09,439,1,Delivered,West,Beauty,FC-7,CUST-11018,Web,UPI,27,3
ORD-104031,2025-01-09,808,2,Delivered,North,Beauty,FC-8,CUST-11206,Web,UPI,80,4
ORD-104032,2025-01-09,353,2,Delivered,North,Grocery,FC-6,CUST-11093,Web,UPI,26,4
ORD-104033,2025-01-09,4888,2,Delivered,West,Electronics,FC-6,CUST-11207,Web,Card,404,3
ORD-104034,2025-01-09,923,1,Cancelled,East,Home,FC-4,CUST-10060,Marketplace,Card,99,
ORD-104035,2025-01-09,426,1,Delivered,North,Beauty,FC-4,CUST-10370,Web,COD,0,4
ORD-104036,2025-01-09,493,1,Delivered,North,Beauty,FC-1,CUST-10689,App,Card,0,4
ORD-104037,2025-01-09,275,1,Delivered,East,Grocery,FC-4,CUST-11208,Web,Wallet,0,5
ORD-104038,2025-01-09,11921,4,Returned,South,Electronics,FC-7,CUST-10384,App,Card,0,4
ORD-104039,2025-01-09,6264,2,Cancelled,East,Electronics,FC-7,CUST-10172,Web,COD,0,
ORD-104040,2025-01-09,2962,1,Delivered,South,Electronics,FC-5,CUST-10194,App,COD,0,2
ORD-104041,2025-01-09,1067,2,Delivered,South,Apparel,FC-7,CUST-11106,Web,UPI,106,4
ORD-104042,2025-01-09,205,1,Delivered,East,Grocery,FC-4,CUST-10608,App,Card,19,5
ORD-104043,2025-01-09,1345,5,Delivered,North,Grocery,FC-2,CUST-11209,App,Card,0,4
ORD-104044,2025-01-09,170,1,Returned,North,Grocery,FC-6,CUST-11210,Marketplace,Card,0,4
ORD-104045,2025-01-09,925,2,Delivered,East,Beauty,FC-1,CUST-10799,App,Card,95,3
ORD-104046,2025-01-09,1162,4,Delivered,West,Grocery,FC-4,CUST-10688,Web,Card,68,4
ORD-104047,2025-01-09,5566,3,Delivered,North,Electronics,FC-3,CUST-11211,Web,UPI,0,3
ORD-104048,2025-01-09,1749,2,Delivered,South,Home,FC-3,CUST-10799,App,Wallet,0,3
ORD-104049,2025-01-09,1064,3,Cancelled,North,Beauty,FC-2,CUST-10011,Web,UPI,0,
ORD-104050,2025-01-09,6485,3,Returned,South,Electronics,FC-3,CUST-11212,App,Card,0,3
ORD-104051,2025-01-09,2998,1,Delivered,North,Electronics,FC-8,CUST-10240,Web,UPI,0,4
ORD-104052,2025-01-09,510,2,Delivered,West,Grocery,FC-6,CUST-10145,Web,COD,0,3
ORD-104053,2025-01-09,2671,3,Delivered,North,Home,FC-6,CUST-11213,Web,COD,205,3
ORD-104054,2025-01-09,1059,4,Returned,North,Grocery,FC-7,CUST-10498,Web,UPI,60,4
ORD-104055,2025-01-09,4146,2,Delivered,North,Electronics,FC-7,CUST-10847,Web,Card,0,5
ORD-104056,2025-01-09,808,1,Delivered,East,Apparel,FC-2,CUST-10962,Marketplace,UPI,43,5
ORD-104057,2025-01-09,637,1,Delivered,South,Apparel,FC-2,CUST-10772,Marketplace,Wallet,56,3
ORD-104058,2025-01-09,395,1,Delivered,South,Beauty,FC-1,CUST-10019,App,Card,0,2
ORD-104059,2025-01-09,2434,4,Delivered,South,Apparel,FC-4,CUST-10335,Web,COD,0,3
ORD-104060,2025-01-09,1018,1,Delivered,South,Home,FC-7,CUST-10620,Web,Card,0,3
ORD-104061,2025-01-09,2415,4,Delivered,West,Apparel,FC-3,CUST-10811,Marketplace,Card,0,3
ORD-104062,2025-01-09,1823,4,Delivered,South,Beauty,FC-8,CUST-11214,App,Card,0,2
ORD-104063,2025-01-09,355,1,Delivered,East,Beauty,FC-1,CUST-10379,Web,Wallet,0,3
ORD-104064,2025-01-09,4031,4,Delivered,East,Home,FC-2,CUST-11033,Web,UPI,229,3
ORD-104065,2025-01-09,1992,4,Delivered,West,Beauty,FC-2,CUST-11198,Marketplace,Wallet,0,2
ORD-104066,2025-01-09,12748,5,Delivered,South,Electronics,FC-3,CUST-10284,Web,Wallet,0,2
ORD-104067,2025-01-09,1972,1,Delivered,South,Electronics,FC-8,CUST-10119,Web,Card,0,4
ORD-104068,2025-01-09,468,1,Delivered,East,Apparel,FC-2,CUST-11215,Web,UPI,29,5
ORD-104069,2025-01-09,10603,4,Delivered,East,Electronics,FC-8,CUST-10189,Web,UPI,0,4
ORD-104070,2025-01-09,762,4,Delivered,North,Grocery,FC-5,CUST-10927,App,COD,0,3
ORD-104071,2025-01-09,2735,3,Returned,South,Apparel,FC-4,CUST-11216,Web,UPI,0,5
ORD-104072,2025-01-09,3874,5,Delivered,East,Apparel,FC-8,CUST-11217,App,UPI,0,5
ORD-104073,2025-01-09,1367,2,Delivered,East,Home,FC-6,CUST-10318,Web,UPI,0,3
ORD-104074,2025-01-09,173,1,Delivered,South,Grocery,FC-3,CUST-11218,App,COD,0,3
ORD-104075,2025-01-09,385,2,Delivered,South,Grocery,FC-5,CUST-11020,App,COD,30,2
ORD-104076,2025-01-09,613,1,Delivered,West,Apparel,FC-4,CUST-11049,App,Card,0,3
ORD-104077,2025-01-09,3171,1,Shipped,North,Electronics,FC-7,CUST-11219,Web,UPI,0,
ORD-104078,2025-01-09,448,2,Delivered,South,Grocery,FC-7,CUST-11021,App,Wallet,24,4
ORD-104079,2025-01-09,1701,5,Delivered,West,Beauty,FC-8,CUST-10492,App,UPI,0,4
ORD-104080,2025-01-09,957,2,Delivered,North,Beauty,FC-6,CUST-10719,App,Wallet,83,3
ORD-104081,2025-01-09,12694,4,Delivered,South,Electronics,FC-5,CUST-10757,App,Wallet,0,2
ORD-104082,2025-01-09,7648,3,Delivered,South,Electronics,FC-8,CUST-11220,Marketplace,Wallet,0,3
ORD-104083,2025-01-09,2335,3,Delivered,South,Home,FC-3,CUST-10855,Web,Card,0,3
ORD-104084,2025-01-09,378,1,Delivered,West,Beauty,FC-8,CUST-11092,Marketplace,COD,0,4
ORD-104085,2025-01-09,708,2,Delivered,North,Beauty,FC-1,CUST-10074,Web,Wallet,68,3
ORD-104086,2025-01-09,1778,2,Delivered,East,Apparel,FC-5,CUST-10330,App,UPI,0,3
ORD-104087,2025-01-09,1461,2,Delivered,West,Home,FC-7,CUST-11221,Marketplace,UPI,0,4
ORD-104088,2025-01-09,1906,4,Cancelled,South,Beauty,FC-1,CUST-10857,Web,Card,0,
ORD-104089,2025-01-09,1341,2,Delivered,West,Apparel,FC-1,CUST-11222,App,Card,126,2
ORD-104090,2025-01-09,1322,5,Delivered,South,Grocery,FC-5,CUST-10507,Web,Card,0,2
ORD-104091,2025-01-09,5429,2,Delivered,West,Electronics,FC-3,CUST-11223,App,Wallet,0,3
ORD-104092,2025-01-09,1557,3,Delivered,West,Beauty,FC-6,CUST-10456,Web,COD,0,3
ORD-104093,2025-01-09,1606,2,Delivered,South,Apparel,FC-5,CUST-10601,Web,COD,95,3
ORD-104094,2025-01-09,12995,5,Delivered,North,Electronics,FC-8,CUST-10513,Marketplace,UPI,0,3
ORD-104095,2025-01-09,805,1,Delivered,East,Home,FC-8,CUST-10167,App,Card,0,4
ORD-104096,2025-01-09,1392,3,Delivered,South,Beauty,FC-5,CUST-10813,Web,COD,0,3
ORD-104097,2025-01-09,1116,1,Delivered,South,Home,FC-3,CUST-10815,Web,UPI,64,4
ORD-104098,2025-01-09,1185,1,Returned,East,Home,FC-1,CUST-10747,Web,UPI,0,4
ORD-104099,2025-01-09,5603,2,Delivered,West,Electronics,FC-3,CUST-10010,App,Wallet,0,4
ORD-104100,2025-01-09,760,1,Delivered,West,Apparel,FC-6,CUST-11224,Marketplace,UPI,0,3
ORD-104101,2025-01-09,977,1,Delivered,West,Home,FC-2,CUST-11141,Web,Card,0,4
ORD-104102,2025-01-09,2662,4,Delivered,West,Apparel,FC-1,CUST-10440,Marketplace,Card,181,2
ORD-104103,2025-01-10,1484,5,Delivered,West,Beauty,FC-8,CUST-11225,App,UPI,0,3
ORD-104104,2025-01-10,2880,1,Delivered,East,Electronics,FC-2,CUST-11226,Marketplace,COD,300,4
ORD-104105,2025-01-10,4619,2,Delivered,South,Electronics,FC-3,CUST-10724,Web,UPI,0,2
ORD-104106,2025-01-10,729,4,Delivered,North,Grocery,FC-8,CUST-10045,App,UPI,0,5
ORD-104107,2025-01-10,3164,1,Delivered,South,Electronics,FC-3,CUST-11227,Marketplace,UPI,0,2
ORD-104108,2025-01-10,1060,1,Delivered,North,Home,FC-2,CUST-10650,Web,COD,59,3
ORD-104109,2025-01-10,528,1,Delivered,East,Apparel,FC-8,CUST-10928,Web,UPI,0,5
ORD-104110,2025-01-10,8935,3,Delivered,East,Electronics,FC-8,CUST-10463,Web,UPI,744,4
ORD-104111,2025-01-10,408,2,Delivered,South,Grocery,FC-6,CUST-10666,Web,COD,0,2
ORD-104112,2025-01-10,1342,2,Delivered,North,Apparel,FC-8,CUST-11228,Marketplace,COD,0,4
ORD-104113,2025-01-10,778,1,Pending,South,Apparel,FC-5,CUST-10507,Web,UPI,71,
ORD-104114,2025-01-10,472,1,Delivered,North,Beauty,FC-4,CUST-10430,App,UPI,0,5
ORD-104115,2025-01-10,1219,2,Delivered,East,Apparel,FC-8,CUST-11229,Web,UPI,115,4
ORD-104116,2025-01-10,2654,3,Delivered,East,Home,FC-5,CUST-11230,Web,Card,0,3
ORD-104117,2025-01-10,1162,2,Delivered,West,Apparel,FC-2,CUST-11231,Marketplace,Card,0,3
ORD-104118,2025-01-10,860,1,Delivered,East,Home,FC-1,CUST-10710,Web,Card,0,3
ORD-104119,2025-01-10,1162,5,Delivered,West,Grocery,FC-4,CUST-10685,App,UPI,0,3
ORD-104120,2025-01-10,237,1,Delivered,South,Grocery,FC-2,CUST-11018,Web,UPI,0,2
ORD-104121,2025-01-10,5191,2,Returned,West,Electronics,FC-5,CUST-11232,Web,UPI,369,2
ORD-104122,2025-01-10,3334,4,Returned,North,Apparel,FC-8,CUST-10280,Marketplace,Card,298,3
ORD-104123,2025-01-10,847,2,Delivered,West,Beauty,FC-1,CUST-10596,Web,Card,82,2
ORD-104124,2025-01-10,3109,1,Delivered,West,Electronics,FC-6,CUST-10989,App,UPI,0,2
ORD-104125,2025-01-10,6760,2,Delivered,East,Electronics,FC-3,CUST-10875,Web,Card,0,4
ORD-104126,2025-01-10,263,1,Delivered,North,Grocery,FC-8,CUST-11233,App,Card,0,5
ORD-104127,2025-01-10,8668,3,Delivered,East,Electronics,FC-5,CUST-10926,Web,Card,619,5
ORD-104128,2025-01-10,1862,3,Returned,North,Apparel,FC-5,CUST-10840,Web,Card,0,3
ORD-104129,2025-01-10,1368,2,Delivered,West,Home,FC-8,CUST-10759,App,Card,0,3
ORD-104130,2025-01-10,3223,4,Delivered,East,Home,FC-5,CUST-11234,Marketplace,UPI,318,4
ORD-104131,2025-01-10,1194,2,Returned,North,Apparel,FC-6,CUST-10741,Web,COD,95,2
ORD-104132,2025-01-10,1834,1,Delivered,North,Electronics,FC-1,CUST-10906,App,UPI,0,2
ORD-104133,2025-01-10,765,3,Cancelled,West,Grocery,FC-1,CUST-10174,App,Wallet,0,
ORD-104134,2025-01-10,1935,2,Delivered,South,Home,FC-8,CUST-11235,App,UPI,163,2
ORD-104135,2025-01-10,641,2,Delivered,South,Beauty,FC-4,CUST-10997,Marketplace,Card,0,5
ORD-104136,2025-01-10,244,1,Delivered,East,Grocery,FC-1,CUST-10408,Marketplace,UPI,14,3
ORD-104137,2025-01-10,1460,2,Delivered,West,Apparel,FC-7,CUST-10992,App,UPI,112,3
ORD-104138,2025-01-10,1136,1,Delivered,South,Home,FC-1,CUST-10783,App,COD,0,3
ORD-104139,2025-01-10,1602,2,Delivered,South,Home,FC-3,CUST-10518,App,Card,0,3
ORD-104140,2025-01-10,10977,4,Delivered,East,Electronics,FC-8,CUST-10975,App,Card,0,4
ORD-104141,2025-01-10,2845,1,Cancelled,North,Electronics,FC-8,CUST-11236,App,COD,169,
ORD-104142,2025-01-10,548,1,Delivered,North,Apparel,FC-4,CUST-10168,App,UPI,0,5
ORD-104143,2025-01-10,1045,2,Delivered,South,Beauty,FC-6,CUST-11237,Marketplace,COD,0,3
ORD-104144,2025-01-10,783,1,Delivered,East,Home,FC-8,CUST-11238,Web,Wallet,0,4
ORD-104145,2025-01-10,6369,2,Delivered,East,Electronics,FC-4,CUST-10070,App,Wallet,0,4
ORD-104146,2025-01-10,531,1,Cancelled,West,Beauty,FC-4,CUST-10471,Marketplace,UPI,0,
ORD-104147,2025-01-10,1164,4,Delivered,South,Grocery,FC-5,CUST-11020,Web,UPI,69,2
ORD-104148,2025-01-10,1027,2,Delivered,East,Apparel,FC-1,CUST-11239,App,COD,0,3
ORD-104149,2025-01-10,1065,5,Delivered,North,Grocery,FC-5,CUST-11240,Web,UPI,0,3
ORD-104150,2025-01-10,1583,3,Delivered,West,Apparel,FC-5,CUST-11185,App,UPI,0,3
ORD-104151,2025-01-10,432,1,Delivered,West,Beauty,FC-3,CUST-11241,App,UPI,25,4
ORD-104152,2025-01-10,2938,4,Delivered,South,Home,FC-5,CUST-10666,Marketplace,UPI,0,2
ORD-104153,2025-01-10,1003,1,Delivered,North,Home,FC-6,CUST-10226,Web,UPI,0,4
ORD-104154,2025-01-10,1431,3,Delivered,North,Beauty,FC-5,CUST-10896,App,Wallet,0,4
ORD-104155,2025-01-10,2553,3,Returned,South,Apparel,FC-7,CUST-10756,Web,Card,0,3
ORD-104156,2025-01-10,3104,1,Delivered,East,Electronics,FC-5,CUST-10035,Marketplace,Card,272,4
ORD-104157,2025-01-10,5670,5,Delivered,East,Home,FC-8,CUST-10739,Marketplace,UPI,507,6
ORD-104158,2025-01-10,1809,2,Delivered,South,Home,FC-2,CUST-10688,Web,Card,0,3
ORD-104159,2025-01-10,713,2,Delivered,South,Beauty,FC-2,CUST-11242,App,COD,0,2
ORD-104160,2025-01-10,4590,5,Delivered,South,Home,FC-2,CUST-10542,Web,Card,443,2
ORD-104161,2025-01-10,254,1,Delivered,South,Grocery,FC-5,CUST-10311,Marketplace,Card,0,3
ORD-104162,2025-01-10,601,1,Delivered,East,Apparel,FC-1,CUST-11243,Web,COD,62,3
ORD-104163,2025-01-10,581,1,Delivered,South,Apparel,FC-4,CUST-10340,App,COD,41,4
ORD-104164,2025-01-10,2445,3,Delivered,North,Home,FC-8,CUST-11071,Marketplace,Card,244,5
ORD-104165,2025-01-10,226,1,Delivered,West,Grocery,FC-6,CUST-10091,Marketplace,COD,0,2
ORD-104166,2025-01-10,3049,3,Delivered,East,Home,FC-4,CUST-10486,Marketplace,COD,0,6
ORD-104167,2025-01-10,1815,2,Delivered,West,Apparel,FC-7,CUST-10518,Web,Card,0,3
ORD-104168,2025-01-10,2257,2,Delivered,East,Home,FC-5,CUST-10859,Web,UPI,0,3
ORD-104169,2025-01-10,1726,4,Delivered,South,Beauty,FC-5,CUST-10939,App,COD,125,4
ORD-104170,2025-01-10,674,1,Delivered,South,Apparel,FC-3,CUST-10924,Marketplace,Card,0,3
ORD-104171,2025-01-10,7975,4,Returned,East,Electronics,FC-3,CUST-11244,Web,UPI,0,5
ORD-104172,2025-01-10,587,1,Delivered,South,Apparel,FC-5,CUST-11245,App,UPI,0,3
ORD-104173,2025-01-10,721,2,Delivered,North,Beauty,FC-8,CUST-11246,Web,UPI,0,3
ORD-104174,2025-01-10,3039,3,Delivered,South,Home,FC-1,CUST-10286,Web,COD,249,2
ORD-104175,2025-01-10,362,2,Delivered,South,Grocery,FC-1,CUST-10880,Marketplace,UPI,0,2
ORD-104176,2025-01-11,4890,2,Delivered,North,Electronics,FC-1,CUST-10916,Web,UPI,0,4
ORD-104177,2025-01-11,940,4,Delivered,North,Grocery,FC-5,CUST-11174,Web,UPI,0,4
ORD-104178,2025-01-11,470,1,Delivered,West,Beauty,FC-3,CUST-10917,Marketplace,COD,0,4
ORD-104179,2025-01-11,9377,3,Delivered,East,Electronics,FC-4,CUST-11247,Marketplace,Card,795,5
ORD-104180,2025-01-11,2746,5,Delivered,West,Apparel,FC-2,CUST-10655,App,COD,0,3
ORD-104181,2025-01-11,1020,2,Delivered,South,Apparel,FC-3,CUST-10674,Marketplace,Wallet,0,4
ORD-104182,2025-01-11,1129,1,Delivered,East,Home,FC-2,CUST-11248,App,UPI,0,5
ORD-104183,2025-01-11,748,1,Returned,South,Apparel,FC-2,CUST-11025,Marketplace,Wallet,0,3
ORD-104184,2025-01-11,1278,3,Returned,East,Beauty,FC-1,CUST-10293,App,COD,0,4
ORD-104185,2025-01-11,2186,2,Delivered,South,Home,FC-5,CUST-11103,App,UPI,0,3
ORD-104186,2025-01-11,710,2,Delivered,North,Beauty,FC-1,CUST-10840,App,UPI,0,4
ORD-104187,2025-01-11,504,1,Returned,West,Apparel,FC-2,CUST-11249,Marketplace,Wallet,0,4
ORD-104188,2025-01-11,949,1,Delivered,East,Home,FC-5,CUST-10384,App,UPI,0,4
ORD-104189,2025-01-11,644,1,Delivered,West,Apparel,FC-7,CUST-10616,Web,Card,0,3
ORD-104190,2025-01-11,6411,3,Returned,East,Electronics,FC-1,CUST-11250,Web,Card,564,4
ORD-104191,2025-01-11,2238,3,Delivered,North,Home,FC-4,CUST-11021,App,COD,0,5
ORD-104192,2025-01-11,547,2,Delivered,East,Grocery,FC-3,CUST-11251,Web,Wallet,0,4
ORD-104193,2025-01-11,11861,4,Delivered,North,Electronics,FC-5,CUST-10958,Web,Card,0,4
ORD-104194,2025-01-11,5700,2,Delivered,East,Electronics,FC-2,CUST-11002,Web,UPI,431,5
ORD-104195,2025-01-11,3348,1,Delivered,West,Electronics,FC-4,CUST-10293,App,Wallet,0,5
ORD-104196,2025-01-11,11376,4,Returned,South,Electronics,FC-6,CUST-11164,Web,UPI,836,2
ORD-104197,2025-01-11,5283,5,Delivered,South,Home,FC-5,CUST-11252,Web,COD,549,4
ORD-104198,2025-01-11,1895,5,Delivered,East,Beauty,FC-1,CUST-11107,Web,COD,133,4
ORD-104199,2025-01-11,1986,3,Delivered,West,Home,FC-6,CUST-10675,Web,Card,171,2
ORD-104200,2025-01-11,618,1,Delivered,South,Apparel,FC-4,CUST-11253,App,COD,0,4
ORD-104201,2025-01-11,8880,3,Delivered,East,Electronics,FC-4,CUST-10117,Web,Wallet,0,4
ORD-104202,2025-01-11,745,2,Cancelled,North,Beauty,FC-2,CUST-11028,Web,COD,46,
ORD-104203,2025-01-11,568,2,Delivered,North,Grocery,FC-3,CUST-11254,Web,UPI,0,3
ORD-104204,2025-01-11,1888,2,Delivered,West,Home,FC-2,CUST-11255,Marketplace,UPI,0,3
ORD-104205,2025-01-11,3608,3,Delivered,East,Home,FC-3,CUST-11029,Web,COD,0,3
ORD-104206,2025-01-11,1508,2,Cancelled,North,Home,FC-8,CUST-10087,App,COD,0,
ORD-104207,2025-01-11,299,1,Delivered,South,Beauty,FC-6,CUST-11002,App,UPI,29,2
ORD-104208,2025-01-11,1020,4,Delivered,East,Grocery,FC-7,CUST-10026,App,COD,0,5
ORD-104209,2025-01-11,3122,1,Delivered,North,Electronics,FC-2,CUST-10597,Web,UPI,0,4
ORD-104210,2025-01-11,436,2,Pending,West,Grocery,FC-6,CUST-10210,App,UPI,0,
ORD-104211,2025-01-11,3222,4,Delivered,North,Home,FC-6,CUST-11256,Marketplace,Card,266,3
ORD-104212,2025-01-11,656,2,Delivered,North,Beauty,FC-2,CUST-10505,Web,Wallet,0,3
ORD-104213,2025-01-11,865,1,Delivered,West,Home,FC-6,CUST-11066,App,COD,73,3
ORD-104214,2025-01-11,6562,3,Delivered,South,Electronics,FC-3,CUST-11224,App,UPI,0,3
ORD-104215,2025-01-11,831,1,Delivered,East,Home,FC-6,CUST-11211,App,COD,88,3
ORD-104216,2025-01-11,2649,5,Delivered,West,Beauty,FC-1,CUST-10606,App,UPI,0,4
ORD-104217,2025-01-11,11408,5,Delivered,East,Electronics,FC-6,CUST-10443,App,COD,1255,3
ORD-104218,2025-01-11,7925,4,Delivered,East,Electronics,FC-5,CUST-11257,Marketplace,COD,0,5
ORD-104219,2025-01-11,769,1,Delivered,South,Apparel,FC-3,CUST-11258,App,COD,67,2
ORD-104220,2025-01-11,416,2,Delivered,West,Grocery,FC-2,CUST-11186,Web,COD,32,4
ORD-104221,2025-01-11,1031,1,Pending,North,Home,FC-6,CUST-11259,App,UPI,75,
ORD-104222,2025-01-11,454,1,Delivered,East,Beauty,FC-3,CUST-10873,App,COD,0,4
ORD-104223,2025-01-11,2006,2,Delivered,West,Home,FC-4,CUST-11260,App,UPI,0,4
ORD-104224,2025-01-11,1501,2,Shipped,West,Home,FC-5,CUST-10733,Web,UPI,0,
ORD-104225,2025-01-11,5577,5,Returned,North,Home,FC-6,CUST-11261,Marketplace,Card,0,2
ORD-104226,2025-01-11,1723,2,Delivered,North,Home,FC-3,CUST-11232,Web,COD,0,3
ORD-104227,2025-01-11,3717,3,Returned,East,Home,FC-4,CUST-11262,Web,UPI,0,4
ORD-104228,2025-01-11,891,1,Delivered,East,Apparel,FC-7,CUST-11263,App,Card,0,4
ORD-104229,2025-01-11,1648,2,Delivered,North,Apparel,FC-7,CUST-10198,App,Card,120,5
ORD-104230,2025-01-11,498,1,Delivered,North,Beauty,FC-7,CUST-11264,App,UPI,33,4
ORD-104231,2025-01-11,177,1,Delivered,North,Grocery,FC-6,CUST-11049,App,UPI,0,3
ORD-104232,2025-01-11,888,3,Delivered,East,Beauty,FC-5,CUST-10101,App,COD,0,5
ORD-104233,2025-01-11,5106,5,Delivered,East,Home,FC-3,CUST-10160,Web,COD,0,4
ORD-104234,2025-01-11,1193,3,Delivered,West,Beauty,FC-2,CUST-10527,App,UPI,0,4
ORD-104235,2025-01-11,689,1,Delivered,East,Apparel,FC-4,CUST-10683,Web,COD,72,5
ORD-104236,2025-01-11,537,1,Delivered,South,Beauty,FC-1,CUST-11173,Web,Card,0,3
ORD-104237,2025-01-11,666,1,Delivered,East,Apparel,FC-8,CUST-11132,App,Card,67,5
ORD-104238,2025-01-11,1487,3,Delivered,East,Beauty,FC-2,CUST-11265,App,Card,152,4
ORD-104239,2025-01-11,5220,2,Delivered,South,Electronics,FC-5,CUST-11266,Web,UPI,0,3
ORD-104240,2025-01-11,5318,3,Delivered,West,Electronics,FC-1,CUST-10356,Marketplace,Card,557,3
ORD-104241,2025-01-11,9788,4,Delivered,East,Electronics,FC-5,CUST-10672,Marketplace,UPI,613,4
ORD-104242,2025-01-11,3168,1,Delivered,North,Electronics,FC-7,CUST-11061,Web,UPI,0,4
ORD-104243,2025-01-11,2371,4,Delivered,East,Apparel,FC-6,CUST-10456,Web,UPI,243,4
ORD-104244,2025-01-11,250,1,Delivered,West,Grocery,FC-5,CUST-11202,Marketplace,Card,28,2
ORD-104245,2025-01-11,1232,2,Delivered,East,Apparel,FC-6,CUST-11267,Web,UPI,0,4
ORD-104246,2025-01-11,992,1,Returned,East,Home,FC-2,CUST-10802,App,UPI,0,4
ORD-104247,2025-01-11,244,1,Delivered,South,Grocery,FC-2,CUST-11268,Web,UPI,20,2
ORD-104248,2025-01-11,6147,5,Returned,West,Home,FC-3,CUST-11269,App,Card,0,3
ORD-104249,2025-01-11,1390,5,Delivered,South,Grocery,FC-8,CUST-10189,Web,UPI,92,4
ORD-104250,2025-01-11,438,1,Delivered,East,Beauty,FC-2,CUST-10215,App,Card,0,5
ORD-104251,2025-01-11,5459,2,Shipped,East,Electronics,FC-1,CUST-11145,Web,COD,0,
ORD-104252,2025-01-11,1435,3,Delivered,South,Beauty,FC-7,CUST-10541,App,COD,128,3
ORD-104253,2025-01-11,3783,4,Delivered,West,Home,FC-4,CUST-11270,App,COD,245,4
ORD-104254,2025-01-11,3275,4,Delivered,West,Home,FC-3,CUST-11121,Marketplace,UPI,0,3
ORD-104255,2025-01-11,1509,2,Delivered,West,Apparel,FC-5,CUST-11271,Web,Wallet,0,2
ORD-104256,2025-01-11,3651,4,Returned,West,Apparel,FC-1,CUST-11272,App,Wallet,0,4
ORD-104257,2025-01-11,1913,3,Delivered,North,Apparel,FC-5,CUST-10092,Marketplace,UPI,131,4
ORD-104258,2025-01-11,818,3,Delivered,North,Grocery,FC-7,CUST-10270,App,Card,0,3
ORD-104259,2025-01-11,863,1,Delivered,South,Home,FC-3,CUST-10285,Web,UPI,0,3
ORD-104260,2025-01-11,2450,2,Delivered,South,Home,FC-6,CUST-11273,Web,UPI,0,2
ORD-104261,2025-01-11,470,1,Cancelled,South,Beauty,FC-2,CUST-11274,Web,UPI,0,
ORD-104262,2025-01-11,679,4,Delivered,West,Grocery,FC-7,CUST-11275,Web,COD,0,3
ORD-104263,2025-01-11,5121,5,Delivered,North,Home,FC-6,CUST-11276,App,UPI,379,4
ORD-104264,2025-01-11,1566,3,Delivered,West,Apparel,FC-5,CUST-10942,Marketplace,UPI,0,4
ORD-104265,2025-01-11,742,1,Delivered,East,Apparel,FC-8,CUST-10403,Web,UPI,76,4
ORD-104266,2025-01-11,1056,2,Delivered,South,Apparel,FC-4,CUST-10521,Web,Wallet,56,5
ORD-104267,2025-01-11,766,1,Delivered,West,Home,FC-8,CUST-11277,App,UPI,0,3
ORD-104268,2025-01-11,697,1,Delivered,South,Home,FC-1,CUST-10248,App,UPI,44,3
ORD-104269,2025-01-11,784,1,Cancelled,South,Home,FC-1,CUST-11278,App,UPI,0,
ORD-104270,2025-01-11,2787,3,Delivered,West,Home,FC-8,CUST-11279,App,Card,0,4
ORD-104271,2025-01-12,2504,4,Delivered,South,Apparel,FC-1,CUST-10781,Web,Wallet,0,3
ORD-104272,2025-01-12,11213,4,Delivered,North,Electronics,FC-4,CUST-10349,Web,UPI,891,4
ORD-104273,2025-01-12,610,2,Delivered,North,Grocery,FC-1,CUST-11280,Marketplace,Card,0,3
ORD-104274,2025-01-12,13888,5,Delivered,East,Electronics,FC-4,CUST-10451,Web,COD,0,4
ORD-104275,2025-01-12,2129,1,Delivered,South,Electronics,FC-6,CUST-10807,App,UPI,235,2
ORD-104276,2025-01-12,228,1,Delivered,East,Grocery,FC-5,CUST-11281,Web,UPI,0,4
ORD-104277,2025-01-12,1538,5,Delivered,East,Grocery,FC-3,CUST-10752,App,UPI,0,5
ORD-104278,2025-01-12,4909,4,Delivered,West,Home,FC-8,CUST-11282,Web,COD,0,3
ORD-104279,2025-01-12,13210,5,Delivered,East,Electronics,FC-5,CUST-10199,Marketplace,UPI,0,5
ORD-104280,2025-01-12,14842,5,Returned,North,Electronics,FC-7,CUST-11140,Web,Card,0,3
ORD-104281,2025-01-12,359,1,Delivered,North,Beauty,FC-5,CUST-11283,App,UPI,35,4
ORD-104282,2025-01-12,874,1,Cancelled,South,Apparel,FC-2,CUST-10123,Marketplace,COD,0,
ORD-104283,2025-01-12,1933,3,Delivered,South,Apparel,FC-8,CUST-10612,Marketplace,UPI,0,4
ORD-104284,2025-01-12,332,1,Delivered,East,Beauty,FC-4,CUST-11123,App,UPI,0,5
ORD-104285,2025-01-12,3305,1,Delivered,South,Electronics,FC-4,CUST-10137,App,UPI,0,3
ORD-104286,2025-01-12,379,2,Cancelled,South,Grocery,FC-3,CUST-11284,App,UPI,0,
ORD-104287,2025-01-12,401,1,Delivered,East,Beauty,FC-7,CUST-10945,App,COD,0,5
ORD-104288,2025-01-12,531,2,Delivered,East,Grocery,FC-6,CUST-10906,Marketplace,UPI,0,5
ORD-104289,2025-01-12,1856,2,Delivered,North,Home,FC-2,CUST-10951,Marketplace,Card,0,4
ORD-104290,2025-01-12,778,4,Delivered,West,Grocery,FC-8,CUST-11285,App,UPI,0,3
ORD-104291,2025-01-12,538,1,Delivered,West,Beauty,FC-1,CUST-11286,Web,UPI,0,3
ORD-104292,2025-01-12,240,1,Cancelled,North,Grocery,FC-7,CUST-11268,App,UPI,22,
ORD-104293,2025-01-12,217,1,Delivered,East,Grocery,FC-6,CUST-10959,App,Card,0,4
ORD-104294,2025-01-12,3387,1,Delivered,North,Electronics,FC-2,CUST-11271,App,Card,0,2
ORD-104295,2025-01-12,887,1,Delivered,South,Home,FC-8,CUST-11040,Web,UPI,52,4
ORD-104296,2025-01-12,3364,4,Delivered,West,Apparel,FC-2,CUST-11287,App,UPI,0,4
ORD-104297,2025-01-12,1859,3,Delivered,West,Apparel,FC-3,CUST-11288,App,COD,162,3
ORD-104298,2025-01-12,9407,4,Returned,East,Electronics,FC-8,CUST-11087,Marketplace,COD,0,5
ORD-104299,2025-01-12,1013,1,Delivered,North,Home,FC-1,CUST-10928,Marketplace,Card,0,2
ORD-104300,2025-01-12,3228,1,Delivered,West,Electronics,FC-4,CUST-11289,Marketplace,UPI,0,4
ORD-104301,2025-01-12,6101,5,Delivered,East,Home,FC-3,CUST-10723,App,Card,0,4
ORD-104302,2025-01-12,520,1,Delivered,North,Beauty,FC-6,CUST-10174,App,COD,0,3
ORD-104303,2025-01-12,16242,5,Delivered,West,Electronics,FC-8,CUST-11290,App,UPI,0,3
ORD-104304,2025-01-12,647,3,Delivered,East,Grocery,FC-3,CUST-10133,Marketplace,UPI,0,4
ORD-104305,2025-01-12,671,2,Delivered,South,Beauty,FC-6,CUST-10500,Web,Card,68,4
ORD-104306,2025-01-12,350,1,Delivered,East,Beauty,FC-2,CUST-11016,Web,COD,33,4
ORD-104307,2025-01-12,2518,5,Delivered,East,Beauty,FC-4,CUST-11291,App,Card,196,4
ORD-104308,2025-01-12,684,1,Delivered,South,Apparel,FC-3,CUST-11064,App,COD,0,2
ORD-104309,2025-01-12,1299,3,Delivered,West,Beauty,FC-5,CUST-11065,App,Card,138,3
ORD-104310,2025-01-12,6741,3,Delivered,East,Electronics,FC-2,CUST-11219,Web,Card,0,4
ORD-104311,2025-01-12,1661,3,Delivered,West,Apparel,FC-2,CUST-10426,App,Card,0,2
ORD-104312,2025-01-12,682,1,Delivered,South,Home,FC-6,CUST-11292,Marketplace,UPI,0,2
ORD-104313,2025-01-12,1599,3,Cancelled,West,Apparel,FC-5,CUST-10080,Web,UPI,123,
ORD-104314,2025-01-12,445,2,Shipped,East,Grocery,FC-4,CUST-10236,App,UPI,0,
ORD-104315,2025-01-12,627,2,Delivered,East,Grocery,FC-5,CUST-11293,Marketplace,Card,0,4
ORD-104316,2025-01-12,854,5,Delivered,West,Grocery,FC-1,CUST-10383,Web,Card,63,2
ORD-104317,2025-01-12,845,3,Cancelled,South,Grocery,FC-7,CUST-11294,Marketplace,Card,0,
ORD-104318,2025-01-12,1353,2,Delivered,East,Apparel,FC-4,CUST-10663,Web,Card,0,5
ORD-104319,2025-01-12,1133,1,Delivered,North,Home,FC-1,CUST-11295,Web,UPI,0,4
ORD-104320,2025-01-12,1785,2,Delivered,East,Home,FC-5,CUST-10541,App,Card,110,5
ORD-104321,2025-01-12,210,1,Delivered,South,Grocery,FC-8,CUST-10727,App,UPI,0,3
ORD-104322,2025-01-12,507,2,Delivered,East,Grocery,FC-7,CUST-10502,Marketplace,Card,0,4
ORD-104323,2025-01-12,4023,4,Delivered,South,Home,FC-8,CUST-11296,App,UPI,368,3
ORD-104324,2025-01-12,13306,4,Delivered,East,Electronics,FC-3,CUST-11297,App,UPI,0,4
ORD-104325,2025-01-12,2035,1,Delivered,West,Electronics,FC-7,CUST-11110,App,COD,0,4
ORD-104326,2025-01-12,1072,2,Delivered,South,Apparel,FC-8,CUST-11298,Marketplace,UPI,77,3
ORD-104327,2025-01-12,1497,5,Delivered,West,Beauty,FC-8,CUST-10099,App,Card,0,3
ORD-104328,2025-01-12,1006,1,Delivered,West,Home,FC-2,CUST-10725,Web,UPI,111,3
ORD-104329,2025-01-12,3727,5,Delivered,West,Home,FC-6,CUST-11242,App,COD,232,2
ORD-104330,2025-01-12,366,2,Delivered,North,Grocery,FC-4,CUST-10281,App,UPI,28,5
ORD-104331,2025-01-12,681,3,Delivered,South,Grocery,FC-3,CUST-11162,Marketplace,UPI,63,3
ORD-104332,2025-01-12,996,2,Delivered,West,Beauty,FC-8,CUST-10152,Web,Wallet,85,3
ORD-104333,2025-01-12,12448,5,Delivered,North,Electronics,FC-4,CUST-11299,Web,COD,0,5
ORD-104334,2025-01-12,576,1,Delivered,West,Apparel,FC-4,CUST-11300,Marketplace,COD,0,4
ORD-104335,2025-01-12,2913,4,Delivered,South,Apparel,FC-1,CUST-10331,Web,COD,209,1
ORD-104336,2025-01-12,583,1,Delivered,East,Apparel,FC-5,CUST-11032,Web,UPI,64,5
ORD-104337,2025-01-12,377,2,Delivered,East,Grocery,FC-4,CUST-10284,App,COD,0,4
ORD-104338,2025-01-12,622,1,Shipped,North,Apparel,FC-8,CUST-10113,App,COD,0,
ORD-104339,2025-01-12,2041,1,Delivered,West,Electronics,FC-7,CUST-10927,App,UPI,139,4
ORD-104340,2025-01-12,423,2,Delivered,North,Grocery,FC-3,CUST-11067,Web,UPI,0,4
ORD-104341,2025-01-12,1113,3,Delivered,West,Beauty,FC-7,CUST-11061,Web,COD,122,4
ORD-104342,2025-01-12,1674,2,Returned,East,Home,FC-7,CUST-11117,App,COD,0,4
ORD-104343,2025-01-12,6201,3,Delivered,East,Electronics,FC-6,CUST-10634,App,Wallet,0,4
ORD-104344,2025-01-12,2162,1,Delivered,North,Electronics,FC-8,CUST-11301,Marketplace,Card,143,5
ORD-104345,2025-01-13,1063,2,Delivered,West,Beauty,FC-2,CUST-11302,Web,Card,0,4
ORD-104346,2025-01-13,9975,3,Delivered,South,Electronics,FC-4,CUST-11224,Web,Card,0,4
ORD-104347,2025-01-13,313,1,Delivered,East,Beauty,FC-6,CUST-10140,Web,Wallet,0,3
ORD-104348,2025-01-13,913,4,Delivered,East,Grocery,FC-5,CUST-10860,Marketplace,UPI,53,4
ORD-104349,2025-01-13,12260,4,Delivered,West,Electronics,FC-7,CUST-11303,App,UPI,724,4
ORD-104350,2025-01-13,794,2,Delivered,North,Beauty,FC-3,CUST-11146,Web,UPI,79,3
ORD-104351,2025-01-13,184,1,Delivered,East,Grocery,FC-7,CUST-10646,App,COD,12,4
ORD-104352,2025-01-13,13250,5,Returned,North,Electronics,FC-7,CUST-11304,Marketplace,UPI,0,4
ORD-104353,2025-01-13,461,1,Delivered,North,Beauty,FC-1,CUST-11187,App,Card,0,3
ORD-104354,2025-01-13,497,1,Delivered,West,Beauty,FC-5,CUST-11305,Web,Card,28,4
ORD-104355,2025-01-13,3594,3,Shipped,West,Home,FC-1,CUST-10387,Web,UPI,0,
ORD-104356,2025-01-13,295,1,Delivered,West,Grocery,FC-2,CUST-10932,Marketplace,UPI,0,4
ORD-104357,2025-01-13,5526,2,Delivered,South,Electronics,FC-6,CUST-10825,Marketplace,UPI,463,2
ORD-104358,2025-01-13,2463,1,Delivered,South,Electronics,FC-5,CUST-10176,Marketplace,UPI,264,4
ORD-104359,2025-01-13,990,2,Delivered,South,Beauty,FC-8,CUST-10725,App,COD,0,4
ORD-104360,2025-01-13,1710,2,Cancelled,South,Home,FC-3,CUST-10656,Marketplace,UPI,0,
ORD-104361,2025-01-13,499,1,Returned,West,Apparel,FC-2,CUST-11306,App,Wallet,0,3
ORD-104362,2025-01-13,689,1,Cancelled,West,Home,FC-4,CUST-10887,Web,Card,42,
ORD-104363,2025-01-13,1572,5,Delivered,East,Beauty,FC-8,CUST-11286,Marketplace,COD,146,5
ORD-104364,2025-01-13,1540,2,Delivered,South,Apparel,FC-2,CUST-10398,App,COD,0,3
ORD-104365,2025-01-13,800,1,Delivered,South,Apparel,FC-5,CUST-11307,Marketplace,UPI,0,3
ORD-104366,2025-01-13,1623,3,Delivered,South,Beauty,FC-1,CUST-10987,Web,Card,0,2
ORD-104367,2025-01-13,695,1,Delivered,East,Apparel,FC-3,CUST-11308,Web,UPI,72,3
ORD-104368,2025-01-13,1665,2,Delivered,North,Home,FC-3,CUST-10167,Marketplace,UPI,102,4
ORD-104369,2025-01-13,3658,3,Cancelled,South,Home,FC-1,CUST-10301,Marketplace,COD,0,
ORD-104370,2025-01-13,575,1,Delivered,South,Apparel,FC-3,CUST-11096,Marketplace,Card,0,4
ORD-104371,2025-01-13,794,3,Delivered,South,Grocery,FC-5,CUST-11309,Marketplace,Card,0,2
ORD-104372,2025-01-13,2764,4,Cancelled,West,Home,FC-1,CUST-11310,Web,UPI,0,
ORD-104373,2025-01-13,1557,5,Delivered,South,Grocery,FC-4,CUST-10284,App,COD,0,3
ORD-104374,2025-01-13,555,1,Delivered,South,Apparel,FC-7,CUST-11311,Web,Wallet,0,2
ORD-104375,2025-01-13,1048,2,Returned,East,Apparel,FC-1,CUST-11312,App,COD,0,3
ORD-104376,2025-01-13,4767,4,Delivered,West,Home,FC-4,CUST-10963,App,COD,0,4
ORD-104377,2025-01-13,11462,4,Delivered,West,Electronics,FC-7,CUST-11313,App,Wallet,0,4
ORD-104378,2025-01-13,851,1,Delivered,South,Apparel,FC-6,CUST-11314,Marketplace,UPI,0,3
ORD-104379,2025-01-13,2001,3,Delivered,North,Apparel,FC-3,CUST-10126,Web,COD,0,4
ORD-104380,2025-01-13,784,4,Shipped,East,Grocery,FC-7,CUST-11315,Marketplace,UPI,0,
ORD-104381,2025-01-13,424,2,Returned,West,Grocery,FC-2,CUST-11015,Web,Card,30,3
ORD-104382,2025-01-13,1937,3,Delivered,West,Apparel,FC-2,CUST-11316,Web,Card,0,2
ORD-104383,2025-01-13,687,3,Delivered,North,Grocery,FC-8,CUST-10699,Marketplace,UPI,0,4
ORD-104384,2025-01-13,181,1,Delivered,South,Grocery,FC-2,CUST-11317,Web,Card,16,4
ORD-104385,2025-01-13,1415,2,Returned,North,Home,FC-3,CUST-10427,Marketplace,Wallet,0,3
ORD-104386,2025-01-13,2678,1,Delivered,South,Electronics,FC-8,CUST-11318,Web,UPI,294,4
ORD-104387,2025-01-13,2139,5,Delivered,North,Beauty,FC-2,CUST-11319,Marketplace,UPI,0,4
ORD-104388,2025-01-13,975,5,Delivered,East,Grocery,FC-5,CUST-10600,App,Card,0,4
ORD-104389,2025-01-13,1382,2,Delivered,West,Home,FC-6,CUST-11320,Web,COD,0,3
ORD-104390,2025-01-13,696,1,Delivered,South,Home,FC-4,CUST-10556,Marketplace,Wallet,0,4
ORD-104391,2025-01-13,1371,2,Delivered,South,Home,FC-1,CUST-10444,App,UPI,99,3
ORD-104392,2025-01-13,1580,3,Delivered,North,Apparel,FC-2,CUST-11321,Web,COD,103,3
ORD-104393,2025-01-13,1091,4,Delivered,North,Grocery,FC-7,CUST-11002,Web,UPI,0,3
ORD-104394,2025-01-13,687,2,Delivered,West,Beauty,FC-4,CUST-11015,App,Card,0,4
ORD-104395,2025-01-13,405,1,Returned,North,Beauty,FC-2,CUST-10539,App,UPI,0,2
ORD-104396,2025-01-13,854,1,Cancelled,West,Home,FC-1,CUST-11305,App,Wallet,0,
ORD-104397,2025-01-13,382,2,Delivered,North,Grocery,FC-7,CUST-11322,App,UPI,30,3
ORD-104398,2025-01-13,343,2,Delivered,South,Grocery,FC-7,CUST-10558,Web,Wallet,19,4
ORD-104399,2025-01-13,1159,3,Delivered,West,Beauty,FC-7,CUST-11323,App,UPI,126,3
ORD-104400,2025-01-13,1139,3,Delivered,South,Beauty,FC-4,CUST-10748,App,Card,0,3
ORD-104401,2025-01-13,2805,1,Delivered,South,Electronics,FC-2,CUST-10769,App,Card,296,3
ORD-104402,2025-01-13,1072,2,Delivered,East,Apparel,FC-1,CUST-10133,Web,COD,0,5
ORD-104403,2025-01-13,1549,5,Delivered,South,Beauty,FC-2,CUST-10613,Web,Card,0,2
ORD-104404,2025-01-13,856,2,Delivered,North,Beauty,FC-5,CUST-10078,App,Card,65,3
ORD-104405,2025-01-13,922,3,Cancelled,North,Grocery,FC-8,CUST-11324,App,UPI,0,
ORD-104406,2025-01-13,6142,2,Delivered,South,Electronics,FC-2,CUST-11325,Marketplace,Card,0,2
ORD-104407,2025-01-13,3133,1,Delivered,North,Electronics,FC-7,CUST-11326,App,Card,259,3
ORD-104408,2025-01-13,417,1,Returned,East,Beauty,FC-4,CUST-11059,Marketplace,COD,0,5
ORD-104409,2025-01-13,709,1,Shipped,North,Home,FC-4,CUST-10649,App,UPI,64,
ORD-104410,2025-01-14,2340,3,Delivered,West,Apparel,FC-1,CUST-11327,App,COD,0,3
ORD-104411,2025-01-14,1299,4,Delivered,South,Beauty,FC-7,CUST-10743,Web,UPI,0,4
ORD-104412,2025-01-14,972,1,Shipped,West,Home,FC-7,CUST-11201,Marketplace,COD,0,
ORD-104413,2025-01-14,1219,1,Delivered,South,Home,FC-7,CUST-11328,Web,UPI,0,4
ORD-104414,2025-01-14,3450,4,Delivered,South,Home,FC-8,CUST-10784,Web,UPI,0,3
ORD-104415,2025-01-14,446,1,Delivered,East,Beauty,FC-4,CUST-11274,App,UPI,43,4
ORD-104416,2025-01-14,948,1,Delivered,East,Home,FC-1,CUST-10126,Web,COD,52,5
ORD-104417,2025-01-14,3881,2,Returned,West,Electronics,FC-7,CUST-10923,Marketplace,UPI,0,3
ORD-104418,2025-01-14,2546,4,Delivered,North,Apparel,FC-2,CUST-10295,App,COD,184,3
ORD-104419,2025-01-14,2375,1,Returned,South,Electronics,FC-2,CUST-10154,App,Wallet,210,2
ORD-104420,2025-01-14,736,4,Cancelled,East,Grocery,FC-5,CUST-11329,App,COD,0,
ORD-104421,2025-01-14,2465,5,Delivered,East,Beauty,FC-2,CUST-10311,App,Wallet,190,3
ORD-104422,2025-01-14,1029,3,Delivered,South,Beauty,FC-5,CUST-10505,Web,Wallet,86,4
ORD-104423,2025-01-14,571,2,Delivered,North,Grocery,FC-3,CUST-10954,App,Card,0,3
ORD-104424,2025-01-14,1057,4,Delivered,West,Grocery,FC-2,CUST-10970,App,UPI,0,2
ORD-104425,2025-01-14,13636,5,Delivered,East,Electronics,FC-1,CUST-10381,Web,COD,0,4
ORD-104426,2025-01-14,1940,1,Delivered,North,Electronics,FC-6,CUST-10158,Web,Card,0,3
ORD-104427,2025-01-14,2281,1,Delivered,North,Electronics,FC-1,CUST-10330,Web,UPI,0,3
ORD-104428,2025-01-14,673,3,Delivered,West,Grocery,FC-2,CUST-11330,Web,Wallet,0,3
ORD-104429,2025-01-14,476,1,Delivered,East,Beauty,FC-4,CUST-10383,Web,Card,0,4
ORD-104430,2025-01-14,424,2,Delivered,South,Grocery,FC-7,CUST-10466,App,UPI,0,3
ORD-104431,2025-01-14,3301,4,Delivered,West,Apparel,FC-1,CUST-10326,App,UPI,291,3
ORD-104432,2025-01-14,330,1,Cancelled,West,Beauty,FC-6,CUST-11047,Web,Card,0,
ORD-104433,2025-01-14,4665,2,Delivered,East,Electronics,FC-8,CUST-10039,Marketplace,UPI,398,4
ORD-104434,2025-01-14,5078,5,Delivered,North,Home,FC-4,CUST-10701,Web,Wallet,0,4
ORD-104435,2025-01-14,1675,5,Cancelled,East,Beauty,FC-6,CUST-10690,Web,COD,119,
ORD-104436,2025-01-14,5470,5,Delivered,North,Home,FC-6,CUST-10066,App,Wallet,0,2
ORD-104437,2025-01-14,3070,3,Delivered,East,Home,FC-7,CUST-10317,Web,Card,219,5
ORD-104438,2025-01-14,746,1,Delivered,North,Apparel,FC-1,CUST-10120,App,Card,61,4
ORD-104439,2025-01-14,419,2,Shipped,West,Grocery,FC-8,CUST-11156,App,UPI,0,
ORD-104440,2025-01-14,5553,3,Delivered,South,Electronics,FC-2,CUST-10495,App,Card,0,3
ORD-104441,2025-01-14,2642,1,Delivered,North,Electronics,FC-6,CUST-10642,Web,UPI,0,3
ORD-104442,2025-01-14,794,3,Delivered,North,Grocery,FC-8,CUST-11331,Marketplace,UPI,77,3
ORD-104443,2025-01-14,4079,4,Cancelled,West,Home,FC-1,CUST-10906,App,COD,0,
ORD-104444,2025-01-14,595,2,Delivered,East,Grocery,FC-3,CUST-11332,Marketplace,UPI,0,4
ORD-104445,2025-01-14,829,1,Returned,North,Apparel,FC-2,CUST-10518,App,COD,0,3
ORD-104446,2025-01-14,2261,2,Delivered,South,Home,FC-4,CUST-10802,App,UPI,0,3
ORD-104447,2025-01-14,3428,2,Delivered,East,Electronics,FC-1,CUST-11106,Web,COD,319,3
ORD-104448,2025-01-14,2601,3,Delivered,North,Home,FC-5,CUST-11333,App,COD,0,3
ORD-104449,2025-01-14,690,1,Shipped,West,Apparel,FC-8,CUST-11276,Marketplace,COD,65,
ORD-104450,2025-01-14,310,1,Delivered,West,Grocery,FC-5,CUST-11232,Web,UPI,0,3
ORD-104451,2025-01-14,921,1,Delivered,West,Home,FC-4,CUST-11067,Marketplace,UPI,0,5
ORD-104452,2025-01-14,589,1,Delivered,East,Apparel,FC-3,CUST-11334,App,COD,0,4
ORD-104453,2025-01-14,500,2,Delivered,South,Grocery,FC-2,CUST-11255,App,Card,45,3
ORD-104454,2025-01-14,2645,1,Delivered,West,Electronics,FC-5,CUST-10801,App,UPI,0,4
ORD-104455,2025-01-14,159,1,Delivered,East,Grocery,FC-7,CUST-11219,Marketplace,COD,12,4
ORD-104456,2025-01-14,259,1,Delivered,North,Grocery,FC-2,CUST-11335,Marketplace,UPI,0,3
ORD-104457,2025-01-14,568,2,Delivered,West,Beauty,FC-7,CUST-11336,Web,UPI,44,4
ORD-104458,2025-01-14,6016,2,Delivered,East,Electronics,FC-7,CUST-10165,App,Wallet,0,4
ORD-104459,2025-01-14,3757,5,Delivered,South,Apparel,FC-7,CUST-10469,App,UPI,226,4
ORD-104460,2025-01-14,538,1,Delivered,East,Apparel,FC-4,CUST-11337,Marketplace,Wallet,0,4
ORD-104461,2025-01-14,2676,1,Delivered,West,Electronics,FC-4,CUST-10975,Marketplace,COD,0,4
ORD-104462,2025-01-14,198,1,Delivered,East,Grocery,FC-7,CUST-11338,App,UPI,0,5
ORD-104463,2025-01-14,8819,3,Delivered,South,Electronics,FC-6,CUST-11339,Marketplace,Card,0,2
ORD-104464,2025-01-14,2308,2,Delivered,East,Home,FC-7,CUST-10381,App,COD,136,5
ORD-104465,2025-01-14,4197,2,Delivered,North,Electronics,FC-5,CUST-10681,Web,UPI,360,4
ORD-104466,2025-01-14,1534,5,Delivered,South,Beauty,FC-7,CUST-11257,Marketplace,COD,0,4
ORD-104467,2025-01-14,1122,1,Delivered,South,Home,FC-8,CUST-10592,App,UPI,0,3
ORD-104468,2025-01-14,3345,1,Cancelled,South,Electronics,FC-3,CUST-11340,App,Card,0,
ORD-104469,2025-01-14,1506,2,Delivered,West,Apparel,FC-3,CUST-11290,App,UPI,161,3
ORD-104470,2025-01-14,2938,5,Delivered,North,Apparel,FC-7,CUST-10079,App,COD,0,4
ORD-104471,2025-01-14,1078,2,Returned,East,Apparel,FC-1,CUST-10685,App,UPI,0,3
ORD-104472,2025-01-14,756,3,Delivered,North,Grocery,FC-6,CUST-11123,App,UPI,0,4
ORD-104473,2025-01-14,608,2,Delivered,North,Grocery,FC-7,CUST-10556,App,UPI,0,4
ORD-104474,2025-01-14,1119,1,Cancelled,East,Home,FC-2,CUST-10053,Web,COD,0,
ORD-104475,2025-01-14,1829,4,Delivered,East,Beauty,FC-8,CUST-10787,Marketplace,COD,0,4
ORD-104476,2025-01-14,573,2,Returned,West,Grocery,FC-5,CUST-10609,Marketplace,UPI,0,4
ORD-104477,2025-01-14,6340,2,Delivered,West,Electronics,FC-4,CUST-10311,Web,Card,0,4
ORD-104478,2025-01-14,3859,5,Delivered,East,Apparel,FC-1,CUST-11300,Web,Wallet,0,4
ORD-104479,2025-01-14,8615,3,Delivered,East,Electronics,FC-6,CUST-11056,Marketplace,COD,741,4
ORD-104480,2025-01-14,1236,4,Delivered,North,Beauty,FC-6,CUST-11188,App,COD,84,4
ORD-104481,2025-01-14,309,1,Delivered,North,Beauty,FC-6,CUST-10061,App,UPI,0,2
ORD-104482,2025-01-14,10743,4,Delivered,South,Electronics,FC-1,CUST-11256,Web,COD,0,1
ORD-104483,2025-01-14,912,1,Cancelled,South,Apparel,FC-8,CUST-10170,App,COD,0,
ORD-104484,2025-01-14,1508,3,Delivered,East,Apparel,FC-4,CUST-10394,Marketplace,Wallet,144,4
ORD-104485,2025-01-14,13530,4,Delivered,East,Electronics,FC-7,CUST-10911,App,UPI,0,5
ORD-104486,2025-01-14,1564,2,Cancelled,North,Apparel,FC-1,CUST-11029,Web,Card,165,
ORD-104487,2025-01-14,373,1,Delivered,North,Beauty,FC-4,CUST-11094,App,UPI,0,5
ORD-104488,2025-01-14,480,2,Returned,North,Grocery,FC-1,CUST-10596,Web,Wallet,0,3
ORD-104489,2025-01-15,188,1,Delivered,West,Grocery,FC-6,CUST-10264,App,Card,0,3
ORD-104490,2025-01-15,1661,3,Delivered,East,Apparel,FC-4,CUST-10811,Web,Card,118,5
ORD-104491,2025-01-15,735,3,Delivered,North,Grocery,FC-4,CUST-11341,Web,UPI,0,5
ORD-104492,2025-01-15,477,1,Delivered,West,Apparel,FC-5,CUST-10858,Marketplace,Card,26,4
ORD-104493,2025-01-15,1463,5,Cancelled,East,Beauty,FC-3,CUST-11342,Marketplace,COD,145,
ORD-104494,2025-01-15,795,2,Delivered,North,Beauty,FC-8,CUST-11343,App,COD,0,5
ORD-104495,2025-01-15,1874,1,Delivered,South,Electronics,FC-5,CUST-10806,App,Card,0,3
ORD-104496,2025-01-15,1231,2,Cancelled,East,Apparel,FC-8,CUST-11198,Marketplace,COD,0,
ORD-104497,2025-01-15,1644,3,Cancelled,North,Apparel,FC-6,CUST-10811,Web,UPI,115,
ORD-104498,2025-01-15,4396,4,Delivered,South,Home,FC-5,CUST-11027,Web,Card,0,4
ORD-104499,2025-01-15,828,1,Delivered,East,Home,FC-5,CUST-10005,App,Card,0,3
ORD-104500,2025-01-15,308,1,Delivered,North,Beauty,FC-2,CUST-11264,Web,UPI,0,3
ORD-104501,2025-01-15,273,1,Delivered,West,Grocery,FC-1,CUST-11290,App,COD,28,3
ORD-104502,2025-01-15,1210,1,Delivered,West,Home,FC-3,CUST-10270,App,Card,0,2
ORD-104503,2025-01-15,2222,2,Cancelled,South,Home,FC-7,CUST-10114,Marketplace,COD,0,
ORD-104504,2025-01-15,518,1,Delivered,North,Apparel,FC-1,CUST-10819,Marketplace,Wallet,0,2
ORD-104505,2025-01-15,3466,3,Delivered,South,Home,FC-8,CUST-10065,Web,UPI,238,3
ORD-104506,2025-01-15,177,1,Delivered,West,Grocery,FC-5,CUST-11056,Web,COD,0,3
ORD-104507,2025-01-15,788,2,Delivered,East,Beauty,FC-6,CUST-11092,App,UPI,56,4
ORD-104508,2025-01-15,845,4,Returned,North,Grocery,FC-6,CUST-11294,Marketplace,Card,0,2
ORD-104509,2025-01-15,5254,2,Delivered,East,Electronics,FC-5,CUST-11344,App,COD,0,5
ORD-104510,2025-01-15,1007,1,Delivered,North,Home,FC-8,CUST-11271,App,COD,0,4
ORD-104511,2025-01-15,513,1,Cancelled,North,Beauty,FC-3,CUST-11207,App,COD,31,
ORD-104512,2025-01-15,203,1,Delivered,West,Grocery,FC-8,CUST-10016,Marketplace,Wallet,0,4
ORD-104513,2025-01-15,2016,4,Delivered,West,Beauty,FC-3,CUST-11345,Web,COD,0,2
ORD-104514,2025-01-15,1899,3,Delivered,North,Apparel,FC-2,CUST-10174,Web,UPI,0,3
ORD-104515,2025-01-15,313,1,Delivered,West,Beauty,FC-7,CUST-11293,App,Wallet,0,4
ORD-104516,2025-01-15,256,1,Returned,South,Grocery,FC-8,CUST-10756,App,COD,0,3
ORD-104517,2025-01-15,245,1,Cancelled,North,Grocery,FC-6,CUST-10556,Marketplace,Card,14,
ORD-104518,2025-01-15,223,1,Delivered,East,Grocery,FC-5,CUST-11346,App,UPI,0,3
ORD-104519,2025-01-15,650,1,Delivered,South,Apparel,FC-7,CUST-10801,App,UPI,41,3
ORD-104520,2025-01-15,8980,3,Cancelled,North,Electronics,FC-5,CUST-11347,Marketplace,Card,571,
ORD-104521,2025-01-15,596,2,Delivered,South,Grocery,FC-8,CUST-10037,App,UPI,0,4
ORD-104522,2025-01-15,659,1,Delivered,East,Apparel,FC-2,CUST-10978,Web,UPI,0,4
ORD-104523,2025-01-15,8869,3,Returned,West,Electronics,FC-2,CUST-11348,App,Card,0,3
ORD-104524,2025-01-15,2820,3,Delivered,North,Home,FC-7,CUST-11349,Marketplace,UPI,312,4
ORD-104525,2025-01-15,617,2,Delivered,North,Grocery,FC-1,CUST-11350,Web,Card,0,3
ORD-104526,2025-01-15,1763,2,Delivered,South,Apparel,FC-7,CUST-11351,Web,COD,0,3
ORD-104527,2025-01-15,8609,4,Delivered,South,Electronics,FC-6,CUST-10124,Web,Card,610,2
ORD-104528,2025-01-15,1199,5,Delivered,South,Grocery,FC-6,CUST-11084,Marketplace,Wallet,0,2
ORD-104529,2025-01-15,1903,4,Delivered,North,Beauty,FC-5,CUST-10248,Web,Card,0,3
ORD-104530,2025-01-15,188,1,Delivered,North,Grocery,FC-6,CUST-10444,App,COD,17,2
ORD-104531,2025-01-15,692,1,Delivered,East,Apparel,FC-8,CUST-11352,Web,COD,0,5
ORD-104532,2025-01-15,2000,4,Delivered,South,Beauty,FC-1,CUST-10355,App,UPI,127,1
ORD-104533,2025-01-15,2579,3,Delivered,East,Apparel,FC-1,CUST-10441,App,COD,0,4
ORD-104534,2025-01-15,757,4,Delivered,North,Grocery,FC-4,CUST-11281,Marketplace,COD,81,5
ORD-104535,2025-01-15,297,1,Pending,North,Grocery,FC-8,CUST-11353,Web,UPI,0,
ORD-104536,2025-01-15,397,2,Delivered,North,Grocery,FC-7,CUST-11187,App,Card,43,4
ORD-104537,2025-01-15,1462,2,Delivered,South,Home,FC-6,CUST-11354,App,UPI,0,3
ORD-104538,2025-01-15,4848,2,Shipped,East,Electronics,FC-7,CUST-11108,Marketplace,UPI,338,
ORD-104539,2025-01-15,1676,2,Delivered,East,Home,FC-8,CUST-10736,Marketplace,COD,0,4
ORD-104540,2025-01-15,660,1,Delivered,East,Apparel,FC-7,CUST-11145,App,Card,0,4
ORD-104541,2025-01-15,399,1,Returned,North,Beauty,FC-2,CUST-10009,Web,Card,0,3
ORD-104542,2025-01-15,2626,4,Delivered,East,Apparel,FC-8,CUST-11189,App,COD,0,4
ORD-104543,2025-01-15,724,1,Delivered,East,Apparel,FC-2,CUST-11355,Web,UPI,46,4
ORD-104544,2025-01-15,1565,3,Delivered,North,Apparel,FC-1,CUST-11356,App,Card,84,3
ORD-104545,2025-01-15,1142,3,Returned,East,Beauty,FC-5,CUST-11357,Marketplace,UPI,0,3
ORD-104546,2025-01-15,519,3,Cancelled,West,Grocery,FC-4,CUST-11358,App,UPI,0,
ORD-104547,2025-01-15,1388,2,Delivered,East,Apparel,FC-7,CUST-11359,Web,Card,0,4
ORD-104548,2025-01-15,2064,3,Delivered,South,Home,FC-2,CUST-10422,Marketplace,Wallet,127,3
ORD-104549,2025-01-15,5169,2,Delivered,South,Electronics,FC-7,CUST-11360,Web,UPI,0,2
ORD-104550,2025-01-15,783,2,Delivered,South,Beauty,FC-3,CUST-11361,Web,Wallet,0,3
ORD-104551,2025-01-15,638,2,Delivered,North,Beauty,FC-5,CUST-10957,Web,COD,39,3
ORD-104552,2025-01-15,2414,2,Delivered,South,Home,FC-6,CUST-10653,Web,Card,0,2
ORD-104553,2025-01-15,11644,5,Delivered,North,Electronics,FC-1,CUST-11362,Web,COD,0,3
ORD-104554,2025-01-15,3375,4,Delivered,South,Apparel,FC-5,CUST-11363,Marketplace,Card,0,2
ORD-104555,2025-01-15,2646,3,Delivered,North,Apparel,FC-3,CUST-10868,Web,Card,0,3
ORD-104556,2025-01-15,1221,1,Delivered,North,Home,FC-4,CUST-10054,Marketplace,UPI,0,5
ORD-104557,2025-01-15,1537,2,Returned,North,Apparel,FC-1,CUST-11062,Web,Card,0,2
ORD-104558,2025-01-15,627,2,Delivered,South,Beauty,FC-1,CUST-10516,App,COD,0,3
ORD-104559,2025-01-15,1371,2,Delivered,North,Apparel,FC-2,CUST-11182,Marketplace,Card,115,4
ORD-104560,2025-01-15,2446,4,Delivered,East,Apparel,FC-2,CUST-11364,Web,UPI,0,3
ORD-104561,2025-01-15,1316,2,Returned,East,Apparel,FC-6,CUST-10998,App,Wallet,0,5
ORD-104562,2025-01-15,1090,2,Delivered,East,Apparel,FC-4,CUST-11365,Web,Card,0,4
ORD-104563,2025-01-15,2026,3,Returned,East,Apparel,FC-7,CUST-11365,Marketplace,UPI,0,4
ORD-104564,2025-01-15,3070,1,Cancelled,East,Electronics,FC-4,CUST-10394,Web,UPI,195,
ORD-104565,2025-01-15,446,2,Delivered,North,Grocery,FC-2,CUST-10828,App,UPI,0,3
ORD-104566,2025-01-15,923,2,Delivered,North,Beauty,FC-7,CUST-10340,Marketplace,Wallet,0,4
ORD-104567,2025-01-15,2227,3,Returned,East,Home,FC-6,CUST-11229,Web,COD,209,3
ORD-104568,2025-01-15,2014,4,Delivered,North,Beauty,FC-1,CUST-11040,Web,Card,0,3
ORD-104569,2025-01-15,1747,2,Cancelled,West,Apparel,FC-6,CUST-10840,Web,UPI,0,
ORD-104570,2025-01-15,3153,3,Delivered,East,Home,FC-2,CUST-11366,Marketplace,UPI,0,3
ORD-104571,2025-01-15,1012,1,Delivered,West,Home,FC-5,CUST-11367,App,UPI,91,3
ORD-104572,2025-01-15,6742,2,Delivered,West,Electronics,FC-1,CUST-11338,Web,UPI,0,3
ORD-104573,2025-01-15,6177,3,Cancelled,West,Electronics,FC-1,CUST-10288,Marketplace,COD,0,
ORD-104574,2025-01-16,4282,2,Delivered,West,Electronics,FC-6,CUST-10749,App,COD,0,3
ORD-104575,2025-01-16,670,1,Delivered,South,Home,FC-6,CUST-10538,App,UPI,0,3
ORD-104576,2025-01-16,2281,2,Delivered,West,Home,FC-3,CUST-10356,App,UPI,0,4
ORD-104577,2025-01-16,431,1,Delivered,West,Beauty,FC-8,CUST-11368,Web,UPI,0,4
ORD-104578,2025-01-16,904,1,Delivered,West,Apparel,FC-4,CUST-10644,App,COD,0,3
ORD-104579,2025-01-16,827,2,Delivered,South,Beauty,FC-8,CUST-10687,Web,Card,58,4
ORD-104580,2025-01-16,12297,4,Delivered,South,Electronics,FC-6,CUST-10168,App,Card,0,3
ORD-104581,2025-01-16,9983,4,Shipped,North,Electronics,FC-8,CUST-11369,Web,Wallet,744,
ORD-104582,2025-01-16,1006,1,Delivered,East,Home,FC-4,CUST-11182,App,UPI,107,5
ORD-104583,2025-01-16,1187,5,Delivered,East,Grocery,FC-8,CUST-10443,App,Card,119,4
ORD-104584,2025-01-16,2595,3,Delivered,West,Apparel,FC-1,CUST-10757,App,Wallet,0,3
ORD-104585,2025-01-16,3451,4,Delivered,East,Apparel,FC-8,CUST-10427,Web,COD,0,3
ORD-104586,2025-01-16,1013,2,Delivered,South,Apparel,FC-8,CUST-11370,App,UPI,0,4
ORD-104587,2025-01-16,2389,5,Delivered,West,Beauty,FC-5,CUST-10479,App,Card,161,3
ORD-104588,2025-01-16,10879,4,Delivered,North,Electronics,FC-7,CUST-10179,Marketplace,UPI,0,5
ORD-104589,2025-01-16,490,3,Delivered,East,Grocery,FC-8,CUST-11371,App,COD,47,4
ORD-104590,2025-01-16,587,3,Delivered,East,Grocery,FC-4,CUST-11372,Marketplace,UPI,51,4
ORD-104591,2025-01-16,1101,4,Delivered,North,Grocery,FC-7,CUST-10579,Web,COD,0,4
ORD-104592,2025-01-16,7219,3,Delivered,West,Electronics,FC-2,CUST-10174,App,Card,0,4
ORD-104593,2025-01-16,10375,4,Delivered,East,Electronics,FC-3,CUST-10850,Marketplace,Wallet,0,4
ORD-104594,2025-01-16,2141,2,Delivered,East,Home,FC-2,CUST-11373,Marketplace,UPI,208,5
ORD-104595,2025-01-16,462,1,Delivered,North,Apparel,FC-3,CUST-10635,Web,COD,31,3
ORD-104596,2025-01-16,1737,4,Delivered,North,Beauty,FC-6,CUST-11374,Web,UPI,140,3
ORD-104597,2025-01-16,733,1,Delivered,West,Home,FC-3,CUST-10809,App,Wallet,0,4
ORD-104598,2025-01-16,1343,2,Delivered,South,Apparel,FC-6,CUST-10965,App,UPI,97,3
ORD-104599,2025-01-16,777,4,Delivered,West,Grocery,FC-1,CUST-11098,Web,Card,0,2
ORD-104600,2025-01-16,1067,2,Delivered,North,Beauty,FC-5,CUST-11375,App,Card,0,3
ORD-104601,2025-01-16,1093,3,Delivered,South,Beauty,FC-5,CUST-11376,App,UPI,110,4
ORD-104602,2025-01-16,876,1,Delivered,West,Apparel,FC-7,CUST-11242,Marketplace,UPI,0,3
ORD-104603,2025-01-16,1675,2,Delivered,South,Apparel,FC-2,CUST-11377,App,Card,0,3
ORD-104604,2025-01-16,1461,2,Delivered,North,Home,FC-3,CUST-11378,App,UPI,0,3
ORD-104605,2025-01-16,529,1,Delivered,North,Apparel,FC-7,CUST-11375,App,Wallet,0,3
ORD-104606,2025-01-16,554,3,Delivered,South,Grocery,FC-8,CUST-11379,Marketplace,COD,0,2
ORD-104607,2025-01-16,538,1,Delivered,West,Beauty,FC-4,CUST-11380,Marketplace,Card,0,4
ORD-104608,2025-01-16,8794,4,Returned,East,Electronics,FC-3,CUST-11381,App,COD,585,4
ORD-104609,2025-01-16,974,2,Delivered,West,Beauty,FC-8,CUST-10388,Marketplace,COD,85,4
ORD-104610,2025-01-16,466,2,Delivered,West,Grocery,FC-1,CUST-11290,App,COD,0,2
ORD-104611,2025-01-16,681,1,Delivered,South,Home,FC-8,CUST-10117,Web,UPI,67,4
ORD-104612,2025-01-16,1393,5,Delivered,South,Grocery,FC-3,CUST-11179,Marketplace,UPI,0,4
ORD-104613,2025-01-16,1021,2,Delivered,West,Apparel,FC-2,CUST-11012,App,Wallet,0,3
ORD-104614,2025-01-16,286,1,Delivered,East,Grocery,FC-8,CUST-10102,App,Wallet,0,5
ORD-104615,2025-01-16,579,3,Delivered,South,Grocery,FC-4,CUST-11382,Web,Card,0,4
ORD-104616,2025-01-16,483,2,Delivered,East,Grocery,FC-7,CUST-10125,Web,UPI,0,5
ORD-104617,2025-01-16,4260,2,Delivered,West,Electronics,FC-6,CUST-11326,App,Card,0,2
ORD-104618,2025-01-16,1160,4,Delivered,South,Grocery,FC-4,CUST-11067,Web,UPI,88,4
ORD-104619,2025-01-16,217,1,Delivered,East,Grocery,FC-1,CUST-11267,Web,Card,17,3
ORD-104620,2025-01-16,2335,2,Delivered,East,Home,FC-5,CUST-10630,Web,UPI,0,5
ORD-104621,2025-01-16,1034,2,Cancelled,West,Beauty,FC-2,CUST-11194,Marketplace,Wallet,0,
ORD-104622,2025-01-16,882,5,Delivered,South,Grocery,FC-4,CUST-10195,App,UPI,91,4
ORD-104623,2025-01-16,1784,3,Delivered,North,Apparel,FC-7,CUST-10653,Marketplace,Card,0,3
ORD-104624,2025-01-16,318,1,Delivered,West,Beauty,FC-1,CUST-11383,Web,UPI,32,3
ORD-104625,2025-01-16,1077,4,Delivered,East,Grocery,FC-2,CUST-11384,App,Card,104,4
ORD-104626,2025-01-16,1659,2,Delivered,East,Home,FC-1,CUST-10486,App,UPI,0,4
ORD-104627,2025-01-16,474,1,Delivered,South,Beauty,FC-6,CUST-11385,App,Card,40,2
ORD-104628,2025-01-16,478,1,Delivered,South,Beauty,FC-4,CUST-10390,App,Card,0,3
ORD-104629,2025-01-16,570,1,Delivered,North,Apparel,FC-6,CUST-11386,Web,Card,0,4
ORD-104630,2025-01-16,1418,5,Delivered,South,Grocery,FC-2,CUST-11387,Web,UPI,0,3
ORD-104631,2025-01-16,6836,3,Cancelled,West,Electronics,FC-3,CUST-10236,App,COD,0,
ORD-104632,2025-01-16,538,1,Delivered,East,Apparel,FC-6,CUST-11064,Web,Card,0,4
ORD-104633,2025-01-16,568,1,Delivered,North,Apparel,FC-5,CUST-11161,Web,Wallet,60,4
ORD-104634,2025-01-16,196,1,Delivered,East,Grocery,FC-6,CUST-10610,Web,Card,14,3
ORD-104635,2025-01-16,1671,2,Delivered,West,Home,FC-4,CUST-11026,Web,Wallet,0,3
ORD-104636,2025-01-16,1484,2,Delivered,West,Apparel,FC-5,CUST-10928,Web,COD,157,2
ORD-104637,2025-01-16,670,1,Delivered,North,Home,FC-8,CUST-11358,Web,COD,47,3
ORD-104638,2025-01-16,512,1,Delivered,North,Beauty,FC-5,CUST-11011,App,Card,0,2
ORD-104639,2025-01-16,5378,2,Cancelled,West,Electronics,FC-3,CUST-11388,Web,UPI,0,
ORD-104640,2025-01-16,1465,5,Cancelled,South,Grocery,FC-5,CUST-11278,App,UPI,0,
ORD-104641,2025-01-16,4055,5,Delivered,North,Apparel,FC-6,CUST-11383,Marketplace,Wallet,0,4
ORD-104642,2025-01-16,2182,3,Delivered,West,Home,FC-4,CUST-10630,App,COD,0,4
ORD-104643,2025-01-16,831,3,Delivered,North,Beauty,FC-6,CUST-11217,Marketplace,Wallet,67,3
ORD-104644,2025-01-16,5997,3,Delivered,South,Electronics,FC-1,CUST-11335,App,COD,0,3
ORD-104645,2025-01-16,1016,2,Delivered,East,Beauty,FC-2,CUST-10977,Web,UPI,68,4
ORD-104646,2025-01-16,411,2,Delivered,North,Grocery,FC-5,CUST-10365,Marketplace,COD,39,4
ORD-104647,2025-01-16,2833,1,Delivered,North,Electronics,FC-3,CUST-11389,App,Card,178,4
ORD-104648,2025-01-16,1372,2,Delivered,East,Apparel,FC-6,CUST-11027,Web,UPI,0,3
ORD-104649,2025-01-16,2526,5,Delivered,South,Beauty,FC-8,CUST-11390,App,COD,0,4
ORD-104650,2025-01-16,1173,2,Delivered,East,Apparel,FC-2,CUST-10760,Web,Card,88,3
ORD-104651,2025-01-17,253,1,Delivered,South,Grocery,FC-2,CUST-11391,App,Card,0,3
ORD-104652,2025-01-17,2663,4,Delivered,East,Apparel,FC-3,CUST-10521,App,Card,0,5
ORD-104653,2025-01-17,2291,3,Delivered,West,Apparel,FC-6,CUST-11392,App,COD,235,2
ORD-104654,2025-01-17,3511,5,Delivered,North,Apparel,FC-6,CUST-10410,Web,UPI,299,4
ORD-104655,2025-01-17,2608,1,Delivered,West,Electronics,FC-5,CUST-10323,Marketplace,UPI,240,3
ORD-104656,2025-01-17,2200,3,Delivered,East,Apparel,FC-1,CUST-11393,Web,Wallet,166,5
ORD-104657,2025-01-17,225,1,Delivered,East,Grocery,FC-2,CUST-10558,Marketplace,Wallet,0,3
ORD-104658,2025-01-17,599,1,Returned,East,Apparel,FC-7,CUST-10555,Web,Card,0,4
ORD-104659,2025-01-17,566,2,Delivered,North,Grocery,FC-6,CUST-11394,App,COD,0,3
ORD-104660,2025-01-17,4064,2,Delivered,West,Electronics,FC-1,CUST-11395,App,Wallet,0,3
ORD-104661,2025-01-17,2101,3,Delivered,South,Apparel,FC-2,CUST-10994,Web,UPI,0,3
ORD-104662,2025-01-17,912,1,Delivered,North,Apparel,FC-3,CUST-10165,Web,UPI,0,3
ORD-104663,2025-01-17,1531,2,Returned,North,Home,FC-5,CUST-11396,App,COD,0,4
ORD-104664,2025-01-17,992,3,Cancelled,North,Beauty,FC-2,CUST-11326,Web,UPI,0,
ORD-104665,2025-01-17,833,1,Delivered,South,Apparel,FC-8,CUST-10199,Marketplace,Card,65,3
ORD-104666,2025-01-17,4379,5,Delivered,South,Apparel,FC-2,CUST-10363,App,UPI,0,3
ORD-104667,2025-01-17,549,2,Delivered,West,Grocery,FC-6,CUST-10879,Web,UPI,0,3
ORD-104668,2025-01-17,3282,4,Delivered,North,Home,FC-5,CUST-10466,App,Card,0,3
ORD-104669,2025-01-17,261,1,Delivered,East,Grocery,FC-6,CUST-11375,App,COD,20,4
ORD-104670,2025-01-17,2148,1,Delivered,North,Electronics,FC-2,CUST-11397,App,UPI,129,3
ORD-104671,2025-01-17,726,4,Delivered,West,Grocery,FC-3,CUST-11186,App,Card,0,3
ORD-104672,2025-01-17,5154,2,Delivered,North,Electronics,FC-3,CUST-10567,Web,COD,0,2
ORD-104673,2025-01-17,2597,3,Returned,East,Apparel,FC-5,CUST-10580,Marketplace,COD,0,5
ORD-104674,2025-01-17,1092,1,Delivered,South,Home,FC-6,CUST-10643,App,Wallet,96,2
ORD-104675,2025-01-17,641,1,Delivered,East,Apparel,FC-5,CUST-10580,App,COD,0,3
ORD-104676,2025-01-17,5103,2,Delivered,South,Electronics,FC-3,CUST-11252,App,Card,273,4
ORD-104677,2025-01-17,479,1,Delivered,North,Beauty,FC-5,CUST-10872,Web,UPI,34,3
ORD-104678,2025-01-17,2634,3,Delivered,West,Home,FC-5,CUST-11092,Web,UPI,0,4
ORD-104679,2025-01-17,719,2,Delivered,South,Beauty,FC-3,CUST-10902,Marketplace,Wallet,38,3
ORD-104680,2025-01-17,629,1,Delivered,East,Home,FC-6,CUST-11146,Marketplace,Card,48,4
ORD-104681,2025-01-17,446,1,Delivered,West,Apparel,FC-5,CUST-10892,Marketplace,COD,48,2
ORD-104682,2025-01-17,3362,1,Delivered,South,Electronics,FC-8,CUST-11353,App,COD,0,3
ORD-104683,2025-01-17,923,1,Delivered,West,Home,FC-3,CUST-10236,Marketplace,Card,0,2
ORD-104684,2025-01-17,2076,3,Delivered,East,Home,FC-6,CUST-10741,Web,Card,0,4
ORD-104685,2025-01-17,309,1,Delivered,East,Beauty,FC-6,CUST-11149,App,COD,18,4
ORD-104686,2025-01-17,579,1,Delivered,South,Apparel,FC-3,CUST-11002,App,UPI,0,4
ORD-104687,2025-01-17,2427,2,Delivered,North,Home,FC-6,CUST-10448,Web,UPI,0,3
ORD-104688,2025-01-17,929,4,Delivered,South,Grocery,FC-7,CUST-11398,App,COD,0,2
ORD-104689,2025-01-17,6437,2,Delivered,West,Electronics,FC-4,CUST-11399,Web,Card,349,5
ORD-104690,2025-01-17,1936,2,Shipped,North,Home,FC-2,CUST-11400,Web,UPI,0,
ORD-104691,2025-01-17,2179,3,Delivered,North,Home,FC-4,CUST-10107,App,UPI,161,3
ORD-104692,2025-01-17,3434,5,Delivered,East,Home,FC-5,CUST-11401,App,UPI,0,3
ORD-104693,2025-01-17,2690,3,Delivered,West,Apparel,FC-1,CUST-10943,Web,UPI,0,3
ORD-104694,2025-01-17,878,1,Delivered,South,Apparel,FC-3,CUST-10904,Web,COD,0,2
ORD-104695,2025-01-17,5623,2,Delivered,South,Electronics,FC-6,CUST-10314,Web,COD,0,2
ORD-104696,2025-01-17,3771,5,Cancelled,East,Home,FC-5,CUST-11402,App,UPI,0,
ORD-104697,2025-01-17,7669,4,Delivered,East,Electronics,FC-7,CUST-11403,App,UPI,0,5
ORD-104698,2025-01-17,710,4,Delivered,West,Grocery,FC-3,CUST-10904,App,UPI,68,4
ORD-104699,2025-01-17,1292,3,Delivered,East,Beauty,FC-1,CUST-10261,Web,COD,0,4
ORD-104700,2025-01-17,1038,3,Delivered,North,Beauty,FC-3,CUST-10183,Web,UPI,0,2
ORD-104701,2025-01-17,1123,1,Delivered,East,Home,FC-8,CUST-10160,Marketplace,Card,0,4
ORD-104702,2025-01-17,878,1,Delivered,North,Home,FC-5,CUST-11274,Web,COD,0,2
ORD-104703,2025-01-17,922,2,Delivered,East,Beauty,FC-8,CUST-10902,Web,UPI,102,5
ORD-104704,2025-01-17,2387,3,Delivered,East,Home,FC-3,CUST-11404,App,UPI,0,5
ORD-104705,2025-01-17,12947,5,Delivered,West,Electronics,FC-2,CUST-10104,Web,Wallet,0,2
ORD-104706,2025-01-17,737,1,Delivered,South,Home,FC-4,CUST-11266,App,Card,0,5
ORD-104707,2025-01-17,352,1,Cancelled,South,Beauty,FC-2,CUST-11122,Web,COD,20,
ORD-104708,2025-01-17,9041,3,Delivered,East,Electronics,FC-2,CUST-11405,App,UPI,0,3
ORD-104709,2025-01-17,264,1,Delivered,West,Grocery,FC-4,CUST-10725,Marketplace,UPI,0,3
ORD-104710,2025-01-17,980,1,Delivered,North,Home,FC-5,CUST-11188,Marketplace,UPI,0,4
ORD-104711,2025-01-17,388,1,Pending,West,Beauty,FC-5,CUST-11287,App,COD,0,
ORD-104712,2025-01-17,260,1,Cancelled,West,Grocery,FC-3,CUST-11406,Marketplace,COD,25,
ORD-104713,2025-01-17,619,2,Delivered,East,Beauty,FC-6,CUST-10613,Web,UPI,63,3
ORD-104714,2025-01-17,2418,4,Delivered,North,Apparel,FC-5,CUST-10572,App,UPI,0,4
ORD-104715,2025-01-17,2754,1,Delivered,West,Electronics,FC-5,CUST-11014,Marketplace,COD,0,3
ORD-104716,2025-01-17,1271,2,Delivered,East,Home,FC-3,CUST-10493,Web,UPI,116,5
ORD-104717,2025-01-17,2823,4,Delivered,North,Apparel,FC-2,CUST-10608,Web,UPI,0,4
ORD-104718,2025-01-17,2788,4,Delivered,West,Apparel,FC-5,CUST-10859,App,UPI,274,2
ORD-104719,2025-01-17,3563,4,Delivered,South,Home,FC-4,CUST-11407,App,COD,296,3
ORD-104720,2025-01-17,2086,3,Delivered,East,Apparel,FC-4,CUST-11358,Web,UPI,0,6
ORD-104721,2025-01-17,817,1,Delivered,West,Apparel,FC-7,CUST-11138,App,Card,57,3
ORD-104722,2025-01-18,333,1,Returned,North,Beauty,FC-4,CUST-11175,Web,COD,0,5
ORD-104723,2025-01-18,2631,1,Delivered,South,Electronics,FC-1,CUST-11230,Web,Wallet,0,3
ORD-104724,2025-01-18,11197,5,Cancelled,West,Electronics,FC-5,CUST-11408,Web,Wallet,0,
ORD-104725,2025-01-18,1221,2,Delivered,South,Apparel,FC-4,CUST-11027,Marketplace,Wallet,0,3
ORD-104726,2025-01-18,2139,3,Delivered,South,Apparel,FC-8,CUST-11409,App,Wallet,0,4
ORD-104727,2025-01-18,1589,2,Delivered,East,Apparel,FC-6,CUST-10853,Marketplace,UPI,166,3
ORD-104728,2025-01-18,1191,4,Delivered,East,Beauty,FC-7,CUST-11372,App,UPI,0,5
ORD-104729,2025-01-18,2296,1,Delivered,South,Electronics,FC-4,CUST-10412,App,COD,0,4
ORD-104730,2025-01-18,1566,3,Delivered,North,Apparel,FC-6,CUST-11410,Marketplace,Wallet,0,4
ORD-104731,2025-01-18,506,2,Delivered,West,Grocery,FC-5,CUST-11411,App,UPI,0,3
ORD-104732,2025-01-18,3755,2,Delivered,East,Electronics,FC-7,CUST-10853,App,UPI,0,5
ORD-104733,2025-01-18,1276,2,Delivered,East,Apparel,FC-1,CUST-11219,Web,COD,0,3
ORD-104734,2025-01-18,10692,4,Pending,East,Electronics,FC-6,CUST-11412,App,UPI,0,
ORD-104735,2025-01-18,277,1,Delivered,South,Grocery,FC-4,CUST-10148,App,COD,15,4
ORD-104736,2025-01-18,266,1,Delivered,West,Grocery,FC-2,CUST-10557,App,UPI,0,3
ORD-104737,2025-01-18,347,1,Delivered,South,Beauty,FC-6,CUST-11324,App,Wallet,0,2
ORD-104738,2025-01-18,388,2,Delivered,East,Grocery,FC-8,CUST-11127,Marketplace,Card,39,4
ORD-104739,2025-01-18,627,3,Delivered,South,Grocery,FC-4,CUST-10454,Web,COD,52,4
ORD-104740,2025-01-18,1695,2,Delivered,West,Home,FC-3,CUST-10286,App,UPI,0,4
ORD-104741,2025-01-18,2044,3,Delivered,East,Home,FC-8,CUST-11413,Web,Card,0,4
ORD-104742,2025-01-18,418,2,Delivered,North,Grocery,FC-6,CUST-11414,Web,Card,0,2
ORD-104743,2025-01-18,1192,4,Delivered,West,Beauty,FC-3,CUST-11169,App,COD,77,4
ORD-104744,2025-01-18,717,1,Delivered,South,Apparel,FC-1,CUST-10860,Web,UPI,0,3
ORD-104745,2025-01-18,6711,2,Delivered,East,Electronics,FC-6,CUST-11415,Web,Wallet,0,3
ORD-104746,2025-01-18,2259,1,Delivered,East,Electronics,FC-4,CUST-10520,Web,UPI,0,5
ORD-104747,2025-01-18,1765,4,Returned,North,Beauty,FC-2,CUST-11416,Web,COD,0,2
ORD-104748,2025-01-18,5280,2,Delivered,East,Electronics,FC-1,CUST-10148,Web,COD,0,5
ORD-104749,2025-01-18,976,2,Delivered,North,Beauty,FC-4,CUST-10733,Marketplace,UPI,0,4
ORD-104750,2025-01-18,1955,3,Returned,East,Apparel,FC-7,CUST-11417,Marketplace,Card,0,4
ORD-104751,2025-01-18,1738,2,Delivered,North,Apparel,FC-5,CUST-10701,Web,UPI,0,4
ORD-104752,2025-01-18,178,1,Delivered,North,Grocery,FC-6,CUST-11162,App,COD,0,4
ORD-104753,2025-01-18,497,1,Delivered,East,Beauty,FC-5,CUST-11259,Web,Wallet,0,3
ORD-104754,2025-01-18,493,1,Delivered,East,Apparel,FC-8,CUST-11219,Web,UPI,35,4
ORD-104755,2025-01-18,8567,3,Delivered,North,Electronics,FC-1,CUST-10811,App,Card,0,3
ORD-104756,2025-01-18,5905,2,Delivered,South,Electronics,FC-6,CUST-10969,App,COD,522,2
ORD-104757,2025-01-18,1741,5,Delivered,South,Beauty,FC-8,CUST-11418,Web,Card,0,4
ORD-104758,2025-01-18,2363,1,Delivered,North,Electronics,FC-3,CUST-11419,Web,UPI,193,3
ORD-104759,2025-01-18,879,1,Delivered,South,Home,FC-6,CUST-10034,Web,UPI,66,3
ORD-104760,2025-01-18,615,1,Returned,South,Apparel,FC-8,CUST-10541,App,UPI,0,3
ORD-104761,2025-01-18,2275,1,Delivered,North,Electronics,FC-1,CUST-10723,Web,UPI,0,4
ORD-104762,2025-01-18,3014,3,Delivered,South,Home,FC-7,CUST-10924,Web,Card,0,2
ORD-104763,2025-01-18,331,1,Delivered,East,Beauty,FC-8,CUST-11420,App,COD,0,5
ORD-104764,2025-01-18,9181,4,Delivered,East,Electronics,FC-8,CUST-11421,Web,UPI,0,4
ORD-104765,2025-01-18,1726,2,Pending,North,Home,FC-7,CUST-10643,App,Card,0,
ORD-104766,2025-01-18,4867,2,Delivered,North,Electronics,FC-2,CUST-10152,Web,UPI,434,3
ORD-104767,2025-01-18,924,2,Delivered,North,Beauty,FC-7,CUST-10892,Web,UPI,56,4
ORD-104768,2025-01-18,4274,4,Delivered,North,Home,FC-7,CUST-10385,App,Wallet,393,4
ORD-104769,2025-01-18,600,2,Delivered,North,Beauty,FC-6,CUST-11422,Web,Card,0,2
ORD-104770,2025-01-18,437,1,Delivered,South,Beauty,FC-1,CUST-11423,Web,COD,0,2
ORD-104771,2025-01-18,749,1,Cancelled,East,Home,FC-6,CUST-10505,Marketplace,COD,0,
ORD-104772,2025-01-18,506,2,Delivered,East,Grocery,FC-2,CUST-11327,Web,UPI,0,4
ORD-104773,2025-01-18,2645,1,Delivered,North,Electronics,FC-7,CUST-11417,Web,COD,0,4
ORD-104774,2025-01-18,696,1,Delivered,East,Apparel,FC-7,CUST-10916,App,UPI,0,5
ORD-104775,2025-01-18,2024,2,Returned,East,Home,FC-8,CUST-11159,App,UPI,156,5
ORD-104776,2025-01-18,2329,2,Delivered,East,Home,FC-1,CUST-11275,App,COD,0,3
ORD-104777,2025-01-18,939,1,Pending,West,Home,FC-1,CUST-11358,Web,Card,75,
ORD-104778,2025-01-18,997,2,Delivered,North,Apparel,FC-2,CUST-11155,App,UPI,0,4
ORD-104779,2025-01-18,484,1,Delivered,South,Beauty,FC-3,CUST-11424,App,COD,37,4
ORD-104780,2025-01-18,1054,2,Returned,North,Apparel,FC-4,CUST-10111,Web,Wallet,87,5
ORD-104781,2025-01-18,206,1,Delivered,South,Grocery,FC-5,CUST-11295,Web,UPI,0,4
ORD-104782,2025-01-18,2473,1,Delivered,West,Electronics,FC-8,CUST-10774,App,Card,0,3
ORD-104783,2025-01-18,528,2,Delivered,North,Grocery,FC-8,CUST-11425,App,COD,0,4
ORD-104784,2025-01-18,11977,4,Delivered,North,Electronics,FC-8,CUST-10625,Marketplace,UPI,1246,5
ORD-104785,2025-01-18,176,1,Returned,East,Grocery,FC-5,CUST-11426,Web,COD,0,4
ORD-104786,2025-01-18,9301,3,Cancelled,East,Electronics,FC-4,CUST-10606,Web,UPI,0,
ORD-104787,2025-01-18,6945,3,Cancelled,North,Electronics,FC-8,CUST-10837,App,Card,0,
ORD-104788,2025-01-18,670,2,Delivered,East,Beauty,FC-6,CUST-11427,App,Card,0,3
ORD-104789,2025-01-18,286,1,Delivered,South,Grocery,FC-8,CUST-10174,App,Card,0,3
ORD-104790,2025-01-18,724,3,Delivered,South,Grocery,FC-6,CUST-11428,App,Wallet,65,3
ORD-104791,2025-01-18,1327,3,Delivered,East,Beauty,FC-6,CUST-10663,Marketplace,UPI,0,4
ORD-104792,2025-01-18,4619,5,Delivered,South,Home,FC-6,CUST-10211,Web,COD,0,3
ORD-104793,2025-01-18,272,1,Delivered,South,Grocery,FC-5,CUST-10927,Marketplace,Wallet,0,2
ORD-104794,2025-01-18,386,2,Delivered,North,Grocery,FC-3,CUST-11429,Web,Wallet,39,3
ORD-104795,2025-01-18,1564,3,Delivered,East,Apparel,FC-5,CUST-10557,App,UPI,0,3
ORD-104796,2025-01-18,509,1,Delivered,North,Beauty,FC-7,CUST-11355,App,Card,0,5
ORD-104797,2025-01-18,240,1,Delivered,South,Grocery,FC-3,CUST-11430,App,UPI,0,3
ORD-104798,2025-01-18,1743,2,Delivered,North,Home,FC-2,CUST-10518,Web,COD,117,4
ORD-104799,2025-01-18,417,1,Delivered,West,Beauty,FC-8,CUST-11431,Web,Card,28,4
ORD-104800,2025-01-18,2391,2,Delivered,North,Home,FC-7,CUST-10248,App,UPI,0,4
ORD-104801,2025-01-18,1011,1,Returned,North,Home,FC-6,CUST-10722,Web,Card,0,3
ORD-104802,2025-01-18,226,1,Returned,East,Grocery,FC-2,CUST-10123,App,COD,13,5
ORD-104803,2025-01-18,1278,5,Shipped,East,Grocery,FC-8,CUST-10850,App,Card,133,
ORD-104804,2025-01-19,1531,5,Delivered,South,Beauty,FC-6,CUST-10601,Web,Wallet,0,2
ORD-104805,2025-01-19,2335,2,Delivered,South,Home,FC-1,CUST-11432,App,Card,0,3
ORD-104806,2025-01-19,514,3,Delivered,East,Grocery,FC-6,CUST-10248,Web,UPI,32,4
ORD-104807,2025-01-19,183,1,Delivered,East,Grocery,FC-8,CUST-10148,App,Card,18,4
ORD-104808,2025-01-19,1442,3,Returned,East,Beauty,FC-8,CUST-10879,App,Card,0,4
ORD-104809,2025-01-19,803,1,Delivered,South,Apparel,FC-6,CUST-10240,Web,UPI,0,3
ORD-104810,2025-01-19,9989,3,Returned,West,Electronics,FC-8,CUST-10313,Marketplace,Card,0,3
ORD-104811,2025-01-19,1286,2,Delivered,East,Apparel,FC-6,CUST-11433,App,UPI,0,4
ORD-104812,2025-01-19,1051,1,Delivered,South,Home,FC-4,CUST-10845,Marketplace,COD,0,3
ORD-104813,2025-01-19,291,1,Delivered,West,Beauty,FC-5,CUST-11177,Web,UPI,19,3
ORD-104814,2025-01-19,809,3,Delivered,North,Grocery,FC-6,CUST-11375,Marketplace,UPI,0,2
ORD-104815,2025-01-19,489,2,Returned,East,Grocery,FC-3,CUST-11161,Web,UPI,0,3
ORD-104816,2025-01-19,171,1,Delivered,South,Grocery,FC-4,CUST-10135,Web,Wallet,0,4
ORD-104817,2025-01-19,2200,3,Returned,North,Apparel,FC-4,CUST-10463,App,UPI,0,4
ORD-104818,2025-01-19,2413,2,Delivered,West,Home,FC-7,CUST-11434,App,Card,0,2
ORD-104819,2025-01-19,1648,3,Delivered,North,Apparel,FC-6,CUST-11435,Marketplace,COD,0,2
ORD-104820,2025-01-19,733,1,Delivered,South,Home,FC-6,CUST-10757,App,COD,73,3
ORD-104821,2025-01-19,760,1,Delivered,North,Home,FC-1,CUST-11436,App,Wallet,0,3
ORD-104822,2025-01-19,1730,1,Delivered,South,Electronics,FC-1,CUST-11437,Web,UPI,129,2
ORD-104823,2025-01-19,163,1,Delivered,East,Grocery,FC-5,CUST-11438,Web,Wallet,10,4
ORD-104824,2025-01-19,1442,3,Delivered,North,Beauty,FC-3,CUST-11017,Marketplace,UPI,0,3
ORD-104825,2025-01-19,853,1,Delivered,East,Apparel,FC-5,CUST-10726,App,UPI,0,3
ORD-104826,2025-01-19,3116,1,Delivered,East,Electronics,FC-8,CUST-11439,Marketplace,Card,0,5
ORD-104827,2025-01-19,751,1,Delivered,East,Apparel,FC-6,CUST-10217,Web,Card,0,5
ORD-104828,2025-01-19,484,2,Delivered,West,Grocery,FC-8,CUST-11440,Web,UPI,0,4
ORD-104829,2025-01-19,10002,4,Delivered,East,Electronics,FC-4,CUST-10916,Marketplace,Card,670,5
ORD-104830,2025-01-19,189,1,Cancelled,South,Grocery,FC-1,CUST-10270,App,COD,12,
ORD-104831,2025-01-19,498,2,Delivered,North,Grocery,FC-5,CUST-11441,Web,Card,0,3
ORD-104832,2025-01-19,1104,2,Delivered,East,Apparel,FC-1,CUST-10431,Marketplace,UPI,0,3
ORD-104833,2025-01-19,461,1,Delivered,East,Beauty,FC-3,CUST-11442,Marketplace,COD,0,3
ORD-104834,2025-01-19,1085,1,Delivered,East,Home,FC-7,CUST-11235,App,UPI,0,4
ORD-104835,2025-01-19,838,1,Delivered,West,Home,FC-4,CUST-11443,Marketplace,UPI,0,5
ORD-104836,2025-01-19,520,3,Delivered,North,Grocery,FC-5,CUST-10386,App,COD,0,4
ORD-104837,2025-01-19,8933,3,Returned,South,Electronics,FC-3,CUST-11444,Web,COD,0,4
ORD-104838,2025-01-19,1490,3,Delivered,South,Apparel,FC-4,CUST-11396,Web,Card,0,3
ORD-104839,2025-01-19,497,2,Delivered,West,Grocery,FC-4,CUST-10465,App,UPI,33,5
ORD-104840,2025-01-19,2377,3,Delivered,North,Home,FC-8,CUST-11016,App,UPI,0,3
ORD-104841,2025-01-19,2925,4,Delivered,West,Home,FC-7,CUST-10799,App,COD,0,4
ORD-104842,2025-01-19,170,1,Delivered,South,Grocery,FC-3,CUST-11267,Marketplace,COD,0,4
ORD-104843,2025-01-19,534,2,Delivered,North,Grocery,FC-5,CUST-10656,Marketplace,UPI,0,4
ORD-104844,2025-01-19,7831,4,Delivered,North,Electronics,FC-3,CUST-10010,App,UPI,0,4
ORD-104845,2025-01-19,274,1,Delivered,South,Grocery,FC-2,CUST-10513,App,Card,0,3
ORD-104846,2025-01-19,1089,2,Delivered,North,Apparel,FC-1,CUST-10098,Web,COD,0,4
ORD-104847,2025-01-19,458,1,Delivered,North,Beauty,FC-1,CUST-11047,App,Card,0,2
ORD-104848,2025-01-19,2055,2,Delivered,North,Home,FC-5,CUST-11445,Web,Wallet,133,4
ORD-104849,2025-01-19,906,1,Delivered,West,Home,FC-3,CUST-10301,App,UPI,0,3
ORD-104850,2025-01-19,1221,1,Delivered,South,Home,FC-5,CUST-10723,Web,COD,0,2
ORD-104851,2025-01-19,1359,2,Returned,West,Apparel,FC-4,CUST-11446,Web,Card,0,3
ORD-104852,2025-01-19,8286,3,Cancelled,East,Electronics,FC-4,CUST-11447,Marketplace,COD,0,
ORD-104853,2025-01-19,527,1,Delivered,East,Apparel,FC-1,CUST-10935,Web,COD,0,5
ORD-104854,2025-01-19,3517,4,Delivered,North,Apparel,FC-4,CUST-10532,App,Card,0,4
ORD-104855,2025-01-19,2429,5,Delivered,North,Beauty,FC-2,CUST-10520,Web,UPI,231,3
ORD-104856,2025-01-19,1216,2,Delivered,South,Apparel,FC-3,CUST-11140,Web,COD,0,3
ORD-104857,2025-01-19,707,1,Delivered,South,Apparel,FC-1,CUST-11448,Web,UPI,0,2
ORD-104858,2025-01-19,845,1,Delivered,South,Apparel,FC-6,CUST-11200,Web,Wallet,0,2
ORD-104859,2025-01-19,5601,5,Delivered,West,Home,FC-7,CUST-11449,Marketplace,UPI,0,4
ORD-104860,2025-01-19,3824,5,Delivered,North,Home,FC-2,CUST-11025,App,UPI,0,4
ORD-104861,2025-01-19,12155,4,Delivered,West,Electronics,FC-8,CUST-10920,App,UPI,0,5
ORD-104862,2025-01-19,2266,2,Delivered,North,Home,FC-1,CUST-11450,App,COD,0,3
ORD-104863,2025-01-19,3058,3,Delivered,West,Home,FC-2,CUST-10847,Marketplace,Wallet,0,2
ORD-104864,2025-01-19,4471,4,Delivered,North,Home,FC-8,CUST-11451,Web,UPI,0,4
ORD-104865,2025-01-19,739,1,Delivered,East,Apparel,FC-3,CUST-11452,App,Card,0,5
ORD-104866,2025-01-19,790,2,Delivered,East,Beauty,FC-7,CUST-11049,Web,UPI,0,5
ORD-104867,2025-01-19,1764,2,Delivered,North,Home,FC-7,CUST-11035,Web,UPI,107,3
ORD-104868,2025-01-19,5910,3,Delivered,South,Electronics,FC-7,CUST-11333,App,Card,0,4
ORD-104869,2025-01-19,15002,5,Delivered,West,Electronics,FC-1,CUST-10068,App,Card,1472,3
ORD-104870,2025-01-19,3309,1,Delivered,East,Electronics,FC-6,CUST-11201,Marketplace,UPI,0,5
ORD-104871,2025-01-19,2468,3,Returned,South,Apparel,FC-8,CUST-11219,App,UPI,185,2
ORD-104872,2025-01-19,2284,2,Delivered,East,Home,FC-8,CUST-10003,App,Card,0,4
ORD-104873,2025-01-19,537,3,Delivered,South,Grocery,FC-3,CUST-11019,Web,Card,0,2
ORD-104874,2025-01-19,964,3,Delivered,North,Beauty,FC-4,CUST-10784,Web,UPI,89,4
ORD-104875,2025-01-19,327,1,Delivered,West,Beauty,FC-1,CUST-10560,App,UPI,0,3
ORD-104876,2025-01-19,4200,4,Delivered,North,Home,FC-5,CUST-10643,Web,Wallet,0,3
ORD-104877,2025-01-19,2285,4,Delivered,East,Apparel,FC-6,CUST-10829,Web,UPI,0,3
ORD-104878,2025-01-19,5464,3,Delivered,East,Electronics,FC-2,CUST-11453,App,Card,469,3
ORD-104879,2025-01-19,4310,2,Delivered,South,Electronics,FC-6,CUST-11293,App,UPI,0,2
ORD-104880,2025-01-19,5580,2,Delivered,East,Electronics,FC-5,CUST-11454,App,Card,0,4
ORD-104881,2025-01-19,1562,3,Delivered,South,Apparel,FC-6,CUST-11030,Marketplace,UPI,0,4
ORD-104882,2025-01-20,893,3,Delivered,North,Beauty,FC-8,CUST-10369,Web,COD,0,3
ORD-104883,2025-01-20,2302,3,Delivered,East,Home,FC-5,CUST-11455,Web,Card,0,3
ORD-104884,2025-01-20,310,1,Delivered,South,Grocery,FC-3,CUST-11224,App,COD,0,3
ORD-104885,2025-01-20,764,4,Cancelled,South,Grocery,FC-6,CUST-11456,Web,Card,44,
ORD-104886,2025-01-20,7413,3,Delivered,South,Electronics,FC-8,CUST-10117,Web,Card,0,4
ORD-104887,2025-01-20,2069,1,Delivered,West,Electronics,FC-1,CUST-10606,Web,Wallet,209,2
ORD-104888,2025-01-20,1416,2,Delivered,West,Apparel,FC-2,CUST-11295,App,UPI,0,3
ORD-104889,2025-01-20,234,1,Delivered,South,Grocery,FC-6,CUST-11457,App,UPI,23,3
ORD-104890,2025-01-20,259,1,Delivered,North,Grocery,FC-4,CUST-10569,App,UPI,0,5
ORD-104891,2025-01-20,3012,4,Delivered,South,Home,FC-5,CUST-10599,Web,UPI,0,3
ORD-104892,2025-01-20,205,1,Delivered,West,Grocery,FC-6,CUST-11458,Marketplace,COD,21,3
ORD-104893,2025-01-20,517,2,Delivered,West,Grocery,FC-2,CUST-10990,App,UPI,0,3
ORD-104894,2025-01-20,1148,1,Delivered,West,Home,FC-4,CUST-10226,Marketplace,UPI,87,4
ORD-104895,2025-01-20,2371,5,Delivered,West,Beauty,FC-8,CUST-11377,Web,COD,0,3
ORD-104896,2025-01-20,307,1,Delivered,South,Beauty,FC-7,CUST-11459,Web,UPI,20,2
ORD-104897,2025-01-20,1595,3,Delivered,North,Beauty,FC-1,CUST-10801,Web,COD,0,4
ORD-104898,2025-01-20,860,1,Delivered,North,Apparel,FC-8,CUST-11460,Marketplace,COD,0,5
ORD-104899,2025-01-20,1037,3,Delivered,North,Beauty,FC-3,CUST-10880,App,Card,0,4
ORD-104900,2025-01-20,2625,1,Delivered,North,Electronics,FC-6,CUST-10306,Web,COD,0,2
ORD-104901,2025-01-20,482,1,Delivered,South,Beauty,FC-1,CUST-10934,Web,UPI,29,3
ORD-104902,2025-01-20,1297,2,Delivered,West,Apparel,FC-8,CUST-11407,Web,UPI,0,4
ORD-104903,2025-01-20,1447,3,Delivered,North,Beauty,FC-4,CUST-10725,Web,UPI,0,5
ORD-104904,2025-01-20,2780,4,Returned,South,Apparel,FC-7,CUST-10080,App,UPI,0,2
ORD-104905,2025-01-20,1641,2,Returned,West,Apparel,FC-1,CUST-11461,Marketplace,UPI,0,3
ORD-104906,2025-01-20,721,1,Delivered,East,Apparel,FC-7,CUST-11462,App,UPI,54,5
ORD-104907,2025-01-20,1078,4,Delivered,South,Grocery,FC-2,CUST-11013,App,UPI,0,2
ORD-104908,2025-01-20,10189,3,Delivered,East,Electronics,FC-4,CUST-11463,App,Card,0,6
ORD-104909,2025-01-20,2201,2,Delivered,East,Home,FC-3,CUST-10584,Web,Card,0,3
ORD-104910,2025-01-20,1362,3,Returned,East,Beauty,FC-6,CUST-10927,Web,COD,0,5
ORD-104911,2025-01-20,5835,3,Cancelled,East,Electronics,FC-5,CUST-11318,Marketplace,UPI,0,
ORD-104912,2025-01-20,877,4,Cancelled,South,Grocery,FC-5,CUST-11145,App,COD,79,
ORD-104913,2025-01-20,2189,5,Delivered,East,Beauty,FC-8,CUST-11464,Web,COD,0,5
ORD-104914,2025-01-20,525,2,Delivered,North,Grocery,FC-6,CUST-10998,App,COD,0,2
ORD-104915,2025-01-20,1836,2,Delivered,South,Home,FC-7,CUST-11465,App,UPI,0,2
ORD-104916,2025-01-20,1265,3,Delivered,North,Beauty,FC-2,CUST-11466,Web,COD,0,2
ORD-104917,2025-01-20,4023,5,Delivered,East,Apparel,FC-8,CUST-10600,App,COD,0,5
ORD-104918,2025-01-20,2454,4,Returned,East,Apparel,FC-3,CUST-11260,Marketplace,COD,0,5
ORD-104919,2025-01-20,281,1,Returned,South,Beauty,FC-2,CUST-10202,App,COD,24,2
ORD-104920,2025-01-20,668,1,Delivered,South,Home,FC-3,CUST-10760,App,Card,57,4
ORD-104921,2025-01-20,2496,3,Delivered,North,Apparel,FC-6,CUST-10217,App,UPI,0,4
ORD-104922,2025-01-20,459,1,Returned,West,Beauty,FC-5,CUST-11423,Marketplace,UPI,0,3
ORD-104923,2025-01-20,2037,3,Pending,North,Apparel,FC-3,CUST-10505,App,COD,214,
ORD-104924,2025-01-20,350,1,Delivered,West,Beauty,FC-4,CUST-11446,Marketplace,Card,0,5
ORD-104925,2025-01-20,3108,3,Delivered,South,Home,FC-4,CUST-10373,App,Wallet,327,3
ORD-104926,2025-01-20,687,1,Delivered,South,Home,FC-4,CUST-10284,Marketplace,COD,0,4
ORD-104927,2025-01-20,907,2,Delivered,West,Beauty,FC-3,CUST-10037,Marketplace,COD,88,4
ORD-104928,2025-01-20,662,1,Delivered,South,Apparel,FC-1,CUST-10238,Marketplace,UPI,0,3
ORD-104929,2025-01-20,4089,5,Pending,West,Apparel,FC-2,CUST-10250,Web,Wallet,0,
ORD-104930,2025-01-20,2884,1,Delivered,North,Electronics,FC-1,CUST-11007,Web,COD,201,2
ORD-104931,2025-01-20,7566,4,Delivered,South,Electronics,FC-3,CUST-11467,Web,UPI,736,3
ORD-104932,2025-01-20,1011,2,Delivered,South,Apparel,FC-1,CUST-11468,Web,COD,88,2
ORD-104933,2025-01-20,4388,2,Delivered,East,Electronics,FC-3,CUST-11469,Web,Wallet,0,3
ORD-104934,2025-01-20,782,1,Delivered,East,Apparel,FC-7,CUST-10151,Marketplace,UPI,0,4
ORD-104935,2025-01-20,3757,4,Returned,East,Home,FC-1,CUST-11363,Web,UPI,398,5
ORD-104936,2025-01-20,686,1,Delivered,North,Apparel,FC-2,CUST-11439,App,Card,52,4
ORD-104937,2025-01-20,811,5,Delivered,South,Grocery,FC-5,CUST-11470,App,UPI,71,2
ORD-104938,2025-01-20,329,1,Shipped,North,Beauty,FC-2,CUST-11471,Marketplace,UPI,21,
ORD-104939,2025-01-21,459,1,Delivered,North,Beauty,FC-8,CUST-10135,App,COD,31,4
ORD-104940,2025-01-21,270,1,Delivered,South,Grocery,FC-1,CUST-11242,App,UPI,0,2
ORD-104941,2025-01-21,1104,2,Returned,East,Apparel,FC-6,CUST-10278,App,UPI,0,4
ORD-104942,2025-01-21,319,1,Delivered,East,Beauty,FC-4,CUST-11072,Marketplace,COD,0,4
ORD-104943,2025-01-21,3713,5,Pending,West,Home,FC-1,CUST-10885,App,Wallet,0,
ORD-104944,2025-01-21,3513,2,Delivered,West,Electronics,FC-5,CUST-10992,Marketplace,Card,361,2
ORD-104945,2025-01-21,550,2,Returned,East,Grocery,FC-2,CUST-11472,Web,Card,0,4
ORD-104946,2025-01-21,747,1,Delivered,South,Apparel,FC-6,CUST-11473,Web,UPI,0,2
ORD-104947,2025-01-21,631,1,Delivered,East,Apparel,FC-6,CUST-10884,Web,UPI,0,4
ORD-104948,2025-01-21,745,1,Pending,North,Apparel,FC-4,CUST-10280,App,Card,0,
ORD-104949,2025-01-21,1685,3,Cancelled,South,Apparel,FC-1,CUST-11474,App,UPI,0,
ORD-104950,2025-01-21,1494,2,Cancelled,East,Apparel,FC-7,CUST-10798,Web,UPI,0,
ORD-104951,2025-01-21,1382,2,Delivered,West,Apparel,FC-2,CUST-10237,Web,Card,0,2
ORD-104952,2025-01-21,1175,2,Delivered,West,Apparel,FC-6,CUST-11475,App,UPI,0,3
ORD-104953,2025-01-21,2982,3,Delivered,South,Home,FC-5,CUST-10654,App,UPI,0,2
ORD-104954,2025-01-21,2107,2,Delivered,South,Home,FC-2,CUST-10095,App,Card,0,2
ORD-104955,2025-01-21,730,1,Delivered,North,Home,FC-5,CUST-11476,Web,UPI,0,3
ORD-104956,2025-01-21,1013,1,Delivered,West,Home,FC-6,CUST-10973,Web,COD,0,2
ORD-104957,2025-01-21,3376,1,Delivered,West,Electronics,FC-7,CUST-11477,Web,COD,0,3
ORD-104958,2025-01-21,2469,1,Delivered,East,Electronics,FC-3,CUST-11478,Web,UPI,0,3
ORD-104959,2025-01-21,545,2,Pending,South,Grocery,FC-8,CUST-10282,App,UPI,47,
ORD-104960,2025-01-21,1751,2,Delivered,South,Home,FC-6,CUST-11007,App,COD,0,2
ORD-104961,2025-01-21,1256,2,Delivered,North,Apparel,FC-6,CUST-11479,Web,Card,0,3
ORD-104962,2025-01-21,3025,5,Returned,North,Apparel,FC-3,CUST-10173,Web,UPI,218,4
ORD-104963,2025-01-21,761,2,Returned,East,Beauty,FC-1,CUST-10066,Marketplace,Card,0,4
ORD-104964,2025-01-21,2735,3,Delivered,East,Home,FC-6,CUST-10119,App,COD,0,3
ORD-104965,2025-01-21,1462,3,Delivered,South,Beauty,FC-6,CUST-11270,App,UPI,121,1
ORD-104966,2025-01-21,387,1,Returned,South,Beauty,FC-8,CUST-11386,Web,UPI,0,4
ORD-104967,2025-01-21,411,1,Delivered,North,Beauty,FC-3,CUST-10895,App,COD,31,3
ORD-104968,2025-01-21,1113,2,Delivered,South,Apparel,FC-8,CUST-11219,Web,COD,0,4
ORD-104969,2025-01-21,2239,3,Delivered,North,Apparel,FC-8,CUST-11219,App,UPI,157,3
ORD-104970,2025-01-21,1983,4,Delivered,North,Beauty,FC-3,CUST-10381,App,UPI,0,2
ORD-104971,2025-01-21,552,3,Delivered,South,Grocery,FC-6,CUST-11258,App,UPI,0,3
ORD-104972,2025-01-21,381,2,Delivered,North,Grocery,FC-1,CUST-10637,App,COD,0,3
ORD-104973,2025-01-21,2348,1,Delivered,West,Electronics,FC-5,CUST-10916,App,Card,251,3
ORD-104974,2025-01-21,473,2,Delivered,North,Grocery,FC-5,CUST-11267,App,Card,0,4
ORD-104975,2025-01-21,3358,1,Cancelled,West,Electronics,FC-1,CUST-10771,Web,COD,0,
ORD-104976,2025-01-21,351,2,Delivered,West,Grocery,FC-6,CUST-10505,Web,UPI,0,3
ORD-104977,2025-01-21,576,2,Delivered,North,Grocery,FC-6,CUST-11147,Marketplace,COD,0,4
ORD-104978,2025-01-21,897,4,Delivered,South,Grocery,FC-8,CUST-10365,Web,Wallet,86,3
ORD-104979,2025-01-21,726,2,Delivered,South,Beauty,FC-4,CUST-11480,Marketplace,Wallet,78,3
ORD-104980,2025-01-21,525,1,Returned,West,Apparel,FC-3,CUST-10799,App,Card,0,3
ORD-104981,2025-01-21,330,1,Returned,East,Beauty,FC-6,CUST-10846,App,COD,0,4
ORD-104982,2025-01-21,657,1,Delivered,North,Apparel,FC-1,CUST-11235,Web,UPI,0,4
ORD-104983,2025-01-21,2213,3,Returned,North,Apparel,FC-7,CUST-11013,Web,Card,0,3
ORD-104984,2025-01-21,331,1,Delivered,East,Beauty,FC-7,CUST-11481,Web,UPI,0,4
ORD-104985,2025-01-21,4922,2,Delivered,South,Electronics,FC-4,CUST-10923,Web,UPI,0,4
ORD-104986,2025-01-21,210,1,Delivered,North,Grocery,FC-5,CUST-11482,Web,COD,0,3
ORD-104987,2025-01-21,2290,3,Delivered,East,Home,FC-4,CUST-11483,Web,UPI,0,4
ORD-104988,2025-01-21,2278,3,Delivered,South,Apparel,FC-4,CUST-10240,Marketplace,Wallet,0,4
ORD-104989,2025-01-21,421,2,Delivered,East,Grocery,FC-4,CUST-11383,Web,UPI,39,5
ORD-104990,2025-01-21,1842,3,Delivered,West,Apparel,FC-5,CUST-11021,Web,Card,0,3
ORD-104991,2025-01-21,3018,3,Delivered,West,Home,FC-7,CUST-11484,Marketplace,UPI,301,3
ORD-104992,2025-01-21,379,2,Delivered,North,Grocery,FC-3,CUST-11274,Web,COD,0,3
ORD-104993,2025-01-21,4480,5,Delivered,East,Home,FC-2,CUST-11237,Web,COD,0,4
ORD-104994,2025-01-21,296,1,Delivered,East,Grocery,FC-2,CUST-10624,Marketplace,COD,0,3
ORD-104995,2025-01-21,2386,3,Returned,East,Home,FC-5,CUST-10803,App,COD,0,5
ORD-104996,2025-01-21,442,2,Returned,East,Grocery,FC-4,CUST-10408,App,UPI,0,5
ORD-104997,2025-01-21,8035,4,Delivered,South,Electronics,FC-6,CUST-10974,Web,UPI,0,2
ORD-104998,2025-01-21,2074,2,Delivered,East,Home,FC-2,CUST-11065,Web,COD,0,5
ORD-104999,2025-01-21,1382,5,Delivered,North,Grocery,FC-8,CUST-11485,App,UPI,0,4
ORD-105000,2025-01-21,865,3,Delivered,North,Grocery,FC-3,CUST-10566,App,Card,0,4
