date,line_id,volume,aht
2023-10-02,CS-VOICE,2142,356
2023-10-03,CS-VOICE,1955,368
2023-10-04,CS-VOICE,1870,363
2023-10-05,CS-VOICE,1928,348
2023-10-06,CS-VOICE,1815,329
2023-10-07,CS-VOICE,1653,374
2023-10-08,CS-VOICE,1341,345
2023-10-09,CS-VOICE,2155,346
2023-10-10,CS-VOICE,2016,370
2023-10-11,CS-VOICE,1802,351
2023-10-12,CS-VOICE,1810,341
2023-10-13,CS-VOICE,1851,346
2023-10-14,CS-VOICE,1680,365
2023-10-15,CS-VOICE,1348,365
2023-10-16,CS-VOICE,2146,370
2023-10-17,CS-VOICE,1918,349
2023-10-18,CS-VOICE,1852,360
2023-10-19,CS-VOICE,1750,362
2023-10-20,CS-VOICE,1706,342
2023-10-21,CS-VOICE,1752,347
2023-10-22,CS-VOICE,1501,363
2023-10-23,CS-VOICE,2188,374
2023-10-24,CS-VOICE,1998,351
2023-10-25,CS-VOICE,2069,343
2023-10-26,CS-VOICE,1943,379
2023-10-27,CS-VOICE,1886,353
2023-10-28,CS-VOICE,1610,358
2023-10-29,CS-VOICE,1478,364
2023-10-30,CS-VOICE,2326,360
2023-10-31,CS-VOICE,1994,363
2023-11-01,CS-VOICE,2060,371
2023-11-02,CS-VOICE,1879,343
2023-11-03,CS-VOICE,1935,353
2023-11-04,CS-VOICE,1809,359
2023-11-05,CS-VOICE,1659,361
2023-11-06,CS-VOICE,2284,355
2023-11-07,CS-VOICE,2330,366
2023-11-08,CS-VOICE,2187,380
2023-11-09,CS-VOICE,2237,362
2023-11-10,CS-VOICE,2283,358
2023-11-11,CS-VOICE,1998,375
2023-11-12,CS-VOICE,1923,396
2023-11-13,CS-VOICE,2688,365
2023-11-14,CS-VOICE,2719,370
2023-11-15,CS-VOICE,2550,385
2023-11-16,CS-VOICE,2768,384
2023-11-17,CS-VOICE,2410,375
2023-11-18,CS-VOICE,2241,369
2023-11-19,CS-VOICE,2048,368
2023-11-20,CS-VOICE,2972,368
2023-11-21,CS-VOICE,2799,386
2023-11-22,CS-VOICE,2668,374
2023-11-23,CS-VOICE,2528,402
2023-11-24,CS-VOICE,2752,373
2023-11-25,CS-VOICE,2468,365
2023-11-26,CS-VOICE,2137,387
2023-11-27,CS-VOICE,3252,368
2023-11-28,CS-VOICE,2870,384
2023-11-29,CS-VOICE,2603,395
2023-11-30,CS-VOICE,2506,385
2023-12-01,CS-VOICE,2539,378
2023-12-02,CS-VOICE,2458,363
2023-12-03,CS-VOICE,2065,373
2023-12-04,CS-VOICE,2990,373
2023-12-05,CS-VOICE,2940,364
2023-12-06,CS-VOICE,2702,365
2023-12-07,CS-VOICE,2443,353
2023-12-08,CS-VOICE,2427,374
2023-12-09,CS-VOICE,1949,384
2023-12-10,CS-VOICE,1997,381
2023-12-11,CS-VOICE,2817,379
2023-12-12,CS-VOICE,2435,367
2023-12-13,CS-VOICE,2832,371
2023-12-14,CS-VOICE,2286,385
2023-12-15,CS-VOICE,2324,371
2023-12-16,CS-VOICE,2055,375
2023-12-17,CS-VOICE,1732,404
2023-12-18,CS-VOICE,3182,376
2023-12-19,CS-VOICE,2693,366
2023-12-20,CS-VOICE,2634,355
2023-12-21,CS-VOICE,2598,359
2023-12-22,CS-VOICE,2198,369
2023-12-23,CS-VOICE,2263,381
2023-12-24,CS-VOICE,1834,377
2023-12-25,CS-VOICE,2733,370
2023-12-26,CS-VOICE,2519,344
2023-12-27,CS-VOICE,2306,344
2023-12-28,CS-VOICE,2078,363
2023-12-29,CS-VOICE,2109,352
2023-12-30,CS-VOICE,1830,376
2023-12-31,CS-VOICE,1600,360
2024-01-01,CS-VOICE,2371,362
2024-01-02,CS-VOICE,2239,357
2024-01-03,CS-VOICE,2048,357
2024-01-04,CS-VOICE,2118,362
2024-01-05,CS-VOICE,2087,358
2024-01-06,CS-VOICE,1735,378
2024-01-07,CS-VOICE,1588,368
2024-01-08,CS-VOICE,2215,371
2024-01-09,CS-VOICE,2219,360
2024-01-10,CS-VOICE,2088,357
2024-01-11,CS-VOICE,1973,373
2024-01-12,CS-VOICE,1768,364
2024-01-13,CS-VOICE,1886,379
2024-01-14,CS-VOICE,1574,350
2024-01-15,CS-VOICE,2299,343
2024-01-16,CS-VOICE,2144,349
2024-01-17,CS-VOICE,1990,355
2024-01-18,CS-VOICE,1919,373
2024-01-19,CS-VOICE,2017,375
2024-01-20,CS-VOICE,1743,359
2024-01-21,CS-VOICE,1520,362
2024-01-22,CS-VOICE,2151,349
2024-01-23,CS-VOICE,2077,347
2024-01-24,CS-VOICE,1983,357
2024-01-25,CS-VOICE,1938,364
2024-01-26,CS-VOICE,1980,370
2024-01-27,CS-VOICE,1843,375
2024-01-28,CS-VOICE,1519,365
2024-01-29,CS-VOICE,2380,335
2024-01-30,CS-VOICE,2057,342
2024-01-31,CS-VOICE,2184,330
2024-02-01,CS-VOICE,1986,352
2024-02-02,CS-VOICE,1945,380
2024-02-03,CS-VOICE,1716,368
2024-02-04,CS-VOICE,1509,354
2024-02-05,CS-VOICE,2178,362
2024-02-06,CS-VOICE,1968,355
2024-02-07,CS-VOICE,2083,375
2024-02-08,CS-VOICE,2171,362
2024-02-09,CS-VOICE,1885,378
2024-02-10,CS-VOICE,1861,362
2024-02-11,CS-VOICE,1619,371
2024-02-12,CS-VOICE,2325,378
2024-02-13,CS-VOICE,1985,338
2024-02-14,CS-VOICE,2076,351
2024-02-15,CS-VOICE,1919,366
2024-02-16,CS-VOICE,1868,355
2024-02-17,CS-VOICE,1810,361
2024-02-18,CS-VOICE,1518,343
2024-02-19,CS-VOICE,2335,374
2024-02-20,CS-VOICE,2095,343
2024-02-21,CS-VOICE,1985,368
2024-02-22,CS-VOICE,2088,366
2024-02-23,CS-VOICE,2093,355
2024-02-24,CS-VOICE,1769,337
2024-02-25,CS-VOICE,1490,373
2024-02-26,CS-VOICE,2367,386
2024-02-27,CS-VOICE,2003,362
2024-02-28,CS-VOICE,2118,360
2024-02-29,CS-VOICE,1978,347
2024-03-01,CS-VOICE,1906,341
2024-03-02,CS-VOICE,1738,351
2024-03-03,CS-VOICE,1606,367
2024-03-04,CS-VOICE,2146,355
2024-03-05,CS-VOICE,2127,360
2024-03-06,CS-VOICE,2038,374
2024-03-07,CS-VOICE,1949,378
2024-03-08,CS-VOICE,1975,372
2024-03-09,CS-VOICE,1776,373
2024-03-10,CS-VOICE,1605,350
2024-03-11,CS-VOICE,2326,365
2024-03-12,CS-VOICE,1961,367
2024-03-13,CS-VOICE,2069,362
2024-03-14,CS-VOICE,2061,359
2024-03-15,CS-VOICE,2046,363
2024-03-16,CS-VOICE,1760,356
2024-03-17,CS-VOICE,1638,349
2024-03-18,CS-VOICE,2397,365
2024-03-19,CS-VOICE,2154,356
2024-03-20,CS-VOICE,2140,374
2024-03-21,CS-VOICE,1936,376
2024-03-22,CS-VOICE,1964,365
2024-03-23,CS-VOICE,1810,359
2024-03-24,CS-VOICE,1686,354
2024-03-25,CS-VOICE,2262,362
2024-03-26,CS-VOICE,2063,354
2024-03-27,CS-VOICE,2160,366
2024-03-28,CS-VOICE,2063,370
2024-03-29,CS-VOICE,1997,369
2024-03-30,CS-VOICE,1703,356
2024-03-31,CS-VOICE,1575,370
2024-04-01,CS-VOICE,2388,363
2024-04-02,CS-VOICE,2258,362
2024-04-03,CS-VOICE,2064,361
2024-04-04,CS-VOICE,2163,360
2024-04-05,CS-VOICE,1927,359
2024-04-06,CS-VOICE,1584,367
2024-04-07,CS-VOICE,1407,359
2024-04-08,CS-VOICE,2161,368
2024-04-09,CS-VOICE,2249,341
2024-04-10,CS-VOICE,2045,355
2024-04-11,CS-VOICE,1979,358
2024-04-12,CS-VOICE,1797,364
2024-04-13,CS-VOICE,1821,368
2024-04-14,CS-VOICE,1657,352
2024-04-15,CS-VOICE,2325,369
2024-04-16,CS-VOICE,2424,366
2024-04-17,CS-VOICE,2225,357
2024-04-18,CS-VOICE,2130,349
2024-04-19,CS-VOICE,2040,374
2024-04-20,CS-VOICE,1849,362
2024-04-21,CS-VOICE,1512,375
2024-04-22,CS-VOICE,2252,357
2024-04-23,CS-VOICE,2308,365
2024-04-24,CS-VOICE,2117,353
2024-04-25,CS-VOICE,2042,365
2024-04-26,CS-VOICE,1863,359
2024-04-27,CS-VOICE,1727,359
2024-04-28,CS-VOICE,1580,370
2024-04-29,CS-VOICE,2510,357
2024-04-30,CS-VOICE,2323,360
2024-05-01,CS-VOICE,2198,357
2024-05-02,CS-VOICE,2155,374
2024-05-03,CS-VOICE,2213,367
2024-05-04,CS-VOICE,1875,354
2024-05-05,CS-VOICE,1575,388
2024-05-06,CS-VOICE,2375,375
2024-05-07,CS-VOICE,2337,360
2024-05-08,CS-VOICE,2027,359
2024-05-09,CS-VOICE,1989,376
2024-05-10,CS-VOICE,2007,365
2024-05-11,CS-VOICE,1729,371
2024-05-12,CS-VOICE,1570,350
2024-05-13,CS-VOICE,2383,355
2024-05-14,CS-VOICE,2356,368
2024-05-15,CS-VOICE,2052,369
2024-05-16,CS-VOICE,1995,362
2024-05-17,CS-VOICE,1952,345
2024-05-18,CS-VOICE,1796,356
2024-05-19,CS-VOICE,1666,349
2024-05-20,CS-VOICE,2449,361
2024-05-21,CS-VOICE,2207,356
2024-05-22,CS-VOICE,2167,365
2024-05-23,CS-VOICE,1990,371
2024-05-24,CS-VOICE,2117,363
2024-05-25,CS-VOICE,1867,374
2024-05-26,CS-VOICE,1514,361
2024-05-27,CS-VOICE,2497,350
2024-05-28,CS-VOICE,2280,353
2024-05-29,CS-VOICE,2297,365
2024-05-30,CS-VOICE,2223,348
2024-05-31,CS-VOICE,1901,358
2024-06-01,CS-VOICE,1823,354
2024-06-02,CS-VOICE,1764,370
2024-06-03,CS-VOICE,2144,363
2024-06-04,CS-VOICE,2404,366
2024-06-05,CS-VOICE,2226,372
2024-06-06,CS-VOICE,2027,358
2024-06-07,CS-VOICE,1837,353
2024-06-08,CS-VOICE,1878,363
2024-06-09,CS-VOICE,1643,332
2024-06-10,CS-VOICE,2537,357
2024-06-11,CS-VOICE,2199,368
2024-06-12,CS-VOICE,2163,342
2024-06-13,CS-VOICE,2184,363
2024-06-14,CS-VOICE,1958,369
2024-06-15,CS-VOICE,1887,362
2024-06-16,CS-VOICE,1538,370
2024-06-17,CS-VOICE,2394,373
2024-06-18,CS-VOICE,2362,342
2024-06-19,CS-VOICE,2259,375
2024-06-20,CS-VOICE,2229,353
2024-06-21,CS-VOICE,1961,348
2024-06-22,CS-VOICE,1949,359
2024-06-23,CS-VOICE,1705,372
2024-06-24,CS-VOICE,2284,365
2024-06-25,CS-VOICE,2419,342
2024-06-26,CS-VOICE,2022,379
2024-06-27,CS-VOICE,2048,341
2024-06-28,CS-VOICE,2108,351
2024-06-29,CS-VOICE,1913,364
2024-06-30,CS-VOICE,1773,387
2024-07-01,CS-VOICE,2458,370
2024-07-02,CS-VOICE,2249,353
2024-07-03,CS-VOICE,2229,378
2024-07-04,CS-VOICE,1949,372
2024-07-05,CS-VOICE,2081,343
2024-07-06,CS-VOICE,2059,349
2024-07-07,CS-VOICE,1919,343
2024-07-08,CS-VOICE,2687,368
2024-07-09,CS-VOICE,2372,358
2024-07-10,CS-VOICE,2463,347
2024-07-11,CS-VOICE,2145,361
2024-07-12,CS-VOICE,2499,384
2024-07-13,CS-VOICE,2528,362
2024-07-14,CS-VOICE,2121,362
2024-07-15,CS-VOICE,3360,354
2024-07-16,CS-VOICE,2935,381
2024-07-17,CS-VOICE,2534,365
2024-07-18,CS-VOICE,2561,378
2024-07-19,CS-VOICE,2425,385
2024-07-20,CS-VOICE,2105,366
2024-07-21,CS-VOICE,1670,337
2024-07-22,CS-VOICE,2622,356
2024-07-23,CS-VOICE,2550,347
2024-07-24,CS-VOICE,2059,365
2024-07-25,CS-VOICE,2109,349
2024-07-26,CS-VOICE,2081,354
2024-07-27,CS-VOICE,1800,361
2024-07-28,CS-VOICE,1580,353
2024-07-29,CS-VOICE,2359,348
2024-07-30,CS-VOICE,2481,362
2024-07-31,CS-VOICE,2284,356
2024-08-01,CS-VOICE,2285,364
2024-08-02,CS-VOICE,1935,351
2024-08-03,CS-VOICE,1820,365
2024-08-04,CS-VOICE,1599,344
2024-08-05,CS-VOICE,2631,389
2024-08-06,CS-VOICE,2120,344
2024-08-07,CS-VOICE,2101,360
2024-08-08,CS-VOICE,1814,342
2024-08-09,CS-VOICE,2049,359
2024-08-10,CS-VOICE,2155,353
2024-08-11,CS-VOICE,1716,350
2024-08-12,CS-VOICE,2688,352
2024-08-13,CS-VOICE,2274,382
2024-08-14,CS-VOICE,2169,342
2024-08-15,CS-VOICE,2040,363
2024-08-16,CS-VOICE,2104,354
2024-08-17,CS-VOICE,1909,368
2024-08-18,CS-VOICE,1607,370
2024-08-19,CS-VOICE,2471,370
2024-08-20,CS-VOICE,2338,371
2024-08-21,CS-VOICE,2360,349
2024-08-22,CS-VOICE,2062,370
2024-08-23,CS-VOICE,2044,340
2024-08-24,CS-VOICE,2100,357
2024-08-25,CS-VOICE,1602,358
2024-08-26,CS-VOICE,2647,370
2024-08-27,CS-VOICE,2403,357
2024-08-28,CS-VOICE,2206,367
2024-08-29,CS-VOICE,1991,377
2024-08-30,CS-VOICE,2029,342
2024-08-31,CS-VOICE,1751,380
2024-09-01,CS-VOICE,1680,370
2024-09-02,CS-VOICE,2448,364
2024-09-03,CS-VOICE,2571,367
2024-09-04,CS-VOICE,2442,375
2024-09-05,CS-VOICE,2331,358
2024-09-06,CS-VOICE,2171,357
2024-09-07,CS-VOICE,1904,366
2024-09-08,CS-VOICE,1849,350
2024-09-09,CS-VOICE,2538,363
2024-09-10,CS-VOICE,2505,373
2024-09-11,CS-VOICE,2183,369
2024-09-12,CS-VOICE,2341,357
2024-09-13,CS-VOICE,2080,360
2024-09-14,CS-VOICE,2100,352
2024-09-15,CS-VOICE,1774,368
2024-09-16,CS-VOICE,2753,360
2024-09-17,CS-VOICE,2340,341
2024-09-18,CS-VOICE,2178,345
2024-09-19,CS-VOICE,2145,348
2024-09-20,CS-VOICE,2128,356
2024-09-21,CS-VOICE,1914,360
2024-09-22,CS-VOICE,1887,360
2024-09-23,CS-VOICE,2403,356
2024-09-24,CS-VOICE,2347,350
2024-09-25,CS-VOICE,2417,352
2024-09-26,CS-VOICE,2024,359
2024-09-27,CS-VOICE,2257,357
2024-09-28,CS-VOICE,1894,382
2024-09-29,CS-VOICE,1761,363
2024-09-30,CS-VOICE,2450,378
2024-10-01,CS-VOICE,2374,338
2024-10-02,CS-VOICE,2096,354
2024-10-03,CS-VOICE,2036,350
2024-10-04,CS-VOICE,2243,391
2024-10-05,CS-VOICE,1942,362
2024-10-06,CS-VOICE,1581,353
2024-10-07,CS-VOICE,2560,369
2024-10-08,CS-VOICE,2378,389
2024-10-09,CS-VOICE,2263,365
2024-10-10,CS-VOICE,2195,364
2024-10-11,CS-VOICE,2247,357
2024-10-12,CS-VOICE,2016,353
2024-10-13,CS-VOICE,1687,385
2024-10-14,CS-VOICE,2567,346
2024-10-15,CS-VOICE,2119,357
2024-10-16,CS-VOICE,2378,350
2024-10-17,CS-VOICE,2236,350
2024-10-18,CS-VOICE,2085,351
2024-10-19,CS-VOICE,2064,359
2024-10-20,CS-VOICE,1851,374
2024-10-21,CS-VOICE,2488,367
2024-10-22,CS-VOICE,2420,362
2024-10-23,CS-VOICE,2277,371
2024-10-24,CS-VOICE,2125,361
2024-10-25,CS-VOICE,2137,366
2024-10-26,CS-VOICE,2068,384
2024-10-27,CS-VOICE,1784,355
2024-10-28,CS-VOICE,2855,361
2024-10-29,CS-VOICE,2474,371
2024-10-30,CS-VOICE,2321,367
2024-10-31,CS-VOICE,2319,345
2024-11-01,CS-VOICE,2305,372
2024-11-02,CS-VOICE,2097,352
2024-11-03,CS-VOICE,1804,368
2024-11-04,CS-VOICE,3219,369
2024-11-05,CS-VOICE,2847,362
2024-11-06,CS-VOICE,2597,364
2024-11-07,CS-VOICE,2622,347
2024-11-08,CS-VOICE,2495,341
2024-11-09,CS-VOICE,2392,371
2024-11-10,CS-VOICE,2054,371
2024-11-11,CS-VOICE,3414,391
2024-11-12,CS-VOICE,3161,386
2024-11-13,CS-VOICE,2840,373
2024-11-14,CS-VOICE,2836,369
2024-11-15,CS-VOICE,3009,380
2024-11-16,CS-VOICE,2586,371
2024-11-17,CS-VOICE,2243,397
2024-11-18,CS-VOICE,3617,386
2024-11-19,CS-VOICE,3436,369
2024-11-20,CS-VOICE,3303,367
2024-11-21,CS-VOICE,3046,369
2024-11-22,CS-VOICE,3096,379
2024-11-23,CS-VOICE,2987,365
2024-11-24,CS-VOICE,2402,373
2024-11-25,CS-VOICE,3611,393
2024-11-26,CS-VOICE,3547,374
2024-11-27,CS-VOICE,3202,374
2024-11-28,CS-VOICE,2986,393
2024-11-29,CS-VOICE,3178,378
2024-11-30,CS-VOICE,2920,387
2024-12-01,CS-VOICE,2349,359
2024-12-02,CS-VOICE,3741,380
2024-12-03,CS-VOICE,3395,377
2024-12-04,CS-VOICE,3245,376
2024-12-05,CS-VOICE,3047,364
2024-12-06,CS-VOICE,2799,385
2024-12-07,CS-VOICE,2507,382
2024-12-08,CS-VOICE,2528,378
2024-12-09,CS-VOICE,3326,382
2024-12-10,CS-VOICE,2953,376
2024-12-11,CS-VOICE,2814,384
2024-12-12,CS-VOICE,2761,384
2024-12-13,CS-VOICE,2990,362
2024-12-14,CS-VOICE,2570,378
2024-12-15,CS-VOICE,2378,369
2024-12-16,CS-VOICE,3553,351
2024-12-17,CS-VOICE,2968,368
2024-12-18,CS-VOICE,3082,375
2024-12-19,CS-VOICE,2745,373
2024-12-20,CS-VOICE,2813,388
2024-12-21,CS-VOICE,2672,370
2024-12-22,CS-VOICE,2227,362
2024-12-23,CS-VOICE,3452,392
2024-12-24,CS-VOICE,3168,378
2024-12-25,CS-VOICE,2731,370
2024-12-26,CS-VOICE,2589,347
2024-12-27,CS-VOICE,2679,372
2024-12-28,CS-VOICE,2139,369
2024-12-29,CS-VOICE,2001,355
2024-12-30,CS-VOICE,2990,368
2024-12-31,CS-VOICE,2884,334
2025-01-01,CS-VOICE,2544,356
2025-01-02,CS-VOICE,2445,364
2025-01-03,CS-VOICE,2184,380
2025-01-04,CS-VOICE,2003,378
2025-01-05,CS-VOICE,1767,356
2025-01-06,CS-VOICE,2773,384
2025-01-07,CS-VOICE,2631,369
2025-01-08,CS-VOICE,2224,355
2025-01-09,CS-VOICE,2097,363
2025-01-10,CS-VOICE,2276,364
2025-01-11,CS-VOICE,1920,337
2025-01-12,CS-VOICE,1677,372
2025-01-13,CS-VOICE,2674,373
2025-01-14,CS-VOICE,2833,352
2025-01-15,CS-VOICE,2263,366
2025-01-16,CS-VOICE,2349,368
2025-01-17,CS-VOICE,2156,364
2025-01-18,CS-VOICE,2080,358
2025-01-19,CS-VOICE,1740,359
2025-01-20,CS-VOICE,2597,367
2025-01-21,CS-VOICE,2698,362
2025-01-22,CS-VOICE,2426,355
2025-01-23,CS-VOICE,2402,350
2025-01-24,CS-VOICE,2217,365
2025-01-25,CS-VOICE,1973,376
2025-01-26,CS-VOICE,1964,370
2025-01-27,CS-VOICE,2652,364
2025-01-28,CS-VOICE,2440,357
2025-01-29,CS-VOICE,2277,378
2025-01-30,CS-VOICE,2129,369
2025-01-31,CS-VOICE,2304,360
2025-02-01,CS-VOICE,1956,356
2025-02-02,CS-VOICE,1703,352
2025-02-03,CS-VOICE,2595,374
2025-02-04,CS-VOICE,2390,369
2025-02-05,CS-VOICE,2296,385
2025-02-06,CS-VOICE,2408,361
2025-02-07,CS-VOICE,2652,361
2025-02-08,CS-VOICE,2090,365
2025-02-09,CS-VOICE,1838,398
2025-02-10,CS-VOICE,2719,365
2025-02-11,CS-VOICE,2407,376
2025-02-12,CS-VOICE,2466,364
2025-02-13,CS-VOICE,2416,360
2025-02-14,CS-VOICE,2205,362
2025-02-15,CS-VOICE,2045,383
2025-02-16,CS-VOICE,2002,352
2025-02-17,CS-VOICE,2576,372
2025-02-18,CS-VOICE,2540,358
2025-02-19,CS-VOICE,2393,346
2025-02-20,CS-VOICE,2204,374
2025-02-21,CS-VOICE,2028,349
2025-02-22,CS-VOICE,2065,363
2025-02-23,CS-VOICE,1847,350
2025-02-24,CS-VOICE,2796,355
2025-02-25,CS-VOICE,2302,375
2025-02-26,CS-VOICE,2258,355
2025-02-27,CS-VOICE,2488,357
2025-02-28,CS-VOICE,2288,371
2025-03-01,CS-VOICE,2119,377
2025-03-02,CS-VOICE,2042,353
2025-03-03,CS-VOICE,2606,371
2025-03-04,CS-VOICE,2657,350
2025-03-05,CS-VOICE,2574,368
2025-03-06,CS-VOICE,2318,346
2025-03-07,CS-VOICE,2337,355
2025-03-08,CS-VOICE,2107,363
2025-03-09,CS-VOICE,1865,366
2025-03-10,CS-VOICE,2996,355
2025-03-11,CS-VOICE,2565,379
2025-03-12,CS-VOICE,2450,363
2025-03-13,CS-VOICE,2382,352
2025-03-14,CS-VOICE,2267,365
2025-03-15,CS-VOICE,2309,373
2025-03-16,CS-VOICE,1883,336
2025-03-17,CS-VOICE,2642,357
2025-03-18,CS-VOICE,2566,370
2025-03-19,CS-VOICE,2476,361
2025-03-20,CS-VOICE,2239,351
2025-03-21,CS-VOICE,2174,361
2025-03-22,CS-VOICE,1943,359
2025-03-23,CS-VOICE,1769,356
2025-03-24,CS-VOICE,2704,351
2025-03-25,CS-VOICE,2514,353
2025-03-26,CS-VOICE,2545,358
2025-03-27,CS-VOICE,2319,358
2025-03-28,CS-VOICE,2326,372
2025-03-29,CS-VOICE,1968,348
2025-03-30,CS-VOICE,1693,352
2025-03-31,CS-VOICE,2738,364
2025-04-01,CS-VOICE,2570,365
2025-04-02,CS-VOICE,2421,351
2025-04-03,CS-VOICE,2482,376
2025-04-04,CS-VOICE,2151,370
2025-04-05,CS-VOICE,2063,369
2025-04-06,CS-VOICE,1893,372
2025-04-07,CS-VOICE,2852,377
2025-04-08,CS-VOICE,2459,367
2025-04-09,CS-VOICE,2492,399
2025-04-10,CS-VOICE,2260,356
2025-04-11,CS-VOICE,2294,357
2025-04-12,CS-VOICE,2014,355
2025-04-13,CS-VOICE,1785,348
2025-04-14,CS-VOICE,2676,360
2025-04-15,CS-VOICE,2446,349
2025-04-16,CS-VOICE,2501,373
2025-04-17,CS-VOICE,2258,367
2025-04-18,CS-VOICE,2276,356
2025-04-19,CS-VOICE,2130,343
2025-04-20,CS-VOICE,1806,356
2025-04-21,CS-VOICE,2847,356
2025-04-22,CS-VOICE,2777,354
2025-04-23,CS-VOICE,2341,365
2025-04-24,CS-VOICE,2390,368
2025-04-25,CS-VOICE,2344,340
2025-04-26,CS-VOICE,2091,352
2025-04-27,CS-VOICE,1949,356
2025-04-28,CS-VOICE,2799,348
2025-04-29,CS-VOICE,2500,373
2025-04-30,CS-VOICE,2508,365
2025-05-01,CS-VOICE,2358,366
2025-05-02,CS-VOICE,2320,357
2025-05-03,CS-VOICE,2298,373
2025-05-04,CS-VOICE,1803,366
2025-05-05,CS-VOICE,2930,359
2025-05-06,CS-VOICE,2466,346
2025-05-07,CS-VOICE,2522,359
2025-05-08,CS-VOICE,2552,346
2025-05-09,CS-VOICE,2247,342
2025-05-10,CS-VOICE,2177,367
2025-05-11,CS-VOICE,1941,345
2025-05-12,CS-VOICE,2744,361
2025-05-13,CS-VOICE,2529,354
2025-05-14,CS-VOICE,2476,350
2025-05-15,CS-VOICE,2256,360
2025-05-16,CS-VOICE,2351,354
2025-05-17,CS-VOICE,2211,355
2025-05-18,CS-VOICE,1869,349
2025-05-19,CS-VOICE,2580,378
2025-05-20,CS-VOICE,2751,356
2025-05-21,CS-VOICE,2451,365
2025-05-22,CS-VOICE,2372,359
2025-05-23,CS-VOICE,2564,348
2025-05-24,CS-VOICE,2041,370
2025-05-25,CS-VOICE,1754,364
2025-05-26,CS-VOICE,2817,336
2025-05-27,CS-VOICE,2490,361
2025-05-28,CS-VOICE,2272,351
2025-05-29,CS-VOICE,2538,363
2025-05-30,CS-VOICE,2285,354
2025-05-31,CS-VOICE,2130,352
2025-06-01,CS-VOICE,1975,358
2025-06-02,CS-VOICE,2936,380
2025-06-03,CS-VOICE,2575,373
2025-06-04,CS-VOICE,2525,352
2025-06-05,CS-VOICE,2535,354
2025-06-06,CS-VOICE,2407,349
2025-06-07,CS-VOICE,2321,378
2025-06-08,CS-VOICE,1923,362
2025-06-09,CS-VOICE,2782,364
2025-06-10,CS-VOICE,2709,347
2025-06-11,CS-VOICE,2491,363
2025-06-12,CS-VOICE,2402,366
2025-06-13,CS-VOICE,2287,356
2025-06-14,CS-VOICE,2185,351
2025-06-15,CS-VOICE,1979,359
2025-06-16,CS-VOICE,2777,363
2025-06-17,CS-VOICE,2642,354
2025-06-18,CS-VOICE,2616,375
2025-06-19,CS-VOICE,2342,363
2025-06-20,CS-VOICE,2406,351
2025-06-21,CS-VOICE,2136,355
2025-06-22,CS-VOICE,1844,352
2025-06-23,CS-VOICE,2629,382
2025-06-24,CS-VOICE,2647,374
2025-06-25,CS-VOICE,2598,367
2025-06-26,CS-VOICE,2421,368
2025-06-27,CS-VOICE,2324,371
2025-06-28,CS-VOICE,2277,385
2025-06-29,CS-VOICE,1909,365
2025-06-30,CS-VOICE,2723,363
2025-07-01,CS-VOICE,2680,359
2025-07-02,CS-VOICE,2594,347
2025-07-03,CS-VOICE,2436,349
2025-07-04,CS-VOICE,2401,367
2025-07-05,CS-VOICE,2054,363
2025-07-06,CS-VOICE,2045,364
2025-07-07,CS-VOICE,3184,353
2025-07-08,CS-VOICE,2850,346
2025-07-09,CS-VOICE,2883,358
2025-07-10,CS-VOICE,2609,343
2025-07-11,CS-VOICE,2584,360
2025-07-12,CS-VOICE,2553,367
2025-07-13,CS-VOICE,2276,364
2025-07-14,CS-VOICE,3416,352
2025-07-15,CS-VOICE,3237,374
2025-07-16,CS-VOICE,3214,395
2025-07-17,CS-VOICE,2874,374
2025-07-18,CS-VOICE,2805,372
2025-07-19,CS-VOICE,2692,380
2025-07-20,CS-VOICE,2209,366
2025-07-21,CS-VOICE,3505,373
2025-07-22,CS-VOICE,3118,361
2025-07-23,CS-VOICE,2577,351
2025-07-24,CS-VOICE,2418,362
2025-07-25,CS-VOICE,2541,351
2025-07-26,CS-VOICE,2340,353
2025-07-27,CS-VOICE,2003,348
2025-07-28,CS-VOICE,2826,349
2025-07-29,CS-VOICE,2942,345
2025-07-30,CS-VOICE,2415,371
2025-07-31,CS-VOICE,2424,361
2025-08-01,CS-VOICE,2439,376
2025-08-02,CS-VOICE,2237,367
2025-08-03,CS-VOICE,2007,346
2025-08-04,CS-VOICE,2883,352
2025-08-05,CS-VOICE,2731,363
2025-08-06,CS-VOICE,2512,361
2025-08-07,CS-VOICE,2615,370
2025-08-08,CS-VOICE,2351,375
2025-08-09,CS-VOICE,2352,363
2025-08-10,CS-VOICE,1986,372
2025-08-11,CS-VOICE,2975,350
2025-08-12,CS-VOICE,2728,361
2025-08-13,CS-VOICE,2466,369
2025-08-14,CS-VOICE,2411,361
2025-08-15,CS-VOICE,2517,358
2025-08-16,CS-VOICE,2023,373
2025-08-17,CS-VOICE,2020,350
2025-08-18,CS-VOICE,2800,345
2025-08-19,CS-VOICE,2941,349
2025-08-20,CS-VOICE,2732,356
2025-08-21,CS-VOICE,2492,347
2025-08-22,CS-VOICE,2288,361
2025-08-23,CS-VOICE,2170,357
2025-08-24,CS-VOICE,2085,377
2025-08-25,CS-VOICE,3058,359
2025-08-26,CS-VOICE,2496,380
2025-08-27,CS-VOICE,2464,367
2025-08-28,CS-VOICE,2580,362
2025-08-29,CS-VOICE,2329,345
2025-08-30,CS-VOICE,2248,357
2025-08-31,CS-VOICE,1789,372
2025-09-01,CS-VOICE,3106,370
2025-09-02,CS-VOICE,2486,355
2025-09-03,CS-VOICE,2569,341
2025-09-04,CS-VOICE,2685,364
2025-09-05,CS-VOICE,2404,380
2025-09-06,CS-VOICE,2297,369
2025-09-07,CS-VOICE,1876,364
2025-09-08,CS-VOICE,2734,352
2025-09-09,CS-VOICE,2995,363
2025-09-10,CS-VOICE,2599,357
2025-09-11,CS-VOICE,2721,345
2025-09-12,CS-VOICE,2575,352
2025-09-13,CS-VOICE,2294,363
2025-09-14,CS-VOICE,1936,352
2025-09-15,CS-VOICE,3063,373
2025-09-16,CS-VOICE,2355,359
2025-09-17,CS-VOICE,2523,356
2025-09-18,CS-VOICE,2365,357
2025-09-19,CS-VOICE,2354,365
2025-09-20,CS-VOICE,2226,353
2025-09-21,CS-VOICE,2041,337
2025-09-22,CS-VOICE,3173,353
2025-09-23,CS-VOICE,2731,371
2025-09-24,CS-VOICE,2722,353
2025-09-25,CS-VOICE,2381,362
2025-09-26,CS-VOICE,2246,348
2025-09-27,CS-VOICE,2331,366
2025-09-28,CS-VOICE,1861,356
2025-09-29,CS-VOICE,2969,357
2025-09-30,CS-VOICE,3035,358
2025-10-01,CS-VOICE,2393,372
2025-10-02,CS-VOICE,2417,348
2025-10-03,CS-VOICE,2330,353
2025-10-04,CS-VOICE,2411,366
2025-10-05,CS-VOICE,1942,342
2025-10-06,CS-VOICE,3010,361
2025-10-07,CS-VOICE,2859,360
2025-10-08,CS-VOICE,2545,353
2025-10-09,CS-VOICE,2767,373
2025-10-10,CS-VOICE,2389,348
2025-10-11,CS-VOICE,2487,361
2025-10-12,CS-VOICE,2148,345
2025-10-13,CS-VOICE,3031,354
2025-10-14,CS-VOICE,2711,343
2025-10-15,CS-VOICE,2400,351
2025-10-16,CS-VOICE,2591,379
2025-10-17,CS-VOICE,2396,349
2025-10-18,CS-VOICE,2312,361
2025-10-19,CS-VOICE,1914,347
2025-10-20,CS-VOICE,3007,378
2025-10-21,CS-VOICE,2847,359
2025-10-22,CS-VOICE,2616,351
2025-10-23,CS-VOICE,2607,355
2025-10-24,CS-VOICE,2603,340
2025-10-25,CS-VOICE,2579,357
2025-10-26,CS-VOICE,2086,357
2025-10-27,CS-VOICE,2910,371
2025-10-28,CS-VOICE,3146,351
2025-10-29,CS-VOICE,2924,367
2025-10-30,CS-VOICE,2678,351
2025-10-31,CS-VOICE,2508,353
2025-11-01,CS-VOICE,2411,353
2025-11-02,CS-VOICE,2086,347
2025-11-03,CS-VOICE,2902,365
2025-11-04,CS-VOICE,2899,363
2025-11-05,CS-VOICE,2950,365
2025-11-06,CS-VOICE,3056,360
2025-11-07,CS-VOICE,2894,356
2025-11-08,CS-VOICE,2589,362
2025-11-09,CS-VOICE,2255,357
2025-11-10,CS-VOICE,3412,348
2025-11-11,CS-VOICE,3459,356
2025-11-12,CS-VOICE,3241,375
2025-11-13,CS-VOICE,3229,380
2025-11-14,CS-VOICE,3206,373
2025-11-15,CS-VOICE,3223,362
2025-11-16,CS-VOICE,2763,371
2025-11-17,CS-VOICE,4231,381
2025-11-18,CS-VOICE,3479,377
2025-11-19,CS-VOICE,3509,406
2025-11-20,CS-VOICE,3677,362
2025-11-21,CS-VOICE,3627,387
2025-11-22,CS-VOICE,2868,381
2025-11-23,CS-VOICE,3277,360
2025-11-24,CS-VOICE,4079,384
2025-11-25,CS-VOICE,4101,384
2025-11-26,CS-VOICE,4013,385
2025-11-27,CS-VOICE,3442,371
2025-11-28,CS-VOICE,3242,364
2025-11-29,CS-VOICE,3498,370
2025-11-30,CS-VOICE,3112,377
2025-12-01,CS-VOICE,4486,379
2025-12-02,CS-VOICE,3891,369
2025-12-03,CS-VOICE,3758,392
2025-12-04,CS-VOICE,3359,369
2025-12-05,CS-VOICE,3510,370
2025-12-06,CS-VOICE,3368,359
2025-12-07,CS-VOICE,2809,360
2025-12-08,CS-VOICE,3788,395
2025-12-09,CS-VOICE,3740,351
2025-12-10,CS-VOICE,3322,374
2025-12-11,CS-VOICE,3086,382
2025-12-12,CS-VOICE,3597,383
2025-12-13,CS-VOICE,2978,398
2025-12-14,CS-VOICE,2576,357
2025-12-15,CS-VOICE,3941,381
2025-12-16,CS-VOICE,3556,372
2025-12-17,CS-VOICE,3335,386
2025-12-18,CS-VOICE,3374,355
2025-12-19,CS-VOICE,3195,387
2025-12-20,CS-VOICE,2790,386
2025-12-21,CS-VOICE,2563,378
2025-12-22,CS-VOICE,3705,375
2025-12-23,CS-VOICE,3600,380
2025-12-24,CS-VOICE,3373,369
2025-12-25,CS-VOICE,3156,377
2025-12-26,CS-VOICE,3050,365
2025-12-27,CS-VOICE,2727,364
2025-12-28,CS-VOICE,2577,361
2025-12-29,CS-VOICE,3666,369
2025-12-30,CS-VOICE,2873,353
2025-12-31,CS-VOICE,2691,375
2026-01-01,CS-VOICE,2810,356
2026-01-02,CS-VOICE,2965,360
2026-01-03,CS-VOICE,2614,359
2026-01-04,CS-VOICE,2083,347
2026-01-05,CS-VOICE,3082,365
2026-01-06,CS-VOICE,2893,374
2026-01-07,CS-VOICE,2828,363
2026-01-08,CS-VOICE,2535,343
2026-01-09,CS-VOICE,2441,364
2026-01-10,CS-VOICE,2506,353
2026-01-11,CS-VOICE,2120,356
2026-01-12,CS-VOICE,3052,361
2026-01-13,CS-VOICE,2922,374
2026-01-14,CS-VOICE,2795,331
2026-01-15,CS-VOICE,2683,366
2026-01-16,CS-VOICE,2488,361
2026-01-17,CS-VOICE,2380,348
2026-01-18,CS-VOICE,1954,360
2026-01-19,CS-VOICE,3204,367
2026-01-20,CS-VOICE,2995,363
2026-01-21,CS-VOICE,2730,364
2026-01-22,CS-VOICE,2609,362
2026-01-23,CS-VOICE,2671,352
2026-01-24,CS-VOICE,2407,360
2026-01-25,CS-VOICE,2046,389
2026-01-26,CS-VOICE,3267,352
2026-01-27,CS-VOICE,2934,367
2026-01-28,CS-VOICE,2812,343
2026-01-29,CS-VOICE,2721,374
2026-01-30,CS-VOICE,2695,347
2026-01-31,CS-VOICE,2468,348
2026-02-01,CS-VOICE,2037,340
2026-02-02,CS-VOICE,3000,356
2026-02-03,CS-VOICE,3102,361
2026-02-04,CS-VOICE,2664,350
2026-02-05,CS-VOICE,2773,363
2026-02-06,CS-VOICE,2672,370
2026-02-07,CS-VOICE,2360,341
2026-02-08,CS-VOICE,2188,349
2026-02-09,CS-VOICE,3283,359
2026-02-10,CS-VOICE,3020,361
2026-02-11,CS-VOICE,2606,350
2026-02-12,CS-VOICE,2408,359
2026-02-13,CS-VOICE,2658,368
2026-02-14,CS-VOICE,2389,372
2026-02-15,CS-VOICE,2071,353
2026-02-16,CS-VOICE,3371,361
2026-02-17,CS-VOICE,2895,369
2026-02-18,CS-VOICE,2585,378
2026-02-19,CS-VOICE,2650,357
2026-02-20,CS-VOICE,2416,350
2026-02-21,CS-VOICE,2370,365
2026-02-22,CS-VOICE,2296,352
2026-02-23,CS-VOICE,2855,360
2026-02-24,CS-VOICE,2838,330
2026-02-25,CS-VOICE,2495,352
2026-02-26,CS-VOICE,2541,363
2026-02-27,CS-VOICE,2485,364
2026-02-28,CS-VOICE,2438,362
2026-03-01,CS-VOICE,2215,369
2026-03-02,CS-VOICE,3085,374
2026-03-03,CS-VOICE,2856,357
2026-03-04,CS-VOICE,2940,368
2026-03-05,CS-VOICE,2916,360
2026-03-06,CS-VOICE,2490,346
2026-03-07,CS-VOICE,2468,353
2026-03-08,CS-VOICE,2213,349
2026-03-09,CS-VOICE,3255,379
2026-03-10,CS-VOICE,2806,374
2026-03-11,CS-VOICE,2917,375
2026-03-12,CS-VOICE,2897,364
2026-03-13,CS-VOICE,2397,356
2026-03-14,CS-VOICE,2443,361
2026-03-15,CS-VOICE,2133,376
2026-03-16,CS-VOICE,3554,355
2026-03-17,CS-VOICE,2789,349
2026-03-18,CS-VOICE,3008,367
2026-03-19,CS-VOICE,2674,359
2026-03-20,CS-VOICE,2657,352
2026-03-21,CS-VOICE,2167,358
2026-03-22,CS-VOICE,1968,366
2026-03-23,CS-VOICE,3369,352
2026-03-24,CS-VOICE,2904,346
2026-03-25,CS-VOICE,2934,372
2026-03-26,CS-VOICE,2565,375
2026-03-27,CS-VOICE,2695,353
2026-03-28,CS-VOICE,2232,358
2026-03-29,CS-VOICE,2191,360
2026-03-30,CS-VOICE,3073,355
2026-03-31,CS-VOICE,2878,353
2026-04-01,CS-VOICE,2972,363
2026-04-02,CS-VOICE,2781,340
2026-04-03,CS-VOICE,2616,350
2026-04-04,CS-VOICE,2456,357
2026-04-05,CS-VOICE,1979,378
2026-04-06,CS-VOICE,3420,338
2026-04-07,CS-VOICE,3309,362
2026-04-08,CS-VOICE,2878,366
2026-04-09,CS-VOICE,2553,349
2026-04-10,CS-VOICE,2601,364
2026-04-11,CS-VOICE,2536,364
2026-04-12,CS-VOICE,2112,346
2026-04-13,CS-VOICE,3510,360
2026-04-14,CS-VOICE,3132,341
2026-04-15,CS-VOICE,2713,366
2026-04-16,CS-VOICE,2761,350
2026-04-17,CS-VOICE,2729,377
2026-04-18,CS-VOICE,2658,362
2026-04-19,CS-VOICE,2124,374
2026-04-20,CS-VOICE,2997,363
2026-04-21,CS-VOICE,3073,357
2026-04-22,CS-VOICE,2841,351
2026-04-23,CS-VOICE,2797,367
2026-04-24,CS-VOICE,2488,367
2026-04-25,CS-VOICE,2362,355
2026-04-26,CS-VOICE,2137,350
2026-04-27,CS-VOICE,3354,367
2026-04-28,CS-VOICE,2985,382
2026-04-29,CS-VOICE,2955,358
2026-04-30,CS-VOICE,2658,379
2026-05-01,CS-VOICE,2468,370
2026-05-02,CS-VOICE,2411,343
2026-05-03,CS-VOICE,2108,368
2026-05-04,CS-VOICE,3416,352
2026-05-05,CS-VOICE,2916,384
2026-05-06,CS-VOICE,3075,366
2026-05-07,CS-VOICE,2422,344
2026-05-08,CS-VOICE,2643,367
2026-05-09,CS-VOICE,2396,354
2026-05-10,CS-VOICE,2091,366
2026-05-11,CS-VOICE,3111,366
2026-05-12,CS-VOICE,2929,381
2026-05-13,CS-VOICE,2916,349
2026-05-14,CS-VOICE,2799,366
2026-05-15,CS-VOICE,2446,364
2026-05-16,CS-VOICE,2490,357
2026-05-17,CS-VOICE,2283,370
2026-05-18,CS-VOICE,3366,351
2026-05-19,CS-VOICE,2824,363
2026-05-20,CS-VOICE,3062,358
2026-05-21,CS-VOICE,2827,364
2026-05-22,CS-VOICE,2737,363
2026-05-23,CS-VOICE,2298,355
2026-05-24,CS-VOICE,2281,367
2026-05-25,CS-VOICE,3168,372
2026-05-26,CS-VOICE,2911,357
2026-05-27,CS-VOICE,2948,379
2026-05-28,CS-VOICE,2679,376
2026-05-29,CS-VOICE,2621,343
2026-05-30,CS-VOICE,2531,361
2026-05-31,CS-VOICE,2027,326
2026-06-01,CS-VOICE,3369,372
2026-06-02,CS-VOICE,3189,368
2026-06-03,CS-VOICE,2778,363
2026-06-04,CS-VOICE,2813,379
2026-06-05,CS-VOICE,2704,365
2026-06-06,CS-VOICE,2539,353
2026-06-07,CS-VOICE,2415,339
2026-06-08,CS-VOICE,3010,377
2026-06-09,CS-VOICE,3205,377
2026-06-10,CS-VOICE,2726,347
2026-06-11,CS-VOICE,2473,359
2026-06-12,CS-VOICE,2660,345
2026-06-13,CS-VOICE,2526,361
2026-06-14,CS-VOICE,2201,368
2026-06-15,CS-VOICE,3548,373
2026-06-16,CS-VOICE,3033,383
2026-06-17,CS-VOICE,2777,355
2026-06-18,CS-VOICE,2868,362
2026-06-19,CS-VOICE,2897,359
2026-06-20,CS-VOICE,2394,346
2026-06-21,CS-VOICE,2118,361
2026-06-22,CS-VOICE,3144,358
2026-06-23,CS-VOICE,2713,373
2026-06-24,CS-VOICE,2892,364
2026-06-25,CS-VOICE,2991,378
2026-06-26,CS-VOICE,2955,344
2026-06-27,CS-VOICE,2560,362
2026-06-28,CS-VOICE,2116,341
2026-06-29,CS-VOICE,3215,362
2026-06-30,CS-VOICE,3136,367
2026-07-01,CS-VOICE,2963,376
2026-07-02,CS-VOICE,3057,346
2026-07-03,CS-VOICE,2527,348
2026-07-04,CS-VOICE,2578,342
2026-07-05,CS-VOICE,2154,358
2026-07-06,CS-VOICE,3429,358
2026-07-07,CS-VOICE,3328,361
2026-07-08,CS-VOICE,2920,362
2026-07-09,CS-VOICE,3054,352
2026-07-10,CS-VOICE,2841,388
2026-07-11,CS-VOICE,2747,374
2026-07-12,CS-VOICE,2528,390
2026-07-13,CS-VOICE,3975,353
2026-07-14,CS-VOICE,3391,386
2026-07-15,CS-VOICE,3446,353
2026-07-16,CS-VOICE,3854,370
2026-07-17,CS-VOICE,3435,385
2026-07-18,CS-VOICE,3253,368
2026-07-19,CS-VOICE,2531,368
2026-07-20,CS-VOICE,3675,352
2026-07-21,CS-VOICE,3528,362
2026-07-22,CS-VOICE,3087,362
2026-07-23,CS-VOICE,2692,355
2026-07-24,CS-VOICE,3223,360
2026-07-25,CS-VOICE,2770,345
2026-07-26,CS-VOICE,2051,371
2026-07-27,CS-VOICE,3252,375
2026-07-28,CS-VOICE,2977,355
2026-07-29,CS-VOICE,3111,351
2026-07-30,CS-VOICE,2710,368
2026-07-31,CS-VOICE,2815,366
2026-08-01,CS-VOICE,2453,379
2026-08-02,CS-VOICE,2251,362
2026-08-03,CS-VOICE,3327,365
2026-08-04,CS-VOICE,2934,334
2026-08-05,CS-VOICE,2920,349
2026-08-06,CS-VOICE,2670,354
2026-08-07,CS-VOICE,2758,361
2026-08-08,CS-VOICE,2640,373
2026-08-09,CS-VOICE,2432,355
2026-08-10,CS-VOICE,3622,370
2026-08-11,CS-VOICE,3080,374
2026-08-12,CS-VOICE,2631,352
2026-08-13,CS-VOICE,2872,367
2026-08-14,CS-VOICE,2678,361
2026-08-15,CS-VOICE,2519,354
2026-08-16,CS-VOICE,2417,357
2026-08-17,CS-VOICE,3181,344
2026-08-18,CS-VOICE,3012,369
2026-08-19,CS-VOICE,2753,342
2026-08-20,CS-VOICE,2871,366
2026-08-21,CS-VOICE,2862,353
2026-08-22,CS-VOICE,2497,346
2026-08-23,CS-VOICE,2121,345
2026-08-24,CS-VOICE,3395,366
2026-08-25,CS-VOICE,3004,349
2026-08-26,CS-VOICE,3282,360
2026-08-27,CS-VOICE,2748,363
2026-08-28,CS-VOICE,2846,360
2026-08-29,CS-VOICE,2570,345
2026-08-30,CS-VOICE,2250,374
2026-08-31,CS-VOICE,3643,347
2026-09-01,CS-VOICE,3310,356
2026-09-02,CS-VOICE,2862,344
2026-09-03,CS-VOICE,2732,365
2026-09-04,CS-VOICE,2806,370
2026-09-05,CS-VOICE,2674,372
2026-09-06,CS-VOICE,2410,355
2026-09-07,CS-VOICE,3469,358
2026-09-08,CS-VOICE,3209,355
2026-09-09,CS-VOICE,3055,351
2026-09-10,CS-VOICE,2990,351
2026-09-11,CS-VOICE,2859,357
2026-09-12,CS-VOICE,2750,351
2026-09-13,CS-VOICE,2261,369
2026-09-14,CS-VOICE,3287,370
2026-09-15,CS-VOICE,3322,376
2026-09-16,CS-VOICE,2787,357
2026-09-17,CS-VOICE,3027,371
2026-09-18,CS-VOICE,2842,361
2026-09-19,CS-VOICE,2505,366
2026-09-20,CS-VOICE,2428,372
2026-09-21,CS-VOICE,3411,366
2026-09-22,CS-VOICE,3248,350
2026-09-23,CS-VOICE,2959,353
2026-09-24,CS-VOICE,2821,362
2026-09-25,CS-VOICE,2627,371
2026-09-26,CS-VOICE,2652,354
2026-09-27,CS-VOICE,2271,358
2023-10-02,CS-CHAT,941,562
2023-10-03,CS-CHAT,896,540
2023-10-04,CS-CHAT,790,536
2023-10-05,CS-CHAT,847,567
2023-10-06,CS-CHAT,789,530
2023-10-07,CS-CHAT,745,557
2023-10-08,CS-CHAT,654,528
2023-10-09,CS-CHAT,1000,552
2023-10-10,CS-CHAT,935,527
2023-10-11,CS-CHAT,864,544
2023-10-12,CS-CHAT,890,518
2023-10-13,CS-CHAT,834,557
2023-10-14,CS-CHAT,732,524
2023-10-15,CS-CHAT,656,569
2023-10-16,CS-CHAT,935,576
2023-10-17,CS-CHAT,969,542
2023-10-18,CS-CHAT,889,509
2023-10-19,CS-CHAT,851,562
2023-10-20,CS-CHAT,824,563
2023-10-21,CS-CHAT,753,571
2023-10-22,CS-CHAT,652,539
2023-10-23,CS-CHAT,1061,542
2023-10-24,CS-CHAT,981,583
2023-10-25,CS-CHAT,828,546
2023-10-26,CS-CHAT,866,523
2023-10-27,CS-CHAT,762,560
2023-10-28,CS-CHAT,771,559
2023-10-29,CS-CHAT,706,541
2023-10-30,CS-CHAT,999,543
2023-10-31,CS-CHAT,941,567
2023-11-01,CS-CHAT,946,552
2023-11-02,CS-CHAT,935,546
2023-11-03,CS-CHAT,930,533
2023-11-04,CS-CHAT,881,552
2023-11-05,CS-CHAT,690,529
2023-11-06,CS-CHAT,1147,525
2023-11-07,CS-CHAT,1034,532
2023-11-08,CS-CHAT,1040,528
2023-11-09,CS-CHAT,922,550
2023-11-10,CS-CHAT,1054,512
2023-11-11,CS-CHAT,922,560
2023-11-12,CS-CHAT,792,563
2023-11-13,CS-CHAT,1342,566
2023-11-14,CS-CHAT,1174,571
2023-11-15,CS-CHAT,1105,592
2023-11-16,CS-CHAT,1049,564
2023-11-17,CS-CHAT,1108,544
2023-11-18,CS-CHAT,954,577
2023-11-19,CS-CHAT,846,585
2023-11-20,CS-CHAT,1435,581
2023-11-21,CS-CHAT,1224,565
2023-11-22,CS-CHAT,1242,569
2023-11-23,CS-CHAT,1249,552
2023-11-24,CS-CHAT,1200,543
2023-11-25,CS-CHAT,1149,587
2023-11-26,CS-CHAT,982,578
2023-11-27,CS-CHAT,1367,545
2023-11-28,CS-CHAT,1302,572
2023-11-29,CS-CHAT,1356,523
2023-11-30,CS-CHAT,1345,551
2023-12-01,CS-CHAT,1299,549
2023-12-02,CS-CHAT,1105,537
2023-12-03,CS-CHAT,1004,591
2023-12-04,CS-CHAT,1249,547
2023-12-05,CS-CHAT,1371,549
2023-12-06,CS-CHAT,1199,568
2023-12-07,CS-CHAT,1165,587
2023-12-08,CS-CHAT,1077,567
2023-12-09,CS-CHAT,945,587
2023-12-10,CS-CHAT,863,579
2023-12-11,CS-CHAT,1357,535
2023-12-12,CS-CHAT,1275,563
2023-12-13,CS-CHAT,1101,569
2023-12-14,CS-CHAT,1114,548
2023-12-15,CS-CHAT,980,562
2023-12-16,CS-CHAT,954,566
2023-12-17,CS-CHAT,864,576
2023-12-18,CS-CHAT,1272,611
2023-12-19,CS-CHAT,1139,548
2023-12-20,CS-CHAT,1148,594
2023-12-21,CS-CHAT,1173,542
2023-12-22,CS-CHAT,1060,551
2023-12-23,CS-CHAT,1032,554
2023-12-24,CS-CHAT,847,569
2023-12-25,CS-CHAT,1163,556
2023-12-26,CS-CHAT,1078,555
2023-12-27,CS-CHAT,981,524
2023-12-28,CS-CHAT,900,537
2023-12-29,CS-CHAT,995,525
2023-12-30,CS-CHAT,879,557
2023-12-31,CS-CHAT,759,541
2024-01-01,CS-CHAT,1092,532
2024-01-02,CS-CHAT,909,524
2024-01-03,CS-CHAT,927,543
2024-01-04,CS-CHAT,854,550
2024-01-05,CS-CHAT,795,568
2024-01-06,CS-CHAT,837,557
2024-01-07,CS-CHAT,674,524
2024-01-08,CS-CHAT,959,535
2024-01-09,CS-CHAT,889,532
2024-01-10,CS-CHAT,920,521
2024-01-11,CS-CHAT,755,561
2024-01-12,CS-CHAT,856,543
2024-01-13,CS-CHAT,788,546
2024-01-14,CS-CHAT,688,556
2024-01-15,CS-CHAT,1008,521
2024-01-16,CS-CHAT,979,523
2024-01-17,CS-CHAT,900,553
2024-01-18,CS-CHAT,846,545
2024-01-19,CS-CHAT,862,524
2024-01-20,CS-CHAT,762,555
2024-01-21,CS-CHAT,692,542
2024-01-22,CS-CHAT,1089,557
2024-01-23,CS-CHAT,1046,555
2024-01-24,CS-CHAT,939,552
2024-01-25,CS-CHAT,977,536
2024-01-26,CS-CHAT,866,524
2024-01-27,CS-CHAT,836,549
2024-01-28,CS-CHAT,701,541
2024-01-29,CS-CHAT,919,549
2024-01-30,CS-CHAT,1038,576
2024-01-31,CS-CHAT,933,515
2024-02-01,CS-CHAT,861,546
2024-02-02,CS-CHAT,771,529
2024-02-03,CS-CHAT,728,551
2024-02-04,CS-CHAT,691,547
2024-02-05,CS-CHAT,1054,533
2024-02-06,CS-CHAT,956,512
2024-02-07,CS-CHAT,849,535
2024-02-08,CS-CHAT,855,556
2024-02-09,CS-CHAT,863,538
2024-02-10,CS-CHAT,754,545
2024-02-11,CS-CHAT,727,523
2024-02-12,CS-CHAT,1000,522
2024-02-13,CS-CHAT,994,561
2024-02-14,CS-CHAT,960,537
2024-02-15,CS-CHAT,872,551
2024-02-16,CS-CHAT,836,538
2024-02-17,CS-CHAT,731,545
2024-02-18,CS-CHAT,668,549
2024-02-19,CS-CHAT,972,528
2024-02-20,CS-CHAT,953,564
2024-02-21,CS-CHAT,907,532
2024-02-22,CS-CHAT,896,543
2024-02-23,CS-CHAT,795,531
2024-02-24,CS-CHAT,772,548
2024-02-25,CS-CHAT,769,542
2024-02-26,CS-CHAT,1029,533
2024-02-27,CS-CHAT,950,539
2024-02-28,CS-CHAT,940,557
2024-02-29,CS-CHAT,886,557
2024-03-01,CS-CHAT,883,534
2024-03-02,CS-CHAT,814,536
2024-03-03,CS-CHAT,719,570
2024-03-04,CS-CHAT,1040,553
2024-03-05,CS-CHAT,976,539
2024-03-06,CS-CHAT,922,557
2024-03-07,CS-CHAT,942,526
2024-03-08,CS-CHAT,828,536
2024-03-09,CS-CHAT,758,523
2024-03-10,CS-CHAT,782,556
2024-03-11,CS-CHAT,1022,503
2024-03-12,CS-CHAT,980,539
2024-03-13,CS-CHAT,915,537
2024-03-14,CS-CHAT,913,524
2024-03-15,CS-CHAT,896,566
2024-03-16,CS-CHAT,824,545
2024-03-17,CS-CHAT,760,531
2024-03-18,CS-CHAT,1043,506
2024-03-19,CS-CHAT,960,529
2024-03-20,CS-CHAT,932,566
2024-03-21,CS-CHAT,947,507
2024-03-22,CS-CHAT,869,532
2024-03-23,CS-CHAT,815,563
2024-03-24,CS-CHAT,717,535
2024-03-25,CS-CHAT,1110,535
2024-03-26,CS-CHAT,998,515
2024-03-27,CS-CHAT,977,550
2024-03-28,CS-CHAT,942,546
2024-03-29,CS-CHAT,840,539
2024-03-30,CS-CHAT,853,558
2024-03-31,CS-CHAT,708,557
2024-04-01,CS-CHAT,1057,526
2024-04-02,CS-CHAT,955,546
2024-04-03,CS-CHAT,939,544
2024-04-04,CS-CHAT,940,498
2024-04-05,CS-CHAT,856,527
2024-04-06,CS-CHAT,832,544
2024-04-07,CS-CHAT,729,547
2024-04-08,CS-CHAT,975,529
2024-04-09,CS-CHAT,1014,547
2024-04-10,CS-CHAT,998,543
2024-04-11,CS-CHAT,858,528
2024-04-12,CS-CHAT,879,516
2024-04-13,CS-CHAT,793,549
2024-04-14,CS-CHAT,790,517
2024-04-15,CS-CHAT,1126,521
2024-04-16,CS-CHAT,1040,553
2024-04-17,CS-CHAT,1042,547
2024-04-18,CS-CHAT,879,527
2024-04-19,CS-CHAT,968,534
2024-04-20,CS-CHAT,848,526
2024-04-21,CS-CHAT,704,545
2024-04-22,CS-CHAT,1040,557
2024-04-23,CS-CHAT,998,537
2024-04-24,CS-CHAT,1002,547
2024-04-25,CS-CHAT,833,503
2024-04-26,CS-CHAT,943,541
2024-04-27,CS-CHAT,799,548
2024-04-28,CS-CHAT,769,528
2024-04-29,CS-CHAT,1061,550
2024-04-30,CS-CHAT,963,537
2024-05-01,CS-CHAT,1004,535
2024-05-02,CS-CHAT,901,532
2024-05-03,CS-CHAT,939,544
2024-05-04,CS-CHAT,861,538
2024-05-05,CS-CHAT,679,532
2024-05-06,CS-CHAT,1067,519
2024-05-07,CS-CHAT,994,525
2024-05-08,CS-CHAT,987,552
2024-05-09,CS-CHAT,847,538
2024-05-10,CS-CHAT,852,538
2024-05-11,CS-CHAT,836,543
2024-05-12,CS-CHAT,811,541
2024-05-13,CS-CHAT,1157,540
2024-05-14,CS-CHAT,1029,517
2024-05-15,CS-CHAT,887,546
2024-05-16,CS-CHAT,1016,551
2024-05-17,CS-CHAT,908,522
2024-05-18,CS-CHAT,838,553
2024-05-19,CS-CHAT,737,533
2024-05-20,CS-CHAT,1107,527
2024-05-21,CS-CHAT,1071,501
2024-05-22,CS-CHAT,964,550
2024-05-23,CS-CHAT,909,527
2024-05-24,CS-CHAT,866,555
2024-05-25,CS-CHAT,786,565
2024-05-26,CS-CHAT,801,555
2024-05-27,CS-CHAT,1056,527
2024-05-28,CS-CHAT,984,531
2024-05-29,CS-CHAT,959,528
2024-05-30,CS-CHAT,940,511
2024-05-31,CS-CHAT,916,522
2024-06-01,CS-CHAT,836,549
2024-06-02,CS-CHAT,789,534
2024-06-03,CS-CHAT,1088,562
2024-06-04,CS-CHAT,1077,548
2024-06-05,CS-CHAT,922,541
2024-06-06,CS-CHAT,930,519
2024-06-07,CS-CHAT,857,546
2024-06-08,CS-CHAT,859,524
2024-06-09,CS-CHAT,748,525
2024-06-10,CS-CHAT,1116,574
2024-06-11,CS-CHAT,968,541
2024-06-12,CS-CHAT,921,537
2024-06-13,CS-CHAT,944,509
2024-06-14,CS-CHAT,915,549
2024-06-15,CS-CHAT,859,556
2024-06-16,CS-CHAT,715,511
2024-06-17,CS-CHAT,1103,527
2024-06-18,CS-CHAT,1087,501
2024-06-19,CS-CHAT,830,530
2024-06-20,CS-CHAT,986,554
2024-06-21,CS-CHAT,937,520
2024-06-22,CS-CHAT,792,533
2024-06-23,CS-CHAT,786,568
2024-06-24,CS-CHAT,1074,539
2024-06-25,CS-CHAT,1056,553
2024-06-26,CS-CHAT,983,570
2024-06-27,CS-CHAT,872,531
2024-06-28,CS-CHAT,937,536
2024-06-29,CS-CHAT,808,537
2024-06-30,CS-CHAT,752,550
2024-07-01,CS-CHAT,1062,538
2024-07-02,CS-CHAT,1041,544
2024-07-03,CS-CHAT,904,501
2024-07-04,CS-CHAT,884,539
2024-07-05,CS-CHAT,955,565
2024-07-06,CS-CHAT,877,530
2024-07-07,CS-CHAT,787,545
2024-07-08,CS-CHAT,1229,538
2024-07-09,CS-CHAT,1142,574
2024-07-10,CS-CHAT,1099,519
2024-07-11,CS-CHAT,1093,509
2024-07-12,CS-CHAT,1091,539
2024-07-13,CS-CHAT,988,574
2024-07-14,CS-CHAT,999,568
2024-07-15,CS-CHAT,1464,564
2024-07-16,CS-CHAT,1267,549
2024-07-17,CS-CHAT,1173,585
2024-07-18,CS-CHAT,1162,518
2024-07-19,CS-CHAT,1097,522
2024-07-20,CS-CHAT,962,550
2024-07-21,CS-CHAT,785,508
2024-07-22,CS-CHAT,1189,543
2024-07-23,CS-CHAT,1040,558
2024-07-24,CS-CHAT,958,537
2024-07-25,CS-CHAT,937,533
2024-07-26,CS-CHAT,954,555
2024-07-27,CS-CHAT,857,533
2024-07-28,CS-CHAT,751,527
2024-07-29,CS-CHAT,1104,559
2024-07-30,CS-CHAT,1016,544
2024-07-31,CS-CHAT,964,569
2024-08-01,CS-CHAT,1016,521
2024-08-02,CS-CHAT,902,537
2024-08-03,CS-CHAT,897,549
2024-08-04,CS-CHAT,749,519
2024-08-05,CS-CHAT,1233,547
2024-08-06,CS-CHAT,1129,531
2024-08-07,CS-CHAT,1106,533
2024-08-08,CS-CHAT,943,538
2024-08-09,CS-CHAT,942,527
2024-08-10,CS-CHAT,834,529
2024-08-11,CS-CHAT,788,539
2024-08-12,CS-CHAT,1131,516
2024-08-13,CS-CHAT,989,535
2024-08-14,CS-CHAT,944,552
2024-08-15,CS-CHAT,968,560
2024-08-16,CS-CHAT,978,524
2024-08-17,CS-CHAT,836,547
2024-08-18,CS-CHAT,713,565
2024-08-19,CS-CHAT,1120,521
2024-08-20,CS-CHAT,949,528
2024-08-21,CS-CHAT,1012,552
2024-08-22,CS-CHAT,982,569
2024-08-23,CS-CHAT,1012,578
2024-08-24,CS-CHAT,792,512
2024-08-25,CS-CHAT,710,546
2024-08-26,CS-CHAT,1165,531
2024-08-27,CS-CHAT,1037,547
2024-08-28,CS-CHAT,905,541
2024-08-29,CS-CHAT,988,538
2024-08-30,CS-CHAT,894,526
2024-08-31,CS-CHAT,841,535
2024-09-01,CS-CHAT,700,566
2024-09-02,CS-CHAT,1116,536
2024-09-03,CS-CHAT,1104,523
2024-09-04,CS-CHAT,953,543
2024-09-05,CS-CHAT,992,517
2024-09-06,CS-CHAT,941,530
2024-09-07,CS-CHAT,897,538
2024-09-08,CS-CHAT,813,505
2024-09-09,CS-CHAT,1085,530
2024-09-10,CS-CHAT,1021,530
2024-09-11,CS-CHAT,1040,549
2024-09-12,CS-CHAT,964,520
2024-09-13,CS-CHAT,982,555
2024-09-14,CS-CHAT,881,571
2024-09-15,CS-CHAT,860,550
2024-09-16,CS-CHAT,1212,551
2024-09-17,CS-CHAT,1123,558
2024-09-18,CS-CHAT,1040,555
2024-09-19,CS-CHAT,943,537
2024-09-20,CS-CHAT,960,531
2024-09-21,CS-CHAT,934,551
2024-09-22,CS-CHAT,840,545
2024-09-23,CS-CHAT,1093,543
2024-09-24,CS-CHAT,999,554
2024-09-25,CS-CHAT,1004,527
2024-09-26,CS-CHAT,1042,550
2024-09-27,CS-CHAT,1020,569
2024-09-28,CS-CHAT,905,544
2024-09-29,CS-CHAT,801,546
2024-09-30,CS-CHAT,1194,529
2024-10-01,CS-CHAT,1072,527
2024-10-02,CS-CHAT,1012,536
2024-10-03,CS-CHAT,934,531
2024-10-04,CS-CHAT,965,566
2024-10-05,CS-CHAT,900,523
2024-10-06,CS-CHAT,732,524
2024-10-07,CS-CHAT,1109,499
2024-10-08,CS-CHAT,1094,562
2024-10-09,CS-CHAT,1048,531
2024-10-10,CS-CHAT,943,528
2024-10-11,CS-CHAT,940,537
2024-10-12,CS-CHAT,1008,541
2024-10-13,CS-CHAT,806,523
2024-10-14,CS-CHAT,1074,588
2024-10-15,CS-CHAT,1101,550
2024-10-16,CS-CHAT,1057,562
2024-10-17,CS-CHAT,1059,558
2024-10-18,CS-CHAT,991,541
2024-10-19,CS-CHAT,984,576
2024-10-20,CS-CHAT,717,572
2024-10-21,CS-CHAT,1123,552
2024-10-22,CS-CHAT,1155,543
2024-10-23,CS-CHAT,1021,529
2024-10-24,CS-CHAT,951,572
2024-10-25,CS-CHAT,960,551
2024-10-26,CS-CHAT,902,552
2024-10-27,CS-CHAT,782,528
2024-10-28,CS-CHAT,1249,563
2024-10-29,CS-CHAT,1135,536
2024-10-30,CS-CHAT,1047,547
2024-10-31,CS-CHAT,1063,503
2024-11-01,CS-CHAT,1040,565
2024-11-02,CS-CHAT,1054,529
2024-11-03,CS-CHAT,905,568
2024-11-04,CS-CHAT,1305,536
2024-11-05,CS-CHAT,1080,520
2024-11-06,CS-CHAT,1035,557
2024-11-07,CS-CHAT,1173,564
2024-11-08,CS-CHAT,1142,526
2024-11-09,CS-CHAT,1097,587
2024-11-10,CS-CHAT,976,572
2024-11-11,CS-CHAT,1492,566
2024-11-12,CS-CHAT,1427,567
2024-11-13,CS-CHAT,1300,587
2024-11-14,CS-CHAT,1376,545
2024-11-15,CS-CHAT,1254,588
2024-11-16,CS-CHAT,1106,578
2024-11-17,CS-CHAT,1001,540
2024-11-18,CS-CHAT,1558,561
2024-11-19,CS-CHAT,1467,536
2024-11-20,CS-CHAT,1461,538
2024-11-21,CS-CHAT,1560,575
2024-11-22,CS-CHAT,1416,556
2024-11-23,CS-CHAT,1304,542
2024-11-24,CS-CHAT,1093,578
2024-11-25,CS-CHAT,1745,564
2024-11-26,CS-CHAT,1530,562
2024-11-27,CS-CHAT,1326,553
2024-11-28,CS-CHAT,1455,551
2024-11-29,CS-CHAT,1347,556
2024-11-30,CS-CHAT,1302,527
2024-12-01,CS-CHAT,1181,529
2024-12-02,CS-CHAT,1543,558
2024-12-03,CS-CHAT,1522,557
2024-12-04,CS-CHAT,1493,575
2024-12-05,CS-CHAT,1261,545
2024-12-06,CS-CHAT,1288,588
2024-12-07,CS-CHAT,1233,553
2024-12-08,CS-CHAT,1064,563
2024-12-09,CS-CHAT,1615,586
2024-12-10,CS-CHAT,1482,586
2024-12-11,CS-CHAT,1356,569
2024-12-12,CS-CHAT,1366,545
2024-12-13,CS-CHAT,1201,588
2024-12-14,CS-CHAT,1203,584
2024-12-15,CS-CHAT,1018,549
2024-12-16,CS-CHAT,1619,552
2024-12-17,CS-CHAT,1334,540
2024-12-18,CS-CHAT,1263,565
2024-12-19,CS-CHAT,1159,550
2024-12-20,CS-CHAT,1318,561
2024-12-21,CS-CHAT,1192,546
2024-12-22,CS-CHAT,1037,541
2024-12-23,CS-CHAT,1343,571
2024-12-24,CS-CHAT,1332,576
2024-12-25,CS-CHAT,1214,576
2024-12-26,CS-CHAT,1124,524
2024-12-27,CS-CHAT,1176,562
2024-12-28,CS-CHAT,980,569
2024-12-29,CS-CHAT,863,533
2024-12-30,CS-CHAT,1230,530
2024-12-31,CS-CHAT,1288,541
2025-01-01,CS-CHAT,1089,521
2025-01-02,CS-CHAT,1054,513
2025-01-03,CS-CHAT,1032,539
2025-01-04,CS-CHAT,951,532
2025-01-05,CS-CHAT,840,526
2025-01-06,CS-CHAT,1151,554
2025-01-07,CS-CHAT,1165,525
2025-01-08,CS-CHAT,1004,517
2025-01-09,CS-CHAT,1046,542
2025-01-10,CS-CHAT,1001,530
2025-01-11,CS-CHAT,932,540
2025-01-12,CS-CHAT,863,540
2025-01-13,CS-CHAT,1185,545
2025-01-14,CS-CHAT,1081,537
2025-01-15,CS-CHAT,996,548
2025-01-16,CS-CHAT,867,521
2025-01-17,CS-CHAT,926,520
2025-01-18,CS-CHAT,948,523
2025-01-19,CS-CHAT,746,508
2025-01-20,CS-CHAT,1122,557
2025-01-21,CS-CHAT,1089,557
2025-01-22,CS-CHAT,1030,530
2025-01-23,CS-CHAT,969,541
2025-01-24,CS-CHAT,948,561
2025-01-25,CS-CHAT,950,567
2025-01-26,CS-CHAT,831,541
2025-01-27,CS-CHAT,1178,532
2025-01-28,CS-CHAT,1216,544
2025-01-29,CS-CHAT,1056,529
2025-01-30,CS-CHAT,1052,532
2025-01-31,CS-CHAT,981,518
2025-02-01,CS-CHAT,997,521
2025-02-02,CS-CHAT,831,529
2025-02-03,CS-CHAT,1250,540
2025-02-04,CS-CHAT,1162,516
2025-02-05,CS-CHAT,1024,555
2025-02-06,CS-CHAT,1007,549
2025-02-07,CS-CHAT,1029,533
2025-02-08,CS-CHAT,848,556
2025-02-09,CS-CHAT,816,526
2025-02-10,CS-CHAT,1246,547
2025-02-11,CS-CHAT,1107,520
2025-02-12,CS-CHAT,1046,553
2025-02-13,CS-CHAT,1054,519
2025-02-14,CS-CHAT,1057,556
2025-02-15,CS-CHAT,1018,555
2025-02-16,CS-CHAT,856,544
2025-02-17,CS-CHAT,1059,510
2025-02-18,CS-CHAT,1122,543
2025-02-19,CS-CHAT,1096,552
2025-02-20,CS-CHAT,1035,532
2025-02-21,CS-CHAT,1064,563
2025-02-22,CS-CHAT,914,529
2025-02-23,CS-CHAT,831,539
2025-02-24,CS-CHAT,1268,554
2025-02-25,CS-CHAT,994,546
2025-02-26,CS-CHAT,1060,533
2025-02-27,CS-CHAT,1014,542
2025-02-28,CS-CHAT,1110,546
2025-03-01,CS-CHAT,932,565
2025-03-02,CS-CHAT,832,514
2025-03-03,CS-CHAT,1273,504
2025-03-04,CS-CHAT,1187,547
2025-03-05,CS-CHAT,1016,564
2025-03-06,CS-CHAT,1127,543
2025-03-07,CS-CHAT,1013,555
2025-03-08,CS-CHAT,946,543
2025-03-09,CS-CHAT,843,560
2025-03-10,CS-CHAT,1190,514
2025-03-11,CS-CHAT,1150,529
2025-03-12,CS-CHAT,1091,566
2025-03-13,CS-CHAT,1003,527
2025-03-14,CS-CHAT,960,525
2025-03-15,CS-CHAT,891,553
2025-03-16,CS-CHAT,819,497
2025-03-17,CS-CHAT,1201,543
2025-03-18,CS-CHAT,1135,546
2025-03-19,CS-CHAT,1076,545
2025-03-20,CS-CHAT,1019,533
2025-03-21,CS-CHAT,1100,565
2025-03-22,CS-CHAT,983,535
2025-03-23,CS-CHAT,843,544
2025-03-24,CS-CHAT,1179,531
2025-03-25,CS-CHAT,1102,541
2025-03-26,CS-CHAT,1090,555
2025-03-27,CS-CHAT,1132,538
2025-03-28,CS-CHAT,1061,526
2025-03-29,CS-CHAT,919,519
2025-03-30,CS-CHAT,868,551
2025-03-31,CS-CHAT,1222,536
2025-04-01,CS-CHAT,1136,548
2025-04-02,CS-CHAT,1067,541
2025-04-03,CS-CHAT,1032,517
2025-04-04,CS-CHAT,1023,543
2025-04-05,CS-CHAT,952,563
2025-04-06,CS-CHAT,852,517
2025-04-07,CS-CHAT,1227,532
2025-04-08,CS-CHAT,1174,540
2025-04-09,CS-CHAT,1134,561
2025-04-10,CS-CHAT,975,538
2025-04-11,CS-CHAT,1108,550
2025-04-12,CS-CHAT,1008,526
2025-04-13,CS-CHAT,809,553
2025-04-14,CS-CHAT,1234,533
2025-04-15,CS-CHAT,1119,559
2025-04-16,CS-CHAT,1068,559
2025-04-17,CS-CHAT,1037,542
2025-04-18,CS-CHAT,1049,530
2025-04-19,CS-CHAT,918,557
2025-04-20,CS-CHAT,786,531
2025-04-21,CS-CHAT,1354,536
2025-04-22,CS-CHAT,1134,558
2025-04-23,CS-CHAT,963,511
2025-04-24,CS-CHAT,1056,539
2025-04-25,CS-CHAT,1080,572
2025-04-26,CS-CHAT,915,538
2025-04-27,CS-CHAT,802,527
2025-04-28,CS-CHAT,1335,541
2025-04-29,CS-CHAT,1125,517
2025-04-30,CS-CHAT,1101,550
2025-05-01,CS-CHAT,1079,534
2025-05-02,CS-CHAT,934,536
2025-05-03,CS-CHAT,1009,554
2025-05-04,CS-CHAT,839,539
2025-05-05,CS-CHAT,1305,544
2025-05-06,CS-CHAT,1208,519
2025-05-07,CS-CHAT,1013,556
2025-05-08,CS-CHAT,1002,530
2025-05-09,CS-CHAT,1095,536
2025-05-10,CS-CHAT,977,546
2025-05-11,CS-CHAT,852,516
2025-05-12,CS-CHAT,1273,546
2025-05-13,CS-CHAT,1198,533
2025-05-14,CS-CHAT,1128,527
2025-05-15,CS-CHAT,1129,516
2025-05-16,CS-CHAT,1055,537
2025-05-17,CS-CHAT,944,548
2025-05-18,CS-CHAT,867,550
2025-05-19,CS-CHAT,1256,570
2025-05-20,CS-CHAT,1213,506
2025-05-21,CS-CHAT,1106,543
2025-05-22,CS-CHAT,1037,535
2025-05-23,CS-CHAT,1106,535
2025-05-24,CS-CHAT,992,532
2025-05-25,CS-CHAT,864,519
2025-05-26,CS-CHAT,1302,561
2025-05-27,CS-CHAT,1272,536
2025-05-28,CS-CHAT,1105,544
2025-05-29,CS-CHAT,1064,546
2025-05-30,CS-CHAT,1107,528
2025-05-31,CS-CHAT,933,544
2025-06-01,CS-CHAT,847,549
2025-06-02,CS-CHAT,1348,530
2025-06-03,CS-CHAT,1273,543
2025-06-04,CS-CHAT,1269,543
2025-06-05,CS-CHAT,1172,527
2025-06-06,CS-CHAT,1016,522
2025-06-07,CS-CHAT,1027,567
2025-06-08,CS-CHAT,908,547
2025-06-09,CS-CHAT,1389,510
2025-06-10,CS-CHAT,1151,514
2025-06-11,CS-CHAT,1116,566
2025-06-12,CS-CHAT,1147,533
2025-06-13,CS-CHAT,1079,516
2025-06-14,CS-CHAT,884,539
2025-06-15,CS-CHAT,817,574
2025-06-16,CS-CHAT,1368,535
2025-06-17,CS-CHAT,1188,531
2025-06-18,CS-CHAT,1156,562
2025-06-19,CS-CHAT,982,549
2025-06-20,CS-CHAT,1151,528
2025-06-21,CS-CHAT,979,575
2025-06-22,CS-CHAT,903,540
2025-06-23,CS-CHAT,1246,524
2025-06-24,CS-CHAT,1204,522
2025-06-25,CS-CHAT,1106,540
2025-06-26,CS-CHAT,1107,517
2025-06-27,CS-CHAT,1075,543
2025-06-28,CS-CHAT,1021,554
2025-06-29,CS-CHAT,850,514
2025-06-30,CS-CHAT,1283,540
2025-07-01,CS-CHAT,1199,548
2025-07-02,CS-CHAT,1026,539
2025-07-03,CS-CHAT,1050,563
2025-07-04,CS-CHAT,1059,507
2025-07-05,CS-CHAT,943,534
2025-07-06,CS-CHAT,900,536
2025-07-07,CS-CHAT,1266,532
2025-07-08,CS-CHAT,1229,529
2025-07-09,CS-CHAT,1141,515
2025-07-10,CS-CHAT,1173,540
2025-07-11,CS-CHAT,1194,518
2025-07-12,CS-CHAT,1192,573
2025-07-13,CS-CHAT,1005,538
2025-07-14,CS-CHAT,1603,547
2025-07-15,CS-CHAT,1482,584
2025-07-16,CS-CHAT,1297,578
2025-07-17,CS-CHAT,1385,567
2025-07-18,CS-CHAT,1285,573
2025-07-19,CS-CHAT,1262,553
2025-07-20,CS-CHAT,1014,513
2025-07-21,CS-CHAT,1503,537
2025-07-22,CS-CHAT,1290,533
2025-07-23,CS-CHAT,1113,539
2025-07-24,CS-CHAT,1052,553
2025-07-25,CS-CHAT,1118,535
2025-07-26,CS-CHAT,833,543
2025-07-27,CS-CHAT,900,597
2025-07-28,CS-CHAT,1279,576
2025-07-29,CS-CHAT,1225,557
2025-07-30,CS-CHAT,1160,514
2025-07-31,CS-CHAT,1260,518
2025-08-01,CS-CHAT,1068,587
2025-08-02,CS-CHAT,974,532
2025-08-03,CS-CHAT,926,546
2025-08-04,CS-CHAT,1322,539
2025-08-05,CS-CHAT,1299,518
2025-08-06,CS-CHAT,1136,539
2025-08-07,CS-CHAT,1166,505
2025-08-08,CS-CHAT,1130,549
2025-08-09,CS-CHAT,1139,534
2025-08-10,CS-CHAT,884,554
2025-08-11,CS-CHAT,1311,513
2025-08-12,CS-CHAT,1184,528
2025-08-13,CS-CHAT,1145,547
2025-08-14,CS-CHAT,1209,559
2025-08-15,CS-CHAT,1041,501
2025-08-16,CS-CHAT,1061,544
2025-08-17,CS-CHAT,916,546
2025-08-18,CS-CHAT,1418,550
2025-08-19,CS-CHAT,1362,533
2025-08-20,CS-CHAT,1193,508
2025-08-21,CS-CHAT,1174,547
2025-08-22,CS-CHAT,1087,525
2025-08-23,CS-CHAT,992,545
2025-08-24,CS-CHAT,832,559
2025-08-25,CS-CHAT,1312,519
2025-08-26,CS-CHAT,1226,563
2025-08-27,CS-CHAT,1120,548
2025-08-28,CS-CHAT,1055,550
2025-08-29,CS-CHAT,1194,529
2025-08-30,CS-CHAT,968,521
2025-08-31,CS-CHAT,902,552
2025-09-01,CS-CHAT,1317,537
2025-09-02,CS-CHAT,1234,559
2025-09-03,CS-CHAT,1166,530
2025-09-04,CS-CHAT,1183,529
2025-09-05,CS-CHAT,1116,556
2025-09-06,CS-CHAT,928,527
2025-09-07,CS-CHAT,940,548
2025-09-08,CS-CHAT,1228,503
2025-09-09,CS-CHAT,1288,543
2025-09-10,CS-CHAT,1173,545
2025-09-11,CS-CHAT,1071,562
2025-09-12,CS-CHAT,1122,554
2025-09-13,CS-CHAT,900,537
2025-09-14,CS-CHAT,858,564
2025-09-15,CS-CHAT,1267,541
2025-09-16,CS-CHAT,1143,559
2025-09-17,CS-CHAT,1140,527
2025-09-18,CS-CHAT,1111,547
2025-09-19,CS-CHAT,1177,544
2025-09-20,CS-CHAT,1013,552
2025-09-21,CS-CHAT,839,533
2025-09-22,CS-CHAT,1224,501
2025-09-23,CS-CHAT,1232,555
2025-09-24,CS-CHAT,1212,522
2025-09-25,CS-CHAT,1086,508
2025-09-26,CS-CHAT,1188,548
2025-09-27,CS-CHAT,969,544
2025-09-28,CS-CHAT,892,547
2025-09-29,CS-CHAT,1333,499
2025-09-30,CS-CHAT,1259,512
2025-10-01,CS-CHAT,1154,543
2025-10-02,CS-CHAT,1204,557
2025-10-03,CS-CHAT,1136,535
2025-10-04,CS-CHAT,1010,545
2025-10-05,CS-CHAT,874,541
2025-10-06,CS-CHAT,1263,540
2025-10-07,CS-CHAT,1171,560
2025-10-08,CS-CHAT,1157,539
2025-10-09,CS-CHAT,1092,531
2025-10-10,CS-CHAT,1087,573
2025-10-11,CS-CHAT,1030,524
2025-10-12,CS-CHAT,889,547
2025-10-13,CS-CHAT,1259,545
2025-10-14,CS-CHAT,1205,535
2025-10-15,CS-CHAT,1187,537
2025-10-16,CS-CHAT,1126,536
2025-10-17,CS-CHAT,1153,543
2025-10-18,CS-CHAT,939,536
2025-10-19,CS-CHAT,884,543
2025-10-20,CS-CHAT,1476,541
2025-10-21,CS-CHAT,1393,537
2025-10-22,CS-CHAT,1306,518
2025-10-23,CS-CHAT,1165,561
2025-10-24,CS-CHAT,1085,526
2025-10-25,CS-CHAT,934,541
2025-10-26,CS-CHAT,914,548
2025-10-27,CS-CHAT,1316,516
2025-10-28,CS-CHAT,1276,537
2025-10-29,CS-CHAT,1269,532
2025-10-30,CS-CHAT,1282,515
2025-10-31,CS-CHAT,1269,560
2025-11-01,CS-CHAT,1147,545
2025-11-02,CS-CHAT,1052,526
2025-11-03,CS-CHAT,1584,500
2025-11-04,CS-CHAT,1338,574
2025-11-05,CS-CHAT,1399,530
2025-11-06,CS-CHAT,1214,511
2025-11-07,CS-CHAT,1246,569
2025-11-08,CS-CHAT,1209,541
2025-11-09,CS-CHAT,1089,521
2025-11-10,CS-CHAT,1618,559
2025-11-11,CS-CHAT,1563,590
2025-11-12,CS-CHAT,1523,583
2025-11-13,CS-CHAT,1421,564
2025-11-14,CS-CHAT,1387,550
2025-11-15,CS-CHAT,1326,545
2025-11-16,CS-CHAT,1221,584
2025-11-17,CS-CHAT,2000,571
2025-11-18,CS-CHAT,1772,563
2025-11-19,CS-CHAT,1698,565
2025-11-20,CS-CHAT,1591,534
2025-11-21,CS-CHAT,1521,557
2025-11-22,CS-CHAT,1326,555
2025-11-23,CS-CHAT,1320,598
2025-11-24,CS-CHAT,1886,564
2025-11-25,CS-CHAT,1918,576
2025-11-26,CS-CHAT,1771,597
2025-11-27,CS-CHAT,1664,552
2025-11-28,CS-CHAT,1713,567
2025-11-29,CS-CHAT,1463,577
2025-11-30,CS-CHAT,1329,591
2025-12-01,CS-CHAT,1879,573
2025-12-02,CS-CHAT,1747,578
2025-12-03,CS-CHAT,1674,566
2025-12-04,CS-CHAT,1654,536
2025-12-05,CS-CHAT,1531,540
2025-12-06,CS-CHAT,1465,564
2025-12-07,CS-CHAT,1323,577
2025-12-08,CS-CHAT,1768,539
2025-12-09,CS-CHAT,1736,549
2025-12-10,CS-CHAT,1609,547
2025-12-11,CS-CHAT,1417,556
2025-12-12,CS-CHAT,1519,590
2025-12-13,CS-CHAT,1213,569
2025-12-14,CS-CHAT,1189,523
2025-12-15,CS-CHAT,1750,547
2025-12-16,CS-CHAT,1723,544
2025-12-17,CS-CHAT,1600,560
2025-12-18,CS-CHAT,1605,569
2025-12-19,CS-CHAT,1476,535
2025-12-20,CS-CHAT,1373,551
2025-12-21,CS-CHAT,1259,561
2025-12-22,CS-CHAT,1812,577
2025-12-23,CS-CHAT,1522,598
2025-12-24,CS-CHAT,1482,572
2025-12-25,CS-CHAT,1452,571
2025-12-26,CS-CHAT,1459,554
2025-12-27,CS-CHAT,1206,509
2025-12-28,CS-CHAT,1097,523
2025-12-29,CS-CHAT,1651,584
2025-12-30,CS-CHAT,1378,557
2025-12-31,CS-CHAT,1250,539
2026-01-01,CS-CHAT,1222,523
2026-01-02,CS-CHAT,1367,554
2026-01-03,CS-CHAT,1123,534
2026-01-04,CS-CHAT,947,503
2026-01-05,CS-CHAT,1413,554
2026-01-06,CS-CHAT,1266,547
2026-01-07,CS-CHAT,1099,513
2026-01-08,CS-CHAT,1167,544
2026-01-09,CS-CHAT,1133,522
2026-01-10,CS-CHAT,1069,545
2026-01-11,CS-CHAT,947,532
2026-01-12,CS-CHAT,1387,534
2026-01-13,CS-CHAT,1354,555
2026-01-14,CS-CHAT,1153,572
2026-01-15,CS-CHAT,1119,538
2026-01-16,CS-CHAT,1133,536
2026-01-17,CS-CHAT,1044,563
2026-01-18,CS-CHAT,914,535
2026-01-19,CS-CHAT,1341,527
2026-01-20,CS-CHAT,1370,520
2026-01-21,CS-CHAT,1272,532
2026-01-22,CS-CHAT,1209,532
2026-01-23,CS-CHAT,1194,537
2026-01-24,CS-CHAT,976,543
2026-01-25,CS-CHAT,989,534
2026-01-26,CS-CHAT,1414,532
2026-01-27,CS-CHAT,1433,559
2026-01-28,CS-CHAT,1243,578
2026-01-29,CS-CHAT,1095,575
2026-01-30,CS-CHAT,1143,553
2026-01-31,CS-CHAT,1040,527
2026-02-01,CS-CHAT,936,526
2026-02-02,CS-CHAT,1384,592
2026-02-03,CS-CHAT,1351,533
2026-02-04,CS-CHAT,1247,547
2026-02-05,CS-CHAT,1175,521
2026-02-06,CS-CHAT,1174,533
2026-02-07,CS-CHAT,1026,543
2026-02-08,CS-CHAT,903,534
2026-02-09,CS-CHAT,1417,522
2026-02-10,CS-CHAT,1417,518
2026-02-11,CS-CHAT,1355,525
2026-02-12,CS-CHAT,1202,545
2026-02-13,CS-CHAT,1177,537
2026-02-14,CS-CHAT,1047,580
2026-02-15,CS-CHAT,996,539
2026-02-16,CS-CHAT,1249,548
2026-02-17,CS-CHAT,1424,556
2026-02-18,CS-CHAT,1236,601
2026-02-19,CS-CHAT,1135,543
2026-02-20,CS-CHAT,1102,540
2026-02-21,CS-CHAT,1080,533
2026-02-22,CS-CHAT,1052,542
2026-02-23,CS-CHAT,1464,533
2026-02-24,CS-CHAT,1421,568
2026-02-25,CS-CHAT,1170,562
2026-02-26,CS-CHAT,1276,504
2026-02-27,CS-CHAT,1247,546
2026-02-28,CS-CHAT,1121,562
2026-03-01,CS-CHAT,958,551
2026-03-02,CS-CHAT,1390,553
2026-03-03,CS-CHAT,1330,535
2026-03-04,CS-CHAT,1126,534
2026-03-05,CS-CHAT,1141,575
2026-03-06,CS-CHAT,1236,531
2026-03-07,CS-CHAT,1064,530
2026-03-08,CS-CHAT,960,532
2026-03-09,CS-CHAT,1460,529
2026-03-10,CS-CHAT,1263,573
2026-03-11,CS-CHAT,1285,534
2026-03-12,CS-CHAT,1192,556
2026-03-13,CS-CHAT,1173,528
2026-03-14,CS-CHAT,1121,523
2026-03-15,CS-CHAT,907,541
2026-03-16,CS-CHAT,1573,531
2026-03-17,CS-CHAT,1397,540
2026-03-18,CS-CHAT,1285,545
2026-03-19,CS-CHAT,1176,543
2026-03-20,CS-CHAT,1271,565
2026-03-21,CS-CHAT,1061,554
2026-03-22,CS-CHAT,1003,533
2026-03-23,CS-CHAT,1455,561
2026-03-24,CS-CHAT,1413,531
2026-03-25,CS-CHAT,1256,518
2026-03-26,CS-CHAT,1221,576
2026-03-27,CS-CHAT,1246,552
2026-03-28,CS-CHAT,1072,517
2026-03-29,CS-CHAT,994,521
2026-03-30,CS-CHAT,1428,553
2026-03-31,CS-CHAT,1261,543
2026-04-01,CS-CHAT,1185,552
2026-04-02,CS-CHAT,1276,562
2026-04-03,CS-CHAT,1138,547
2026-04-04,CS-CHAT,1152,530
2026-04-05,CS-CHAT,958,520
2026-04-06,CS-CHAT,1467,532
2026-04-07,CS-CHAT,1205,527
2026-04-08,CS-CHAT,1264,533
2026-04-09,CS-CHAT,1150,553
2026-04-10,CS-CHAT,1253,554
2026-04-11,CS-CHAT,1062,565
2026-04-12,CS-CHAT,904,537
2026-04-13,CS-CHAT,1389,532
2026-04-14,CS-CHAT,1434,586
2026-04-15,CS-CHAT,1298,552
2026-04-16,CS-CHAT,1280,542
2026-04-17,CS-CHAT,1247,546
2026-04-18,CS-CHAT,988,567
2026-04-19,CS-CHAT,881,527
2026-04-20,CS-CHAT,1415,569
2026-04-21,CS-CHAT,1320,532
2026-04-22,CS-CHAT,1292,549
2026-04-23,CS-CHAT,1208,541
2026-04-24,CS-CHAT,1149,531
2026-04-25,CS-CHAT,1130,549
2026-04-26,CS-CHAT,983,509
2026-04-27,CS-CHAT,1457,522
2026-04-28,CS-CHAT,1248,530
2026-04-29,CS-CHAT,1220,576
2026-04-30,CS-CHAT,1248,531
2026-05-01,CS-CHAT,1172,536
2026-05-02,CS-CHAT,1015,528
2026-05-03,CS-CHAT,1013,523
2026-05-04,CS-CHAT,1471,524
2026-05-05,CS-CHAT,1435,532
2026-05-06,CS-CHAT,1297,531
2026-05-07,CS-CHAT,1181,571
2026-05-08,CS-CHAT,1251,556
2026-05-09,CS-CHAT,997,522
2026-05-10,CS-CHAT,996,528
2026-05-11,CS-CHAT,1407,517
2026-05-12,CS-CHAT,1391,554
2026-05-13,CS-CHAT,1301,528
2026-05-14,CS-CHAT,1257,543
2026-05-15,CS-CHAT,1207,521
2026-05-16,CS-CHAT,1099,527
2026-05-17,CS-CHAT,963,531
2026-05-18,CS-CHAT,1413,560
2026-05-19,CS-CHAT,1224,555
2026-05-20,CS-CHAT,1318,525
2026-05-21,CS-CHAT,1252,542
2026-05-22,CS-CHAT,1309,534
2026-05-23,CS-CHAT,1050,547
2026-05-24,CS-CHAT,945,540
2026-05-25,CS-CHAT,1491,549
2026-05-26,CS-CHAT,1383,531
2026-05-27,CS-CHAT,1194,532
2026-05-28,CS-CHAT,1212,561
2026-05-29,CS-CHAT,1251,527
2026-05-30,CS-CHAT,1058,521
2026-05-31,CS-CHAT,991,549
2026-06-01,CS-CHAT,1539,523
2026-06-02,CS-CHAT,1364,528
2026-06-03,CS-CHAT,1277,563
2026-06-04,CS-CHAT,1310,538
2026-06-05,CS-CHAT,1278,544
2026-06-06,CS-CHAT,1108,552
2026-06-07,CS-CHAT,991,521
2026-06-08,CS-CHAT,1527,527
2026-06-09,CS-CHAT,1353,533
2026-06-10,CS-CHAT,1352,517
2026-06-11,CS-CHAT,1326,553
2026-06-12,CS-CHAT,1187,547
2026-06-13,CS-CHAT,1130,539
2026-06-14,CS-CHAT,1026,532
2026-06-15,CS-CHAT,1331,563
2026-06-16,CS-CHAT,1392,559
2026-06-17,CS-CHAT,1266,515
2026-06-18,CS-CHAT,1232,510
2026-06-19,CS-CHAT,1166,541
2026-06-20,CS-CHAT,1111,567
2026-06-21,CS-CHAT,968,548
2026-06-22,CS-CHAT,1518,532
2026-06-23,CS-CHAT,1534,580
2026-06-24,CS-CHAT,1203,543
2026-06-25,CS-CHAT,1303,522
2026-06-26,CS-CHAT,1297,548
2026-06-27,CS-CHAT,1049,519
2026-06-28,CS-CHAT,1008,524
2026-06-29,CS-CHAT,1478,528
2026-06-30,CS-CHAT,1291,553
2026-07-01,CS-CHAT,1352,537
2026-07-02,CS-CHAT,1277,539
2026-07-03,CS-CHAT,1170,542
2026-07-04,CS-CHAT,1148,545
2026-07-05,CS-CHAT,983,537
2026-07-06,CS-CHAT,1443,531
2026-07-07,CS-CHAT,1343,529
2026-07-08,CS-CHAT,1372,523
2026-07-09,CS-CHAT,1239,531
2026-07-10,CS-CHAT,1234,530
2026-07-11,CS-CHAT,1269,548
2026-07-12,CS-CHAT,1154,560
2026-07-13,CS-CHAT,1991,544
2026-07-14,CS-CHAT,1586,558
2026-07-15,CS-CHAT,1689,534
2026-07-16,CS-CHAT,1423,544
2026-07-17,CS-CHAT,1570,570
2026-07-18,CS-CHAT,1350,564
2026-07-19,CS-CHAT,1270,551
2026-07-20,CS-CHAT,1633,527
2026-07-21,CS-CHAT,1567,532
2026-07-22,CS-CHAT,1472,535
2026-07-23,CS-CHAT,1217,554
2026-07-24,CS-CHAT,1305,532
2026-07-25,CS-CHAT,1080,523
2026-07-26,CS-CHAT,970,512
2026-07-27,CS-CHAT,1482,548
2026-07-28,CS-CHAT,1383,562
2026-07-29,CS-CHAT,1220,559
2026-07-30,CS-CHAT,1281,553
2026-07-31,CS-CHAT,1180,545
2026-08-01,CS-CHAT,1168,531
2026-08-02,CS-CHAT,1005,574
2026-08-03,CS-CHAT,1596,531
2026-08-04,CS-CHAT,1431,537
2026-08-05,CS-CHAT,1263,529
2026-08-06,CS-CHAT,1170,580
2026-08-07,CS-CHAT,1242,532
2026-08-08,CS-CHAT,1103,531
2026-08-09,CS-CHAT,1048,533
2026-08-10,CS-CHAT,1529,531
2026-08-11,CS-CHAT,1443,530
2026-08-12,CS-CHAT,1218,545
2026-08-13,CS-CHAT,1266,553
2026-08-14,CS-CHAT,1194,541
2026-08-15,CS-CHAT,1134,558
2026-08-16,CS-CHAT,1049,555
2026-08-17,CS-CHAT,1531,513
2026-08-18,CS-CHAT,1492,568
2026-08-19,CS-CHAT,1297,531
2026-08-20,CS-CHAT,1333,526
2026-08-21,CS-CHAT,1337,539
2026-08-22,CS-CHAT,1142,511
2026-08-23,CS-CHAT,961,544
2026-08-24,CS-CHAT,1528,532
2026-08-25,CS-CHAT,1331,523
2026-08-26,CS-CHAT,1342,546
2026-08-27,CS-CHAT,1330,548
2026-08-28,CS-CHAT,1337,565
2026-08-29,CS-CHAT,1256,545
2026-08-30,CS-CHAT,1054,537
2026-08-31,CS-CHAT,1480,510
2026-09-01,CS-CHAT,1319,555
2026-09-02,CS-CHAT,1348,561
2026-09-03,CS-CHAT,1324,542
2026-09-04,CS-CHAT,1087,543
2026-09-05,CS-CHAT,1177,566
2026-09-06,CS-CHAT,930,539
2026-09-07,CS-CHAT,1541,551
2026-09-08,CS-CHAT,1483,551
2026-09-09,CS-CHAT,1338,517
2026-09-10,CS-CHAT,1277,564
2026-09-11,CS-CHAT,1341,554
2026-09-12,CS-CHAT,1180,555
2026-09-13,CS-CHAT,1069,534
2026-09-14,CS-CHAT,1582,540
2026-09-15,CS-CHAT,1353,524
2026-09-16,CS-CHAT,1442,541
2026-09-17,CS-CHAT,1177,546
2026-09-18,CS-CHAT,1263,560
2026-09-19,CS-CHAT,1160,527
2026-09-20,CS-CHAT,990,529
2026-09-21,CS-CHAT,1471,525
2026-09-22,CS-CHAT,1413,545
2026-09-23,CS-CHAT,1364,531
2026-09-24,CS-CHAT,1283,509
2026-09-25,CS-CHAT,1270,546
2026-09-26,CS-CHAT,1168,517
2026-09-27,CS-CHAT,990,524
2023-10-02,PARTNER-EMAIL,678,477
2023-10-03,PARTNER-EMAIL,599,446
2023-10-04,PARTNER-EMAIL,572,493
2023-10-05,PARTNER-EMAIL,535,483
2023-10-06,PARTNER-EMAIL,525,483
2023-10-07,PARTNER-EMAIL,515,494
2023-10-08,PARTNER-EMAIL,451,482
2023-10-09,PARTNER-EMAIL,699,487
2023-10-10,PARTNER-EMAIL,659,496
2023-10-11,PARTNER-EMAIL,594,462
2023-10-12,PARTNER-EMAIL,510,461
2023-10-13,PARTNER-EMAIL,551,496
2023-10-14,PARTNER-EMAIL,496,490
2023-10-15,PARTNER-EMAIL,402,487
2023-10-16,PARTNER-EMAIL,633,478
2023-10-17,PARTNER-EMAIL,605,459
2023-10-18,PARTNER-EMAIL,536,462
2023-10-19,PARTNER-EMAIL,556,475
2023-10-20,PARTNER-EMAIL,546,491
2023-10-21,PARTNER-EMAIL,483,490
2023-10-22,PARTNER-EMAIL,403,476
2023-10-23,PARTNER-EMAIL,670,466
2023-10-24,PARTNER-EMAIL,626,496
2023-10-25,PARTNER-EMAIL,576,449
2023-10-26,PARTNER-EMAIL,500,484
2023-10-27,PARTNER-EMAIL,516,474
2023-10-28,PARTNER-EMAIL,523,484
2023-10-29,PARTNER-EMAIL,497,449
2023-10-30,PARTNER-EMAIL,745,480
2023-10-31,PARTNER-EMAIL,662,485
2023-11-01,PARTNER-EMAIL,597,503
2023-11-02,PARTNER-EMAIL,570,489
2023-11-03,PARTNER-EMAIL,568,500
2023-11-04,PARTNER-EMAIL,562,491
2023-11-05,PARTNER-EMAIL,524,479
2023-11-06,PARTNER-EMAIL,768,484
2023-11-07,PARTNER-EMAIL,710,490
2023-11-08,PARTNER-EMAIL,683,473
2023-11-09,PARTNER-EMAIL,628,477
2023-11-10,PARTNER-EMAIL,634,494
2023-11-11,PARTNER-EMAIL,574,520
2023-11-12,PARTNER-EMAIL,520,487
2023-11-13,PARTNER-EMAIL,823,497
2023-11-14,PARTNER-EMAIL,793,510
2023-11-15,PARTNER-EMAIL,700,479
2023-11-16,PARTNER-EMAIL,707,488
2023-11-17,PARTNER-EMAIL,779,482
2023-11-18,PARTNER-EMAIL,697,530
2023-11-19,PARTNER-EMAIL,620,509
2023-11-20,PARTNER-EMAIL,939,491
2023-11-21,PARTNER-EMAIL,830,484
2023-11-22,PARTNER-EMAIL,807,489
2023-11-23,PARTNER-EMAIL,767,469
2023-11-24,PARTNER-EMAIL,780,494
2023-11-25,PARTNER-EMAIL,706,487
2023-11-26,PARTNER-EMAIL,627,504
2023-11-27,PARTNER-EMAIL,975,453
2023-11-28,PARTNER-EMAIL,854,521
2023-11-29,PARTNER-EMAIL,849,528
2023-11-30,PARTNER-EMAIL,831,493
2023-12-01,PARTNER-EMAIL,729,460
2023-12-02,PARTNER-EMAIL,692,528
2023-12-03,PARTNER-EMAIL,606,514
2023-12-04,PARTNER-EMAIL,837,499
2023-12-05,PARTNER-EMAIL,839,503
2023-12-06,PARTNER-EMAIL,788,517
2023-12-07,PARTNER-EMAIL,777,494
2023-12-08,PARTNER-EMAIL,705,481
2023-12-09,PARTNER-EMAIL,693,509
2023-12-10,PARTNER-EMAIL,545,484
2023-12-11,PARTNER-EMAIL,856,495
2023-12-12,PARTNER-EMAIL,881,461
2023-12-13,PARTNER-EMAIL,707,495
2023-12-14,PARTNER-EMAIL,711,512
2023-12-15,PARTNER-EMAIL,680,511
2023-12-16,PARTNER-EMAIL,664,487
2023-12-17,PARTNER-EMAIL,581,503
2023-12-18,PARTNER-EMAIL,918,493
2023-12-19,PARTNER-EMAIL,784,508
2023-12-20,PARTNER-EMAIL,762,476
2023-12-21,PARTNER-EMAIL,709,518
2023-12-22,PARTNER-EMAIL,722,491
2023-12-23,PARTNER-EMAIL,595,500
2023-12-24,PARTNER-EMAIL,576,494
2023-12-25,PARTNER-EMAIL,890,490
2023-12-26,PARTNER-EMAIL,748,501
2023-12-27,PARTNER-EMAIL,691,492
2023-12-28,PARTNER-EMAIL,629,481
2023-12-29,PARTNER-EMAIL,638,479
2023-12-30,PARTNER-EMAIL,626,480
2023-12-31,PARTNER-EMAIL,461,479
2024-01-01,PARTNER-EMAIL,720,468
2024-01-02,PARTNER-EMAIL,694,455
2024-01-03,PARTNER-EMAIL,573,510
2024-01-04,PARTNER-EMAIL,566,480
2024-01-05,PARTNER-EMAIL,569,486
2024-01-06,PARTNER-EMAIL,486,496
2024-01-07,PARTNER-EMAIL,426,467
2024-01-08,PARTNER-EMAIL,711,476
2024-01-09,PARTNER-EMAIL,630,487
2024-01-10,PARTNER-EMAIL,580,500
2024-01-11,PARTNER-EMAIL,562,471
2024-01-12,PARTNER-EMAIL,592,477
2024-01-13,PARTNER-EMAIL,516,475
2024-01-14,PARTNER-EMAIL,489,465
2024-01-15,PARTNER-EMAIL,695,474
2024-01-16,PARTNER-EMAIL,643,454
2024-01-17,PARTNER-EMAIL,609,463
2024-01-18,PARTNER-EMAIL,497,497
2024-01-19,PARTNER-EMAIL,556,472
2024-01-20,PARTNER-EMAIL,516,488
2024-01-21,PARTNER-EMAIL,506,476
2024-01-22,PARTNER-EMAIL,714,478
2024-01-23,PARTNER-EMAIL,620,469
2024-01-24,PARTNER-EMAIL,572,456
2024-01-25,PARTNER-EMAIL,574,472
2024-01-26,PARTNER-EMAIL,607,494
2024-01-27,PARTNER-EMAIL,507,497
2024-01-28,PARTNER-EMAIL,434,474
2024-01-29,PARTNER-EMAIL,713,483
2024-01-30,PARTNER-EMAIL,609,476
2024-01-31,PARTNER-EMAIL,622,484
2024-02-01,PARTNER-EMAIL,562,470
2024-02-02,PARTNER-EMAIL,602,475
2024-02-03,PARTNER-EMAIL,498,478
2024-02-04,PARTNER-EMAIL,478,489
2024-02-05,PARTNER-EMAIL,656,466
2024-02-06,PARTNER-EMAIL,644,490
2024-02-07,PARTNER-EMAIL,565,466
2024-02-08,PARTNER-EMAIL,599,477
2024-02-09,PARTNER-EMAIL,592,462
2024-02-10,PARTNER-EMAIL,565,472
2024-02-11,PARTNER-EMAIL,486,477
2024-02-12,PARTNER-EMAIL,644,503
2024-02-13,PARTNER-EMAIL,600,451
2024-02-14,PARTNER-EMAIL,604,485
2024-02-15,PARTNER-EMAIL,577,469
2024-02-16,PARTNER-EMAIL,534,461
2024-02-17,PARTNER-EMAIL,557,434
2024-02-18,PARTNER-EMAIL,483,463
2024-02-19,PARTNER-EMAIL,654,471
2024-02-20,PARTNER-EMAIL,624,463
2024-02-21,PARTNER-EMAIL,590,481
2024-02-22,PARTNER-EMAIL,615,481
2024-02-23,PARTNER-EMAIL,556,498
2024-02-24,PARTNER-EMAIL,570,496
2024-02-25,PARTNER-EMAIL,503,477
2024-02-26,PARTNER-EMAIL,675,479
2024-02-27,PARTNER-EMAIL,642,469
2024-02-28,PARTNER-EMAIL,597,469
2024-02-29,PARTNER-EMAIL,551,474
2024-03-01,PARTNER-EMAIL,604,464
2024-03-02,PARTNER-EMAIL,536,478
2024-03-03,PARTNER-EMAIL,490,470
2024-03-04,PARTNER-EMAIL,633,475
2024-03-05,PARTNER-EMAIL,624,471
2024-03-06,PARTNER-EMAIL,617,463
2024-03-07,PARTNER-EMAIL,544,443
2024-03-08,PARTNER-EMAIL,625,483
2024-03-09,PARTNER-EMAIL,495,472
2024-03-10,PARTNER-EMAIL,484,484
2024-03-11,PARTNER-EMAIL,688,475
2024-03-12,PARTNER-EMAIL,626,486
2024-03-13,PARTNER-EMAIL,632,462
2024-03-14,PARTNER-EMAIL,636,487
2024-03-15,PARTNER-EMAIL,551,476
2024-03-16,PARTNER-EMAIL,501,471
2024-03-17,PARTNER-EMAIL,475,480
2024-03-18,PARTNER-EMAIL,678,481
2024-03-19,PARTNER-EMAIL,627,492
2024-03-20,PARTNER-EMAIL,616,513
2024-03-21,PARTNER-EMAIL,590,480
2024-03-22,PARTNER-EMAIL,540,498
2024-03-23,PARTNER-EMAIL,561,479
2024-03-24,PARTNER-EMAIL,480,470
2024-03-25,PARTNER-EMAIL,709,465
2024-03-26,PARTNER-EMAIL,662,459
2024-03-27,PARTNER-EMAIL,690,475
2024-03-28,PARTNER-EMAIL,612,462
2024-03-29,PARTNER-EMAIL,549,463
2024-03-30,PARTNER-EMAIL,469,470
2024-03-31,PARTNER-EMAIL,470,502
2024-04-01,PARTNER-EMAIL,734,482
2024-04-02,PARTNER-EMAIL,702,497
2024-04-03,PARTNER-EMAIL,567,487
2024-04-04,PARTNER-EMAIL,585,481
2024-04-05,PARTNER-EMAIL,623,463
2024-04-06,PARTNER-EMAIL,558,474
2024-04-07,PARTNER-EMAIL,474,486
2024-04-08,PARTNER-EMAIL,779,497
2024-04-09,PARTNER-EMAIL,664,486
2024-04-10,PARTNER-EMAIL,625,482
2024-04-11,PARTNER-EMAIL,569,487
2024-04-12,PARTNER-EMAIL,530,472
2024-04-13,PARTNER-EMAIL,560,470
2024-04-14,PARTNER-EMAIL,503,478
2024-04-15,PARTNER-EMAIL,716,481
2024-04-16,PARTNER-EMAIL,701,486
2024-04-17,PARTNER-EMAIL,612,495
2024-04-18,PARTNER-EMAIL,564,479
2024-04-19,PARTNER-EMAIL,597,460
2024-04-20,PARTNER-EMAIL,540,514
2024-04-21,PARTNER-EMAIL,453,483
2024-04-22,PARTNER-EMAIL,776,481
2024-04-23,PARTNER-EMAIL,668,443
2024-04-24,PARTNER-EMAIL,686,464
2024-04-25,PARTNER-EMAIL,599,470
2024-04-26,PARTNER-EMAIL,595,468
2024-04-27,PARTNER-EMAIL,568,497
2024-04-28,PARTNER-EMAIL,468,478
2024-04-29,PARTNER-EMAIL,679,485
2024-04-30,PARTNER-EMAIL,652,472
2024-05-01,PARTNER-EMAIL,657,474
2024-05-02,PARTNER-EMAIL,627,484
2024-05-03,PARTNER-EMAIL,626,491
2024-05-04,PARTNER-EMAIL,564,496
2024-05-05,PARTNER-EMAIL,464,469
2024-05-06,PARTNER-EMAIL,710,485
2024-05-07,PARTNER-EMAIL,743,483
2024-05-08,PARTNER-EMAIL,624,488
2024-05-09,PARTNER-EMAIL,622,467
2024-05-10,PARTNER-EMAIL,539,471
2024-05-11,PARTNER-EMAIL,529,485
2024-05-12,PARTNER-EMAIL,479,486
2024-05-13,PARTNER-EMAIL,680,482
2024-05-14,PARTNER-EMAIL,674,461
2024-05-15,PARTNER-EMAIL,629,485
2024-05-16,PARTNER-EMAIL,586,463
2024-05-17,PARTNER-EMAIL,625,507
2024-05-18,PARTNER-EMAIL,625,472
2024-05-19,PARTNER-EMAIL,509,457
2024-05-20,PARTNER-EMAIL,694,475
2024-05-21,PARTNER-EMAIL,708,481
2024-05-22,PARTNER-EMAIL,569,494
2024-05-23,PARTNER-EMAIL,634,495
2024-05-24,PARTNER-EMAIL,647,477
2024-05-25,PARTNER-EMAIL,502,492
2024-05-26,PARTNER-EMAIL,510,464
2024-05-27,PARTNER-EMAIL,736,511
2024-05-28,PARTNER-EMAIL,714,480
2024-05-29,PARTNER-EMAIL,666,496
2024-05-30,PARTNER-EMAIL,620,465
2024-05-31,PARTNER-EMAIL,569,481
2024-06-01,PARTNER-EMAIL,560,484
2024-06-02,PARTNER-EMAIL,494,516
2024-06-03,PARTNER-EMAIL,811,488
2024-06-04,PARTNER-EMAIL,692,492
2024-06-05,PARTNER-EMAIL,689,481
2024-06-06,PARTNER-EMAIL,626,487
2024-06-07,PARTNER-EMAIL,660,477
2024-06-08,PARTNER-EMAIL,539,516
2024-06-09,PARTNER-EMAIL,465,512
2024-06-10,PARTNER-EMAIL,799,470
2024-06-11,PARTNER-EMAIL,659,477
2024-06-12,PARTNER-EMAIL,650,474
2024-06-13,PARTNER-EMAIL,587,481
2024-06-14,PARTNER-EMAIL,610,499
2024-06-15,PARTNER-EMAIL,601,459
2024-06-16,PARTNER-EMAIL,488,513
2024-06-17,PARTNER-EMAIL,744,499
2024-06-18,PARTNER-EMAIL,711,480
2024-06-19,PARTNER-EMAIL,656,476
2024-06-20,PARTNER-EMAIL,612,477
2024-06-21,PARTNER-EMAIL,655,476
2024-06-22,PARTNER-EMAIL,524,492
2024-06-23,PARTNER-EMAIL,469,497
2024-06-24,PARTNER-EMAIL,728,467
2024-06-25,PARTNER-EMAIL,661,479
2024-06-26,PARTNER-EMAIL,634,477
2024-06-27,PARTNER-EMAIL,632,477
2024-06-28,PARTNER-EMAIL,597,495
2024-06-29,PARTNER-EMAIL,541,463
2024-06-30,PARTNER-EMAIL,492,474
2024-07-01,PARTNER-EMAIL,743,467
2024-07-02,PARTNER-EMAIL,675,502
2024-07-03,PARTNER-EMAIL,683,490
2024-07-04,PARTNER-EMAIL,661,501
2024-07-05,PARTNER-EMAIL,655,491
2024-07-06,PARTNER-EMAIL,546,482
2024-07-07,PARTNER-EMAIL,529,475
2024-07-08,PARTNER-EMAIL,823,485
2024-07-09,PARTNER-EMAIL,762,492
2024-07-10,PARTNER-EMAIL,757,467
2024-07-11,PARTNER-EMAIL,737,453
2024-07-12,PARTNER-EMAIL,711,460
2024-07-13,PARTNER-EMAIL,709,508
2024-07-14,PARTNER-EMAIL,617,486
2024-07-15,PARTNER-EMAIL,928,517
2024-07-16,PARTNER-EMAIL,830,511
2024-07-17,PARTNER-EMAIL,798,479
2024-07-18,PARTNER-EMAIL,739,498
2024-07-19,PARTNER-EMAIL,720,474
2024-07-20,PARTNER-EMAIL,691,475
2024-07-21,PARTNER-EMAIL,554,470
2024-07-22,PARTNER-EMAIL,806,488
2024-07-23,PARTNER-EMAIL,716,481
2024-07-24,PARTNER-EMAIL,652,469
2024-07-25,PARTNER-EMAIL,661,477
2024-07-26,PARTNER-EMAIL,605,463
2024-07-27,PARTNER-EMAIL,547,468
2024-07-28,PARTNER-EMAIL,502,487
2024-07-29,PARTNER-EMAIL,722,472
2024-07-30,PARTNER-EMAIL,701,455
2024-07-31,PARTNER-EMAIL,680,500
2024-08-01,PARTNER-EMAIL,695,473
2024-08-02,PARTNER-EMAIL,639,450
2024-08-03,PARTNER-EMAIL,640,452
2024-08-04,PARTNER-EMAIL,508,489
2024-08-05,PARTNER-EMAIL,785,471
2024-08-06,PARTNER-EMAIL,666,485
2024-08-07,PARTNER-EMAIL,616,504
2024-08-08,PARTNER-EMAIL,620,464
2024-08-09,PARTNER-EMAIL,553,495
2024-08-10,PARTNER-EMAIL,528,432
2024-08-11,PARTNER-EMAIL,533,488
2024-08-12,PARTNER-EMAIL,684,470
2024-08-13,PARTNER-EMAIL,713,473
2024-08-14,PARTNER-EMAIL,664,476
2024-08-15,PARTNER-EMAIL,623,504
2024-08-16,PARTNER-EMAIL,643,485
2024-08-17,PARTNER-EMAIL,594,469
2024-08-18,PARTNER-EMAIL,510,485
2024-08-19,PARTNER-EMAIL,705,475
2024-08-20,PARTNER-EMAIL,732,481
2024-08-21,PARTNER-EMAIL,655,506
2024-08-22,PARTNER-EMAIL,638,480
2024-08-23,PARTNER-EMAIL,654,487
2024-08-24,PARTNER-EMAIL,613,491
2024-08-25,PARTNER-EMAIL,533,482
2024-08-26,PARTNER-EMAIL,747,467
2024-08-27,PARTNER-EMAIL,763,455
2024-08-28,PARTNER-EMAIL,655,500
2024-08-29,PARTNER-EMAIL,671,507
2024-08-30,PARTNER-EMAIL,589,496
2024-08-31,PARTNER-EMAIL,553,451
2024-09-01,PARTNER-EMAIL,534,467
2024-09-02,PARTNER-EMAIL,712,472
2024-09-03,PARTNER-EMAIL,694,479
2024-09-04,PARTNER-EMAIL,660,487
2024-09-05,PARTNER-EMAIL,617,467
2024-09-06,PARTNER-EMAIL,594,491
2024-09-07,PARTNER-EMAIL,583,503
2024-09-08,PARTNER-EMAIL,516,500
2024-09-09,PARTNER-EMAIL,772,485
2024-09-10,PARTNER-EMAIL,734,486
2024-09-11,PARTNER-EMAIL,586,502
2024-09-12,PARTNER-EMAIL,666,484
2024-09-13,PARTNER-EMAIL,578,493
2024-09-14,PARTNER-EMAIL,524,485
2024-09-15,PARTNER-EMAIL,502,458
2024-09-16,PARTNER-EMAIL,814,472
2024-09-17,PARTNER-EMAIL,743,482
2024-09-18,PARTNER-EMAIL,686,473
2024-09-19,PARTNER-EMAIL,652,491
2024-09-20,PARTNER-EMAIL,689,511
2024-09-21,PARTNER-EMAIL,562,481
2024-09-22,PARTNER-EMAIL,503,445
2024-09-23,PARTNER-EMAIL,789,472
2024-09-24,PARTNER-EMAIL,720,482
2024-09-25,PARTNER-EMAIL,671,488
2024-09-26,PARTNER-EMAIL,650,501
2024-09-27,PARTNER-EMAIL,592,462
2024-09-28,PARTNER-EMAIL,563,504
2024-09-29,PARTNER-EMAIL,487,482
2024-09-30,PARTNER-EMAIL,773,471
2024-10-01,PARTNER-EMAIL,713,470
2024-10-02,PARTNER-EMAIL,701,481
2024-10-03,PARTNER-EMAIL,627,449
2024-10-04,PARTNER-EMAIL,659,478
2024-10-05,PARTNER-EMAIL,631,466
2024-10-06,PARTNER-EMAIL,589,495
2024-10-07,PARTNER-EMAIL,741,467
2024-10-08,PARTNER-EMAIL,771,473
2024-10-09,PARTNER-EMAIL,654,505
2024-10-10,PARTNER-EMAIL,666,484
2024-10-11,PARTNER-EMAIL,632,501
2024-10-12,PARTNER-EMAIL,554,458
2024-10-13,PARTNER-EMAIL,523,477
2024-10-14,PARTNER-EMAIL,707,488
2024-10-15,PARTNER-EMAIL,674,467
2024-10-16,PARTNER-EMAIL,682,501
2024-10-17,PARTNER-EMAIL,665,503
2024-10-18,PARTNER-EMAIL,573,500
2024-10-19,PARTNER-EMAIL,532,488
2024-10-20,PARTNER-EMAIL,549,478
2024-10-21,PARTNER-EMAIL,777,462
2024-10-22,PARTNER-EMAIL,784,477
2024-10-23,PARTNER-EMAIL,697,508
2024-10-24,PARTNER-EMAIL,690,487
2024-10-25,PARTNER-EMAIL,658,497
2024-10-26,PARTNER-EMAIL,594,520
2024-10-27,PARTNER-EMAIL,546,482
2024-10-28,PARTNER-EMAIL,774,478
2024-10-29,PARTNER-EMAIL,775,487
2024-10-30,PARTNER-EMAIL,743,514
2024-10-31,PARTNER-EMAIL,724,483
2024-11-01,PARTNER-EMAIL,719,484
2024-11-02,PARTNER-EMAIL,706,475
2024-11-03,PARTNER-EMAIL,583,481
2024-11-04,PARTNER-EMAIL,869,478
2024-11-05,PARTNER-EMAIL,807,480
2024-11-06,PARTNER-EMAIL,750,473
2024-11-07,PARTNER-EMAIL,761,446
2024-11-08,PARTNER-EMAIL,793,499
2024-11-09,PARTNER-EMAIL,744,470
2024-11-10,PARTNER-EMAIL,600,516
2024-11-11,PARTNER-EMAIL,950,482
2024-11-12,PARTNER-EMAIL,881,480
2024-11-13,PARTNER-EMAIL,785,491
2024-11-14,PARTNER-EMAIL,816,463
2024-11-15,PARTNER-EMAIL,922,521
2024-11-16,PARTNER-EMAIL,796,483
2024-11-17,PARTNER-EMAIL,725,496
2024-11-18,PARTNER-EMAIL,994,489
2024-11-19,PARTNER-EMAIL,953,493
2024-11-20,PARTNER-EMAIL,1010,477
2024-11-21,PARTNER-EMAIL,902,480
2024-11-22,PARTNER-EMAIL,887,512
2024-11-23,PARTNER-EMAIL,896,495
2024-11-24,PARTNER-EMAIL,833,481
2024-11-25,PARTNER-EMAIL,1074,507
2024-11-26,PARTNER-EMAIL,1074,468
2024-11-27,PARTNER-EMAIL,1046,517
2024-11-28,PARTNER-EMAIL,993,514
2024-11-29,PARTNER-EMAIL,935,511
2024-11-30,PARTNER-EMAIL,905,527
2024-12-01,PARTNER-EMAIL,837,462
2024-12-02,PARTNER-EMAIL,1164,511
2024-12-03,PARTNER-EMAIL,1038,494
2024-12-04,PARTNER-EMAIL,1020,508
2024-12-05,PARTNER-EMAIL,926,489
2024-12-06,PARTNER-EMAIL,893,520
2024-12-07,PARTNER-EMAIL,818,490
2024-12-08,PARTNER-EMAIL,729,482
2024-12-09,PARTNER-EMAIL,1056,486
2024-12-10,PARTNER-EMAIL,896,495
2024-12-11,PARTNER-EMAIL,910,523
2024-12-12,PARTNER-EMAIL,862,501
2024-12-13,PARTNER-EMAIL,776,513
2024-12-14,PARTNER-EMAIL,725,507
2024-12-15,PARTNER-EMAIL,701,490
2024-12-16,PARTNER-EMAIL,951,491
2024-12-17,PARTNER-EMAIL,940,514
2024-12-18,PARTNER-EMAIL,897,498
2024-12-19,PARTNER-EMAIL,877,504
2024-12-20,PARTNER-EMAIL,820,515
2024-12-21,PARTNER-EMAIL,777,494
2024-12-22,PARTNER-EMAIL,694,495
2024-12-23,PARTNER-EMAIL,996,487
2024-12-24,PARTNER-EMAIL,923,483
2024-12-25,PARTNER-EMAIL,793,495
2024-12-26,PARTNER-EMAIL,789,463
2024-12-27,PARTNER-EMAIL,751,475
2024-12-28,PARTNER-EMAIL,637,481
2024-12-29,PARTNER-EMAIL,562,484
2024-12-30,PARTNER-EMAIL,902,496
2024-12-31,PARTNER-EMAIL,784,459
2025-01-01,PARTNER-EMAIL,759,489
2025-01-02,PARTNER-EMAIL,667,453
2025-01-03,PARTNER-EMAIL,610,497
2025-01-04,PARTNER-EMAIL,646,491
2025-01-05,PARTNER-EMAIL,566,492
2025-01-06,PARTNER-EMAIL,819,481
2025-01-07,PARTNER-EMAIL,721,487
2025-01-08,PARTNER-EMAIL,716,479
2025-01-09,PARTNER-EMAIL,756,473
2025-01-10,PARTNER-EMAIL,622,458
2025-01-11,PARTNER-EMAIL,638,475
2025-01-12,PARTNER-EMAIL,548,468
2025-01-13,PARTNER-EMAIL,832,475
2025-01-14,PARTNER-EMAIL,776,487
2025-01-15,PARTNER-EMAIL,741,484
2025-01-16,PARTNER-EMAIL,690,476
2025-01-17,PARTNER-EMAIL,686,460
2025-01-18,PARTNER-EMAIL,549,471
2025-01-19,PARTNER-EMAIL,517,480
2025-01-20,PARTNER-EMAIL,865,481
2025-01-21,PARTNER-EMAIL,752,501
2025-01-22,PARTNER-EMAIL,752,486
2025-01-23,PARTNER-EMAIL,650,485
2025-01-24,PARTNER-EMAIL,700,466
2025-01-25,PARTNER-EMAIL,666,458
2025-01-26,PARTNER-EMAIL,549,474
2025-01-27,PARTNER-EMAIL,821,491
2025-01-28,PARTNER-EMAIL,724,460
2025-01-29,PARTNER-EMAIL,781,485
2025-01-30,PARTNER-EMAIL,731,499
2025-01-31,PARTNER-EMAIL,639,494
2025-02-01,PARTNER-EMAIL,588,460
2025-02-02,PARTNER-EMAIL,545,460
2025-02-03,PARTNER-EMAIL,865,466
2025-02-04,PARTNER-EMAIL,756,479
2025-02-05,PARTNER-EMAIL,679,477
2025-02-06,PARTNER-EMAIL,696,488
2025-02-07,PARTNER-EMAIL,726,491
2025-02-08,PARTNER-EMAIL,642,496
2025-02-09,PARTNER-EMAIL,614,463
2025-02-10,PARTNER-EMAIL,921,494
2025-02-11,PARTNER-EMAIL,766,450
2025-02-12,PARTNER-EMAIL,769,473
2025-02-13,PARTNER-EMAIL,655,470
2025-02-14,PARTNER-EMAIL,678,488
2025-02-15,PARTNER-EMAIL,595,466
2025-02-16,PARTNER-EMAIL,550,478
2025-02-17,PARTNER-EMAIL,829,456
2025-02-18,PARTNER-EMAIL,699,464
2025-02-19,PARTNER-EMAIL,732,452
2025-02-20,PARTNER-EMAIL,694,481
2025-02-21,PARTNER-EMAIL,668,473
2025-02-22,PARTNER-EMAIL,632,479
2025-02-23,PARTNER-EMAIL,604,458
2025-02-24,PARTNER-EMAIL,761,484
2025-02-25,PARTNER-EMAIL,797,488
2025-02-26,PARTNER-EMAIL,731,489
2025-02-27,PARTNER-EMAIL,683,483
2025-02-28,PARTNER-EMAIL,704,486
2025-03-01,PARTNER-EMAIL,654,493
2025-03-02,PARTNER-EMAIL,542,486
2025-03-03,PARTNER-EMAIL,835,446
2025-03-04,PARTNER-EMAIL,794,465
2025-03-05,PARTNER-EMAIL,696,464
2025-03-06,PARTNER-EMAIL,725,491
2025-03-07,PARTNER-EMAIL,660,457
2025-03-08,PARTNER-EMAIL,645,487
2025-03-09,PARTNER-EMAIL,577,468
2025-03-10,PARTNER-EMAIL,766,496
2025-03-11,PARTNER-EMAIL,805,470
2025-03-12,PARTNER-EMAIL,683,481
2025-03-13,PARTNER-EMAIL,703,483
2025-03-14,PARTNER-EMAIL,653,500
2025-03-15,PARTNER-EMAIL,613,487
2025-03-16,PARTNER-EMAIL,579,460
2025-03-17,PARTNER-EMAIL,876,476
2025-03-18,PARTNER-EMAIL,773,480
2025-03-19,PARTNER-EMAIL,750,489
2025-03-20,PARTNER-EMAIL,715,464
2025-03-21,PARTNER-EMAIL,657,461
2025-03-22,PARTNER-EMAIL,652,480
2025-03-23,PARTNER-EMAIL,585,482
2025-03-24,PARTNER-EMAIL,794,486
2025-03-25,PARTNER-EMAIL,795,488
2025-03-26,PARTNER-EMAIL,728,480
2025-03-27,PARTNER-EMAIL,714,469
2025-03-28,PARTNER-EMAIL,662,490
2025-03-29,PARTNER-EMAIL,676,487
2025-03-30,PARTNER-EMAIL,565,480
2025-03-31,PARTNER-EMAIL,805,485
2025-04-01,PARTNER-EMAIL,837,465
2025-04-02,PARTNER-EMAIL,733,465
2025-04-03,PARTNER-EMAIL,733,472
2025-04-04,PARTNER-EMAIL,700,478
2025-04-05,PARTNER-EMAIL,656,483
2025-04-06,PARTNER-EMAIL,582,465
2025-04-07,PARTNER-EMAIL,878,495
2025-04-08,PARTNER-EMAIL,772,451
2025-04-09,PARTNER-EMAIL,681,503
2025-04-10,PARTNER-EMAIL,725,497
2025-04-11,PARTNER-EMAIL,646,488
2025-04-12,PARTNER-EMAIL,662,496
2025-04-13,PARTNER-EMAIL,542,455
2025-04-14,PARTNER-EMAIL,778,513
2025-04-15,PARTNER-EMAIL,728,491
2025-04-16,PARTNER-EMAIL,774,497
2025-04-17,PARTNER-EMAIL,794,481
2025-04-18,PARTNER-EMAIL,674,473
2025-04-19,PARTNER-EMAIL,610,474
2025-04-20,PARTNER-EMAIL,527,485
2025-04-21,PARTNER-EMAIL,844,461
2025-04-22,PARTNER-EMAIL,771,467
2025-04-23,PARTNER-EMAIL,697,486
2025-04-24,PARTNER-EMAIL,738,486
2025-04-25,PARTNER-EMAIL,647,474
2025-04-26,PARTNER-EMAIL,650,487
2025-04-27,PARTNER-EMAIL,531,476
2025-04-28,PARTNER-EMAIL,740,470
2025-04-29,PARTNER-EMAIL,818,469
2025-04-30,PARTNER-EMAIL,709,461
2025-05-01,PARTNER-EMAIL,699,477
2025-05-02,PARTNER-EMAIL,654,471
2025-05-03,PARTNER-EMAIL,642,473
2025-05-04,PARTNER-EMAIL,593,471
2025-05-05,PARTNER-EMAIL,790,465
2025-05-06,PARTNER-EMAIL,814,481
2025-05-07,PARTNER-EMAIL,758,464
2025-05-08,PARTNER-EMAIL,736,478
2025-05-09,PARTNER-EMAIL,692,444
2025-05-10,PARTNER-EMAIL,639,484
2025-05-11,PARTNER-EMAIL,567,484
2025-05-12,PARTNER-EMAIL,876,467
2025-05-13,PARTNER-EMAIL,755,453
2025-05-14,PARTNER-EMAIL,780,475
2025-05-15,PARTNER-EMAIL,654,488
2025-05-16,PARTNER-EMAIL,678,488
2025-05-17,PARTNER-EMAIL,621,489
2025-05-18,PARTNER-EMAIL,539,488
2025-05-19,PARTNER-EMAIL,851,458
2025-05-20,PARTNER-EMAIL,794,484
2025-05-21,PARTNER-EMAIL,724,470
2025-05-22,PARTNER-EMAIL,745,472
2025-05-23,PARTNER-EMAIL,790,451
2025-05-24,PARTNER-EMAIL,675,501
2025-05-25,PARTNER-EMAIL,561,476
2025-05-26,PARTNER-EMAIL,807,475
2025-05-27,PARTNER-EMAIL,819,504
2025-05-28,PARTNER-EMAIL,691,481
2025-05-29,PARTNER-EMAIL,755,482
2025-05-30,PARTNER-EMAIL,692,470
2025-05-31,PARTNER-EMAIL,673,495
2025-06-01,PARTNER-EMAIL,527,490
2025-06-02,PARTNER-EMAIL,931,466
2025-06-03,PARTNER-EMAIL,824,483
2025-06-04,PARTNER-EMAIL,745,484
2025-06-05,PARTNER-EMAIL,721,460
2025-06-06,PARTNER-EMAIL,684,486
2025-06-07,PARTNER-EMAIL,637,473
2025-06-08,PARTNER-EMAIL,584,493
2025-06-09,PARTNER-EMAIL,807,487
2025-06-10,PARTNER-EMAIL,817,495
2025-06-11,PARTNER-EMAIL,744,486
2025-06-12,PARTNER-EMAIL,740,482
2025-06-13,PARTNER-EMAIL,688,449
2025-06-14,PARTNER-EMAIL,640,458
2025-06-15,PARTNER-EMAIL,571,487
2025-06-16,PARTNER-EMAIL,830,481
2025-06-17,PARTNER-EMAIL,763,487
2025-06-18,PARTNER-EMAIL,733,465
2025-06-19,PARTNER-EMAIL,724,486
2025-06-20,PARTNER-EMAIL,734,500
2025-06-21,PARTNER-EMAIL,582,462
2025-06-22,PARTNER-EMAIL,587,470
2025-06-23,PARTNER-EMAIL,919,481
2025-06-24,PARTNER-EMAIL,794,469
2025-06-25,PARTNER-EMAIL,779,507
2025-06-26,PARTNER-EMAIL,787,487
2025-06-27,PARTNER-EMAIL,702,476
2025-06-28,PARTNER-EMAIL,662,480
2025-06-29,PARTNER-EMAIL,599,504
2025-06-30,PARTNER-EMAIL,844,500
2025-07-01,PARTNER-EMAIL,842,466
2025-07-02,PARTNER-EMAIL,772,485
2025-07-03,PARTNER-EMAIL,761,500
2025-07-04,PARTNER-EMAIL,697,505
2025-07-05,PARTNER-EMAIL,641,470
2025-07-06,PARTNER-EMAIL,653,485
2025-07-07,PARTNER-EMAIL,907,494
2025-07-08,PARTNER-EMAIL,899,485
2025-07-09,PARTNER-EMAIL,833,501
2025-07-10,PARTNER-EMAIL,840,476
2025-07-11,PARTNER-EMAIL,768,465
2025-07-12,PARTNER-EMAIL,720,494
2025-07-13,PARTNER-EMAIL,736,466
2025-07-14,PARTNER-EMAIL,1127,498
2025-07-15,PARTNER-EMAIL,1001,474
2025-07-16,PARTNER-EMAIL,837,523
2025-07-17,PARTNER-EMAIL,918,511
2025-07-18,PARTNER-EMAIL,830,479
2025-07-19,PARTNER-EMAIL,822,462
2025-07-20,PARTNER-EMAIL,650,494
2025-07-21,PARTNER-EMAIL,1073,466
2025-07-22,PARTNER-EMAIL,939,487
2025-07-23,PARTNER-EMAIL,852,489
2025-07-24,PARTNER-EMAIL,777,481
2025-07-25,PARTNER-EMAIL,756,462
2025-07-26,PARTNER-EMAIL,606,457
2025-07-27,PARTNER-EMAIL,576,488
2025-07-28,PARTNER-EMAIL,866,488
2025-07-29,PARTNER-EMAIL,851,464
2025-07-30,PARTNER-EMAIL,774,488
2025-07-31,PARTNER-EMAIL,737,487
2025-08-01,PARTNER-EMAIL,696,460
2025-08-02,PARTNER-EMAIL,714,452
2025-08-03,PARTNER-EMAIL,605,498
2025-08-04,PARTNER-EMAIL,804,494
2025-08-05,PARTNER-EMAIL,763,483
2025-08-06,PARTNER-EMAIL,727,512
2025-08-07,PARTNER-EMAIL,677,466
2025-08-08,PARTNER-EMAIL,718,466
2025-08-09,PARTNER-EMAIL,708,482
2025-08-10,PARTNER-EMAIL,506,487
2025-08-11,PARTNER-EMAIL,921,463
2025-08-12,PARTNER-EMAIL,805,496
2025-08-13,PARTNER-EMAIL,768,490
2025-08-14,PARTNER-EMAIL,690,524
2025-08-15,PARTNER-EMAIL,758,468
2025-08-16,PARTNER-EMAIL,631,487
2025-08-17,PARTNER-EMAIL,622,491
2025-08-18,PARTNER-EMAIL,887,483
2025-08-19,PARTNER-EMAIL,763,469
2025-08-20,PARTNER-EMAIL,769,506
2025-08-21,PARTNER-EMAIL,763,470
2025-08-22,PARTNER-EMAIL,710,479
2025-08-23,PARTNER-EMAIL,688,499
2025-08-24,PARTNER-EMAIL,602,428
2025-08-25,PARTNER-EMAIL,934,503
2025-08-26,PARTNER-EMAIL,794,493
2025-08-27,PARTNER-EMAIL,754,493
2025-08-28,PARTNER-EMAIL,756,496
2025-08-29,PARTNER-EMAIL,779,487
2025-08-30,PARTNER-EMAIL,628,480
2025-08-31,PARTNER-EMAIL,586,491
2025-09-01,PARTNER-EMAIL,922,474
2025-09-02,PARTNER-EMAIL,810,474
2025-09-03,PARTNER-EMAIL,721,446
2025-09-04,PARTNER-EMAIL,748,476
2025-09-05,PARTNER-EMAIL,734,492
2025-09-06,PARTNER-EMAIL,654,473
2025-09-07,PARTNER-EMAIL,583,452
2025-09-08,PARTNER-EMAIL,967,469
2025-09-09,PARTNER-EMAIL,803,487
2025-09-10,PARTNER-EMAIL,747,469
2025-09-11,PARTNER-EMAIL,759,468
2025-09-12,PARTNER-EMAIL,783,462
2025-09-13,PARTNER-EMAIL,648,485
2025-09-14,PARTNER-EMAIL,591,470
2025-09-15,PARTNER-EMAIL,850,471
2025-09-16,PARTNER-EMAIL,842,482
2025-09-17,PARTNER-EMAIL,785,473
2025-09-18,PARTNER-EMAIL,772,484
2025-09-19,PARTNER-EMAIL,709,494
2025-09-20,PARTNER-EMAIL,688,461
2025-09-21,PARTNER-EMAIL,655,475
2025-09-22,PARTNER-EMAIL,851,488
2025-09-23,PARTNER-EMAIL,862,473
2025-09-24,PARTNER-EMAIL,754,461
2025-09-25,PARTNER-EMAIL,799,478
2025-09-26,PARTNER-EMAIL,652,491
2025-09-27,PARTNER-EMAIL,700,456
2025-09-28,PARTNER-EMAIL,561,481
2025-09-29,PARTNER-EMAIL,1008,475
2025-09-30,PARTNER-EMAIL,808,484
2025-10-01,PARTNER-EMAIL,814,478
2025-10-02,PARTNER-EMAIL,781,486
2025-10-03,PARTNER-EMAIL,706,451
2025-10-04,PARTNER-EMAIL,705,499
2025-10-05,PARTNER-EMAIL,657,487
2025-10-06,PARTNER-EMAIL,878,479
2025-10-07,PARTNER-EMAIL,868,461
2025-10-08,PARTNER-EMAIL,791,488
2025-10-09,PARTNER-EMAIL,723,474
2025-10-10,PARTNER-EMAIL,736,490
2025-10-11,PARTNER-EMAIL,668,484
2025-10-12,PARTNER-EMAIL,650,508
2025-10-13,PARTNER-EMAIL,913,488
2025-10-14,PARTNER-EMAIL,894,478
2025-10-15,PARTNER-EMAIL,831,480
2025-10-16,PARTNER-EMAIL,808,467
2025-10-17,PARTNER-EMAIL,744,511
2025-10-18,PARTNER-EMAIL,666,507
2025-10-19,PARTNER-EMAIL,567,463
2025-10-20,PARTNER-EMAIL,876,489
2025-10-21,PARTNER-EMAIL,894,485
2025-10-22,PARTNER-EMAIL,809,492
2025-10-23,PARTNER-EMAIL,810,468
2025-10-24,PARTNER-EMAIL,791,508
2025-10-25,PARTNER-EMAIL,728,494
2025-10-26,PARTNER-EMAIL,609,480
2025-10-27,PARTNER-EMAIL,899,478
2025-10-28,PARTNER-EMAIL,924,488
2025-10-29,PARTNER-EMAIL,816,461
2025-10-30,PARTNER-EMAIL,788,465
2025-10-31,PARTNER-EMAIL,800,494
2025-11-01,PARTNER-EMAIL,696,487
2025-11-02,PARTNER-EMAIL,664,477
2025-11-03,PARTNER-EMAIL,965,491
2025-11-04,PARTNER-EMAIL,946,499
2025-11-05,PARTNER-EMAIL,844,499
2025-11-06,PARTNER-EMAIL,836,490
2025-11-07,PARTNER-EMAIL,832,473
2025-11-08,PARTNER-EMAIL,837,478
2025-11-09,PARTNER-EMAIL,734,489
2025-11-10,PARTNER-EMAIL,1114,471
2025-11-11,PARTNER-EMAIL,989,502
2025-11-12,PARTNER-EMAIL,944,504
2025-11-13,PARTNER-EMAIL,942,522
2025-11-14,PARTNER-EMAIL,1014,485
2025-11-15,PARTNER-EMAIL,920,500
2025-11-16,PARTNER-EMAIL,844,524
2025-11-17,PARTNER-EMAIL,1132,508
2025-11-18,PARTNER-EMAIL,1114,496
2025-11-19,PARTNER-EMAIL,1139,511
2025-11-20,PARTNER-EMAIL,1003,512
2025-11-21,PARTNER-EMAIL,1040,528
2025-11-22,PARTNER-EMAIL,985,495
2025-11-23,PARTNER-EMAIL,919,520
2025-11-24,PARTNER-EMAIL,1369,493
2025-11-25,PARTNER-EMAIL,1205,489
2025-11-26,PARTNER-EMAIL,1133,491
2025-11-27,PARTNER-EMAIL,1101,495
2025-11-28,PARTNER-EMAIL,1076,483
2025-11-29,PARTNER-EMAIL,1050,517
2025-11-30,PARTNER-EMAIL,902,484
2025-12-01,PARTNER-EMAIL,1345,512
2025-12-02,PARTNER-EMAIL,1140,518
2025-12-03,PARTNER-EMAIL,1130,533
2025-12-04,PARTNER-EMAIL,1034,499
2025-12-05,PARTNER-EMAIL,1064,474
2025-12-06,PARTNER-EMAIL,1002,515
2025-12-07,PARTNER-EMAIL,845,493
2025-12-08,PARTNER-EMAIL,1216,501
2025-12-09,PARTNER-EMAIL,1135,508
2025-12-10,PARTNER-EMAIL,1099,507
2025-12-11,PARTNER-EMAIL,1070,519
2025-12-12,PARTNER-EMAIL,1036,530
2025-12-13,PARTNER-EMAIL,846,484
2025-12-14,PARTNER-EMAIL,745,503
2025-12-15,PARTNER-EMAIL,1225,518
2025-12-16,PARTNER-EMAIL,1037,484
2025-12-17,PARTNER-EMAIL,1055,489
2025-12-18,PARTNER-EMAIL,1042,493
2025-12-19,PARTNER-EMAIL,993,472
2025-12-20,PARTNER-EMAIL,786,527
2025-12-21,PARTNER-EMAIL,805,515
2025-12-22,PARTNER-EMAIL,1134,480
2025-12-23,PARTNER-EMAIL,1072,518
2025-12-24,PARTNER-EMAIL,985,476
2025-12-25,PARTNER-EMAIL,966,492
2025-12-26,PARTNER-EMAIL,931,492
2025-12-27,PARTNER-EMAIL,855,486
2025-12-28,PARTNER-EMAIL,744,491
2025-12-29,PARTNER-EMAIL,1034,467
2025-12-30,PARTNER-EMAIL,828,499
2025-12-31,PARTNER-EMAIL,909,459
2026-01-01,PARTNER-EMAIL,748,487
2026-01-02,PARTNER-EMAIL,810,485
2026-01-03,PARTNER-EMAIL,807,463
2026-01-04,PARTNER-EMAIL,633,468
2026-01-05,PARTNER-EMAIL,874,471
2026-01-06,PARTNER-EMAIL,816,477
2026-01-07,PARTNER-EMAIL,807,500
2026-01-08,PARTNER-EMAIL,799,489
2026-01-09,PARTNER-EMAIL,762,454
2026-01-10,PARTNER-EMAIL,739,459
2026-01-11,PARTNER-EMAIL,628,501
2026-01-12,PARTNER-EMAIL,916,456
2026-01-13,PARTNER-EMAIL,864,472
2026-01-14,PARTNER-EMAIL,833,491
2026-01-15,PARTNER-EMAIL,812,479
2026-01-16,PARTNER-EMAIL,790,482
2026-01-17,PARTNER-EMAIL,774,459
2026-01-18,PARTNER-EMAIL,627,487
2026-01-19,PARTNER-EMAIL,916,472
2026-01-20,PARTNER-EMAIL,801,493
2026-01-21,PARTNER-EMAIL,818,475
2026-01-22,PARTNER-EMAIL,758,489
2026-01-23,PARTNER-EMAIL,696,509
2026-01-24,PARTNER-EMAIL,711,468
2026-01-25,PARTNER-EMAIL,685,463
2026-01-26,PARTNER-EMAIL,871,484
2026-01-27,PARTNER-EMAIL,858,459
2026-01-28,PARTNER-EMAIL,733,470
2026-01-29,PARTNER-EMAIL,808,496
2026-01-30,PARTNER-EMAIL,703,476
2026-01-31,PARTNER-EMAIL,708,481
2026-02-01,PARTNER-EMAIL,606,475
2026-02-02,PARTNER-EMAIL,1040,477
2026-02-03,PARTNER-EMAIL,839,482
2026-02-04,PARTNER-EMAIL,840,485
2026-02-05,PARTNER-EMAIL,826,469
2026-02-06,PARTNER-EMAIL,804,459
2026-02-07,PARTNER-EMAIL,742,484
2026-02-08,PARTNER-EMAIL,658,485
2026-02-09,PARTNER-EMAIL,890,473
2026-02-10,PARTNER-EMAIL,865,487
2026-02-11,PARTNER-EMAIL,749,520
2026-02-12,PARTNER-EMAIL,722,468
2026-02-13,PARTNER-EMAIL,776,485
2026-02-14,PARTNER-EMAIL,671,468
2026-02-15,PARTNER-EMAIL,630,474
2026-02-16,PARTNER-EMAIL,970,477
2026-02-17,PARTNER-EMAIL,924,453
2026-02-18,PARTNER-EMAIL,816,507
2026-02-19,PARTNER-EMAIL,796,472
2026-02-20,PARTNER-EMAIL,883,511
2026-02-21,PARTNER-EMAIL,724,477
2026-02-22,PARTNER-EMAIL,627,498
2026-02-23,PARTNER-EMAIL,913,474
2026-02-24,PARTNER-EMAIL,945,484
2026-02-25,PARTNER-EMAIL,855,467
2026-02-26,PARTNER-EMAIL,762,491
2026-02-27,PARTNER-EMAIL,729,497
2026-02-28,PARTNER-EMAIL,737,469
2026-03-01,PARTNER-EMAIL,643,506
2026-03-02,PARTNER-EMAIL,966,470
2026-03-03,PARTNER-EMAIL,867,475
2026-03-04,PARTNER-EMAIL,811,482
2026-03-05,PARTNER-EMAIL,733,484
2026-03-06,PARTNER-EMAIL,793,475
2026-03-07,PARTNER-EMAIL,736,454
2026-03-08,PARTNER-EMAIL,610,484
2026-03-09,PARTNER-EMAIL,980,501
2026-03-10,PARTNER-EMAIL,874,508
2026-03-11,PARTNER-EMAIL,807,481
2026-03-12,PARTNER-EMAIL,823,490
2026-03-13,PARTNER-EMAIL,826,501
2026-03-14,PARTNER-EMAIL,676,476
2026-03-15,PARTNER-EMAIL,701,501
2026-03-16,PARTNER-EMAIL,879,442
2026-03-17,PARTNER-EMAIL,934,494
2026-03-18,PARTNER-EMAIL,807,478
2026-03-19,PARTNER-EMAIL,841,465
2026-03-20,PARTNER-EMAIL,806,459
2026-03-21,PARTNER-EMAIL,724,480
2026-03-22,PARTNER-EMAIL,699,517
2026-03-23,PARTNER-EMAIL,886,473
2026-03-24,PARTNER-EMAIL,889,501
2026-03-25,PARTNER-EMAIL,957,469
2026-03-26,PARTNER-EMAIL,767,491
2026-03-27,PARTNER-EMAIL,744,460
2026-03-28,PARTNER-EMAIL,680,493
2026-03-29,PARTNER-EMAIL,650,482
2026-03-30,PARTNER-EMAIL,886,468
2026-03-31,PARTNER-EMAIL,867,485
2026-04-01,PARTNER-EMAIL,795,459
2026-04-02,PARTNER-EMAIL,792,477
2026-04-03,PARTNER-EMAIL,773,484
2026-04-04,PARTNER-EMAIL,697,484
2026-04-05,PARTNER-EMAIL,661,473
2026-04-06,PARTNER-EMAIL,964,476
2026-04-07,PARTNER-EMAIL,896,478
2026-04-08,PARTNER-EMAIL,812,491
2026-04-09,PARTNER-EMAIL,753,485
2026-04-10,PARTNER-EMAIL,869,480
2026-04-11,PARTNER-EMAIL,733,466
2026-04-12,PARTNER-EMAIL,631,470
2026-04-13,PARTNER-EMAIL,969,474
2026-04-14,PARTNER-EMAIL,918,498
2026-04-15,PARTNER-EMAIL,854,475
2026-04-16,PARTNER-EMAIL,861,484
2026-04-17,PARTNER-EMAIL,776,496
2026-04-18,PARTNER-EMAIL,769,502
2026-04-19,PARTNER-EMAIL,705,492
2026-04-20,PARTNER-EMAIL,955,480
2026-04-21,PARTNER-EMAIL,954,487
2026-04-22,PARTNER-EMAIL,796,474
2026-04-23,PARTNER-EMAIL,735,461
2026-04-24,PARTNER-EMAIL,790,468
2026-04-25,PARTNER-EMAIL,798,477
2026-04-26,PARTNER-EMAIL,663,477
2026-04-27,PARTNER-EMAIL,1060,487
2026-04-28,PARTNER-EMAIL,890,480
2026-04-29,PARTNER-EMAIL,841,466
2026-04-30,PARTNER-EMAIL,788,472
2026-05-01,PARTNER-EMAIL,737,500
2026-05-02,PARTNER-EMAIL,748,463
2026-05-03,PARTNER-EMAIL,670,488
2026-05-04,PARTNER-EMAIL,963,493
2026-05-05,PARTNER-EMAIL,861,476
2026-05-06,PARTNER-EMAIL,838,475
2026-05-07,PARTNER-EMAIL,819,470
2026-05-08,PARTNER-EMAIL,803,469
2026-05-09,PARTNER-EMAIL,705,486
2026-05-10,PARTNER-EMAIL,678,483
2026-05-11,PARTNER-EMAIL,944,484
2026-05-12,PARTNER-EMAIL,892,483
2026-05-13,PARTNER-EMAIL,793,519
2026-05-14,PARTNER-EMAIL,823,472
2026-05-15,PARTNER-EMAIL,730,471
2026-05-16,PARTNER-EMAIL,784,467
2026-05-17,PARTNER-EMAIL,642,478
2026-05-18,PARTNER-EMAIL,1094,495
2026-05-19,PARTNER-EMAIL,970,494
2026-05-20,PARTNER-EMAIL,884,485
2026-05-21,PARTNER-EMAIL,815,493
2026-05-22,PARTNER-EMAIL,758,490
2026-05-23,PARTNER-EMAIL,735,491
2026-05-24,PARTNER-EMAIL,699,477
2026-05-25,PARTNER-EMAIL,919,474
2026-05-26,PARTNER-EMAIL,922,479
2026-05-27,PARTNER-EMAIL,871,488
2026-05-28,PARTNER-EMAIL,771,483
2026-05-29,PARTNER-EMAIL,781,476
2026-05-30,PARTNER-EMAIL,777,475
2026-05-31,PARTNER-EMAIL,667,480
2026-06-01,PARTNER-EMAIL,1024,504
2026-06-02,PARTNER-EMAIL,911,488
2026-06-03,PARTNER-EMAIL,854,501
2026-06-04,PARTNER-EMAIL,890,483
2026-06-05,PARTNER-EMAIL,785,455
2026-06-06,PARTNER-EMAIL,768,454
2026-06-07,PARTNER-EMAIL,665,493
2026-06-08,PARTNER-EMAIL,879,454
2026-06-09,PARTNER-EMAIL,838,470
2026-06-10,PARTNER-EMAIL,831,498
2026-06-11,PARTNER-EMAIL,799,480
2026-06-12,PARTNER-EMAIL,806,463
2026-06-13,PARTNER-EMAIL,770,487
2026-06-14,PARTNER-EMAIL,676,464
2026-06-15,PARTNER-EMAIL,932,488
2026-06-16,PARTNER-EMAIL,875,473
2026-06-17,PARTNER-EMAIL,791,498
2026-06-18,PARTNER-EMAIL,736,466
2026-06-19,PARTNER-EMAIL,892,486
2026-06-20,PARTNER-EMAIL,759,476
2026-06-21,PARTNER-EMAIL,654,456
2026-06-22,PARTNER-EMAIL,1015,488
2026-06-23,PARTNER-EMAIL,953,479
2026-06-24,PARTNER-EMAIL,864,492
2026-06-25,PARTNER-EMAIL,893,475
2026-06-26,PARTNER-EMAIL,801,470
2026-06-27,PARTNER-EMAIL,807,480
2026-06-28,PARTNER-EMAIL,669,485
2026-06-29,PARTNER-EMAIL,930,476
2026-06-30,PARTNER-EMAIL,907,498
2026-07-01,PARTNER-EMAIL,986,457
2026-07-02,PARTNER-EMAIL,868,502
2026-07-03,PARTNER-EMAIL,783,492
2026-07-04,PARTNER-EMAIL,674,473
2026-07-05,PARTNER-EMAIL,692,458
2026-07-06,PARTNER-EMAIL,939,486
2026-07-07,PARTNER-EMAIL,949,491
2026-07-08,PARTNER-EMAIL,847,464
2026-07-09,PARTNER-EMAIL,894,487
2026-07-10,PARTNER-EMAIL,940,478
2026-07-11,PARTNER-EMAIL,829,489
2026-07-12,PARTNER-EMAIL,760,483
2026-07-13,PARTNER-EMAIL,1029,502
2026-07-14,PARTNER-EMAIL,1138,505
2026-07-15,PARTNER-EMAIL,1078,487
2026-07-16,PARTNER-EMAIL,1080,512
2026-07-17,PARTNER-EMAIL,936,521
2026-07-18,PARTNER-EMAIL,898,535
2026-07-19,PARTNER-EMAIL,807,487
2026-07-20,PARTNER-EMAIL,1184,476
2026-07-21,PARTNER-EMAIL,1039,453
2026-07-22,PARTNER-EMAIL,1002,495
2026-07-23,PARTNER-EMAIL,945,471
2026-07-24,PARTNER-EMAIL,845,500
2026-07-25,PARTNER-EMAIL,860,488
2026-07-26,PARTNER-EMAIL,697,464
2026-07-27,PARTNER-EMAIL,1028,455
2026-07-28,PARTNER-EMAIL,915,477
2026-07-29,PARTNER-EMAIL,896,489
2026-07-30,PARTNER-EMAIL,850,469
2026-07-31,PARTNER-EMAIL,826,498
2026-08-01,PARTNER-EMAIL,774,494
2026-08-02,PARTNER-EMAIL,655,484
2026-08-03,PARTNER-EMAIL,992,480
2026-08-04,PARTNER-EMAIL,917,475
2026-08-05,PARTNER-EMAIL,910,473
2026-08-06,PARTNER-EMAIL,856,467
2026-08-07,PARTNER-EMAIL,812,496
2026-08-08,PARTNER-EMAIL,744,477
2026-08-09,PARTNER-EMAIL,683,495
2026-08-10,PARTNER-EMAIL,937,452
2026-08-11,PARTNER-EMAIL,936,469
2026-08-12,PARTNER-EMAIL,823,476
2026-08-13,PARTNER-EMAIL,838,471
2026-08-14,PARTNER-EMAIL,805,491
2026-08-15,PARTNER-EMAIL,688,513
2026-08-16,PARTNER-EMAIL,687,472
2026-08-17,PARTNER-EMAIL,988,476
2026-08-18,PARTNER-EMAIL,965,488
2026-08-19,PARTNER-EMAIL,833,474
2026-08-20,PARTNER-EMAIL,812,493
2026-08-21,PARTNER-EMAIL,873,497
2026-08-22,PARTNER-EMAIL,783,473
2026-08-23,PARTNER-EMAIL,710,464
2026-08-24,PARTNER-EMAIL,933,452
2026-08-25,PARTNER-EMAIL,950,468
2026-08-26,PARTNER-EMAIL,829,477
2026-08-27,PARTNER-EMAIL,889,468
2026-08-28,PARTNER-EMAIL,834,477
2026-08-29,PARTNER-EMAIL,730,467
2026-08-30,PARTNER-EMAIL,671,500
2026-08-31,PARTNER-EMAIL,992,499
2026-09-01,PARTNER-EMAIL,1013,455
2026-09-02,PARTNER-EMAIL,880,488
2026-09-03,PARTNER-EMAIL,856,454
2026-09-04,PARTNER-EMAIL,794,488
2026-09-05,PARTNER-EMAIL,705,464
2026-09-06,PARTNER-EMAIL,711,491
2026-09-07,PARTNER-EMAIL,1011,471
2026-09-08,PARTNER-EMAIL,886,465
2026-09-09,PARTNER-EMAIL,884,472
2026-09-10,PARTNER-EMAIL,814,481
2026-09-11,PARTNER-EMAIL,793,451
2026-09-12,PARTNER-EMAIL,800,502
2026-09-13,PARTNER-EMAIL,660,472
2026-09-14,PARTNER-EMAIL,962,467
2026-09-15,PARTNER-EMAIL,956,468
2026-09-16,PARTNER-EMAIL,818,475
2026-09-17,PARTNER-EMAIL,846,455
2026-09-18,PARTNER-EMAIL,890,500
2026-09-19,PARTNER-EMAIL,773,472
2026-09-20,PARTNER-EMAIL,771,491
2026-09-21,PARTNER-EMAIL,979,488
2026-09-22,PARTNER-EMAIL,936,462
2026-09-23,PARTNER-EMAIL,884,480
2026-09-24,PARTNER-EMAIL,848,458
2026-09-25,PARTNER-EMAIL,969,475
2026-09-26,PARTNER-EMAIL,796,481
2026-09-27,PARTNER-EMAIL,642,462
2023-10-02,RETURNS-OPS,1671,300
2023-10-03,RETURNS-OPS,1536,279
2023-10-04,RETURNS-OPS,1405,291
2023-10-05,RETURNS-OPS,1352,303
2023-10-06,RETURNS-OPS,1412,296
2023-10-07,RETURNS-OPS,1228,301
2023-10-08,RETURNS-OPS,1172,308
2023-10-09,RETURNS-OPS,1585,288
2023-10-10,RETURNS-OPS,1531,294
2023-10-11,RETURNS-OPS,1353,306
2023-10-12,RETURNS-OPS,1342,301
2023-10-13,RETURNS-OPS,1339,293
2023-10-14,RETURNS-OPS,1350,293
2023-10-15,RETURNS-OPS,1058,294
2023-10-16,RETURNS-OPS,1582,291
2023-10-17,RETURNS-OPS,1534,300
2023-10-18,RETURNS-OPS,1479,308
2023-10-19,RETURNS-OPS,1547,314
2023-10-20,RETURNS-OPS,1293,303
2023-10-21,RETURNS-OPS,1237,298
2023-10-22,RETURNS-OPS,1194,297
2023-10-23,RETURNS-OPS,1653,293
2023-10-24,RETURNS-OPS,1487,313
2023-10-25,RETURNS-OPS,1366,318
2023-10-26,RETURNS-OPS,1443,290
2023-10-27,RETURNS-OPS,1389,302
2023-10-28,RETURNS-OPS,1332,298
2023-10-29,RETURNS-OPS,1265,313
2023-10-30,RETURNS-OPS,1641,300
2023-10-31,RETURNS-OPS,1760,301
2023-11-01,RETURNS-OPS,1448,309
2023-11-02,RETURNS-OPS,1545,312
2023-11-03,RETURNS-OPS,1485,276
2023-11-04,RETURNS-OPS,1366,309
2023-11-05,RETURNS-OPS,1285,296
2023-11-06,RETURNS-OPS,1873,283
2023-11-07,RETURNS-OPS,1851,305
2023-11-08,RETURNS-OPS,1865,300
2023-11-09,RETURNS-OPS,1468,291
2023-11-10,RETURNS-OPS,1666,299
2023-11-11,RETURNS-OPS,1502,306
2023-11-12,RETURNS-OPS,1311,314
2023-11-13,RETURNS-OPS,2000,324
2023-11-14,RETURNS-OPS,1871,304
2023-11-15,RETURNS-OPS,1920,323
2023-11-16,RETURNS-OPS,1785,313
2023-11-17,RETURNS-OPS,1860,308
2023-11-18,RETURNS-OPS,1663,308
2023-11-19,RETURNS-OPS,1519,319
2023-11-20,RETURNS-OPS,2166,324
2023-11-21,RETURNS-OPS,2231,308
2023-11-22,RETURNS-OPS,2249,304
2023-11-23,RETURNS-OPS,2055,311
2023-11-24,RETURNS-OPS,2021,311
2023-11-25,RETURNS-OPS,1744,320
2023-11-26,RETURNS-OPS,1698,335
2023-11-27,RETURNS-OPS,2437,308
2023-11-28,RETURNS-OPS,2283,320
2023-11-29,RETURNS-OPS,2238,294
2023-11-30,RETURNS-OPS,2153,322
2023-12-01,RETURNS-OPS,1895,319
2023-12-02,RETURNS-OPS,1812,309
2023-12-03,RETURNS-OPS,1689,315
2023-12-04,RETURNS-OPS,2419,320
2023-12-05,RETURNS-OPS,2162,305
2023-12-06,RETURNS-OPS,1904,312
2023-12-07,RETURNS-OPS,1946,304
2023-12-08,RETURNS-OPS,1831,314
2023-12-09,RETURNS-OPS,1699,309
2023-12-10,RETURNS-OPS,1452,309
2023-12-11,RETURNS-OPS,1866,297
2023-12-12,RETURNS-OPS,1972,322
2023-12-13,RETURNS-OPS,2137,306
2023-12-14,RETURNS-OPS,1767,310
2023-12-15,RETURNS-OPS,1591,309
2023-12-16,RETURNS-OPS,1558,307
2023-12-17,RETURNS-OPS,1566,313
2023-12-18,RETURNS-OPS,2246,306
2023-12-19,RETURNS-OPS,2057,315
2023-12-20,RETURNS-OPS,1982,306
2023-12-21,RETURNS-OPS,1916,309
2023-12-22,RETURNS-OPS,1849,308
2023-12-23,RETURNS-OPS,1570,314
2023-12-24,RETURNS-OPS,1455,305
2023-12-25,RETURNS-OPS,2230,326
2023-12-26,RETURNS-OPS,1984,302
2023-12-27,RETURNS-OPS,1850,315
2023-12-28,RETURNS-OPS,1738,335
2023-12-29,RETURNS-OPS,1858,306
2023-12-30,RETURNS-OPS,1573,311
2023-12-31,RETURNS-OPS,1390,312
2024-01-01,RETURNS-OPS,2161,304
2024-01-02,RETURNS-OPS,1991,319
2024-01-03,RETURNS-OPS,1934,333
2024-01-04,RETURNS-OPS,1777,309
2024-01-05,RETURNS-OPS,1765,307
2024-01-06,RETURNS-OPS,1745,315
2024-01-07,RETURNS-OPS,1522,307
2024-01-08,RETURNS-OPS,2145,317
2024-01-09,RETURNS-OPS,2256,307
2024-01-10,RETURNS-OPS,2354,316
2024-01-11,RETURNS-OPS,1891,322
2024-01-12,RETURNS-OPS,1818,318
2024-01-13,RETURNS-OPS,1777,313
2024-01-14,RETURNS-OPS,1668,308
2024-01-15,RETURNS-OPS,2476,306
2024-01-16,RETURNS-OPS,2140,312
2024-01-17,RETURNS-OPS,2373,290
2024-01-18,RETURNS-OPS,1984,307
2024-01-19,RETURNS-OPS,2099,300
2024-01-20,RETURNS-OPS,1634,314
2024-01-21,RETURNS-OPS,1420,317
2024-01-22,RETURNS-OPS,2188,308
2024-01-23,RETURNS-OPS,2007,306
2024-01-24,RETURNS-OPS,1956,309
2024-01-25,RETURNS-OPS,1705,302
2024-01-26,RETURNS-OPS,1581,299
2024-01-27,RETURNS-OPS,1666,313
2024-01-28,RETURNS-OPS,1331,284
2024-01-29,RETURNS-OPS,1922,295
2024-01-30,RETURNS-OPS,1735,286
2024-01-31,RETURNS-OPS,1636,297
2024-02-01,RETURNS-OPS,1677,309
2024-02-02,RETURNS-OPS,1539,301
2024-02-03,RETURNS-OPS,1254,314
2024-02-04,RETURNS-OPS,1174,323
2024-02-05,RETURNS-OPS,1707,312
2024-02-06,RETURNS-OPS,1578,304
2024-02-07,RETURNS-OPS,1451,300
2024-02-08,RETURNS-OPS,1552,301
2024-02-09,RETURNS-OPS,1434,298
2024-02-10,RETURNS-OPS,1236,315
2024-02-11,RETURNS-OPS,1111,310
2024-02-12,RETURNS-OPS,1790,292
2024-02-13,RETURNS-OPS,1628,280
2024-02-14,RETURNS-OPS,1519,297
2024-02-15,RETURNS-OPS,1578,302
2024-02-16,RETURNS-OPS,1477,311
2024-02-17,RETURNS-OPS,1472,310
2024-02-18,RETURNS-OPS,1295,291
2024-02-19,RETURNS-OPS,1830,299
2024-02-20,RETURNS-OPS,1489,295
2024-02-21,RETURNS-OPS,1438,310
2024-02-22,RETURNS-OPS,1471,297
2024-02-23,RETURNS-OPS,1443,303
2024-02-24,RETURNS-OPS,1289,308
2024-02-25,RETURNS-OPS,1170,297
2024-02-26,RETURNS-OPS,1695,293
2024-02-27,RETURNS-OPS,1587,291
2024-02-28,RETURNS-OPS,1599,306
2024-02-29,RETURNS-OPS,1411,304
2024-03-01,RETURNS-OPS,1450,296
2024-03-02,RETURNS-OPS,1301,320
2024-03-03,RETURNS-OPS,1101,308
2024-03-04,RETURNS-OPS,1963,297
2024-03-05,RETURNS-OPS,1688,302
2024-03-06,RETURNS-OPS,1581,301
2024-03-07,RETURNS-OPS,1507,304
2024-03-08,RETURNS-OPS,1456,291
2024-03-09,RETURNS-OPS,1388,313
2024-03-10,RETURNS-OPS,1160,308
2024-03-11,RETURNS-OPS,1600,306
2024-03-12,RETURNS-OPS,1704,299
2024-03-13,RETURNS-OPS,1504,300
2024-03-14,RETURNS-OPS,1570,307
2024-03-15,RETURNS-OPS,1427,293
2024-03-16,RETURNS-OPS,1393,288
2024-03-17,RETURNS-OPS,1225,299
2024-03-18,RETURNS-OPS,1814,284
2024-03-19,RETURNS-OPS,1617,294
2024-03-20,RETURNS-OPS,1494,303
2024-03-21,RETURNS-OPS,1421,310
2024-03-22,RETURNS-OPS,1365,286
2024-03-23,RETURNS-OPS,1322,305
2024-03-24,RETURNS-OPS,1085,301
2024-03-25,RETURNS-OPS,1616,295
2024-03-26,RETURNS-OPS,1831,300
2024-03-27,RETURNS-OPS,1527,294
2024-03-28,RETURNS-OPS,1439,312
2024-03-29,RETURNS-OPS,1512,289
2024-03-30,RETURNS-OPS,1413,303
2024-03-31,RETURNS-OPS,1146,314
2024-04-01,RETURNS-OPS,1793,305
2024-04-02,RETURNS-OPS,1570,300
2024-04-03,RETURNS-OPS,1628,306
2024-04-04,RETURNS-OPS,1401,283
2024-04-05,RETURNS-OPS,1470,291
2024-04-06,RETURNS-OPS,1427,295
2024-04-07,RETURNS-OPS,1227,296
2024-04-08,RETURNS-OPS,1727,303
2024-04-09,RETURNS-OPS,1491,293
2024-04-10,RETURNS-OPS,1483,283
2024-04-11,RETURNS-OPS,1489,320
2024-04-12,RETURNS-OPS,1464,313
2024-04-13,RETURNS-OPS,1266,297
2024-04-14,RETURNS-OPS,1136,310
2024-04-15,RETURNS-OPS,1735,306
2024-04-16,RETURNS-OPS,1696,283
2024-04-17,RETURNS-OPS,1542,310
2024-04-18,RETURNS-OPS,1467,295
2024-04-19,RETURNS-OPS,1446,302
2024-04-20,RETURNS-OPS,1325,299
2024-04-21,RETURNS-OPS,1305,292
2024-04-22,RETURNS-OPS,1745,291
2024-04-23,RETURNS-OPS,1667,302
2024-04-24,RETURNS-OPS,1587,290
2024-04-25,RETURNS-OPS,1607,312
2024-04-26,RETURNS-OPS,1487,300
2024-04-27,RETURNS-OPS,1356,308
2024-04-28,RETURNS-OPS,1321,301
2024-04-29,RETURNS-OPS,1691,301
2024-04-30,RETURNS-OPS,1741,312
2024-05-01,RETURNS-OPS,1611,314
2024-05-02,RETURNS-OPS,1530,311
2024-05-03,RETURNS-OPS,1372,301
2024-05-04,RETURNS-OPS,1242,304
2024-05-05,RETURNS-OPS,1141,283
2024-05-06,RETURNS-OPS,1700,297
2024-05-07,RETURNS-OPS,1552,277
2024-05-08,RETURNS-OPS,1635,296
2024-05-09,RETURNS-OPS,1575,285
2024-05-10,RETURNS-OPS,1488,307
2024-05-11,RETURNS-OPS,1307,290
2024-05-12,RETURNS-OPS,1176,300
2024-05-13,RETURNS-OPS,1777,316
2024-05-14,RETURNS-OPS,1759,315
2024-05-15,RETURNS-OPS,1653,305
2024-05-16,RETURNS-OPS,1536,300
2024-05-17,RETURNS-OPS,1540,314
2024-05-18,RETURNS-OPS,1377,310
2024-05-19,RETURNS-OPS,1240,304
2024-05-20,RETURNS-OPS,1913,302
2024-05-21,RETURNS-OPS,1756,309
2024-05-22,RETURNS-OPS,1589,303
2024-05-23,RETURNS-OPS,1760,301
2024-05-24,RETURNS-OPS,1473,313
2024-05-25,RETURNS-OPS,1345,297
2024-05-26,RETURNS-OPS,1266,319
2024-05-27,RETURNS-OPS,1810,295
2024-05-28,RETURNS-OPS,1901,305
2024-05-29,RETURNS-OPS,1443,317
2024-05-30,RETURNS-OPS,1499,314
2024-05-31,RETURNS-OPS,1461,281
2024-06-01,RETURNS-OPS,1354,315
2024-06-02,RETURNS-OPS,1284,291
2024-06-03,RETURNS-OPS,1904,312
2024-06-04,RETURNS-OPS,1796,290
2024-06-05,RETURNS-OPS,1660,293
2024-06-06,RETURNS-OPS,1578,314
2024-06-07,RETURNS-OPS,1472,299
2024-06-08,RETURNS-OPS,1361,310
2024-06-09,RETURNS-OPS,1293,302
2024-06-10,RETURNS-OPS,1761,303
2024-06-11,RETURNS-OPS,1586,293
2024-06-12,RETURNS-OPS,1554,301
2024-06-13,RETURNS-OPS,1513,304
2024-06-14,RETURNS-OPS,1581,308
2024-06-15,RETURNS-OPS,1302,305
2024-06-16,RETURNS-OPS,1264,317
2024-06-17,RETURNS-OPS,1709,301
2024-06-18,RETURNS-OPS,1730,318
2024-06-19,RETURNS-OPS,1744,290
2024-06-20,RETURNS-OPS,1471,297
2024-06-21,RETURNS-OPS,1382,294
2024-06-22,RETURNS-OPS,1430,307
2024-06-23,RETURNS-OPS,1194,307
2024-06-24,RETURNS-OPS,1753,289
2024-06-25,RETURNS-OPS,1680,306
2024-06-26,RETURNS-OPS,1627,319
2024-06-27,RETURNS-OPS,1534,304
2024-06-28,RETURNS-OPS,1513,285
2024-06-29,RETURNS-OPS,1462,302
2024-06-30,RETURNS-OPS,1243,315
2024-07-01,RETURNS-OPS,1818,297
2024-07-02,RETURNS-OPS,1717,312
2024-07-03,RETURNS-OPS,1650,293
2024-07-04,RETURNS-OPS,1614,314
2024-07-05,RETURNS-OPS,1362,296
2024-07-06,RETURNS-OPS,1444,294
2024-07-07,RETURNS-OPS,1255,295
2024-07-08,RETURNS-OPS,2019,299
2024-07-09,RETURNS-OPS,1766,297
2024-07-10,RETURNS-OPS,2080,305
2024-07-11,RETURNS-OPS,1844,294
2024-07-12,RETURNS-OPS,1753,307
2024-07-13,RETURNS-OPS,1839,300
2024-07-14,RETURNS-OPS,1487,319
2024-07-15,RETURNS-OPS,2463,308
2024-07-16,RETURNS-OPS,1873,308
2024-07-17,RETURNS-OPS,2135,312
2024-07-18,RETURNS-OPS,2018,303
2024-07-19,RETURNS-OPS,1789,303
2024-07-20,RETURNS-OPS,1702,301
2024-07-21,RETURNS-OPS,1457,301
2024-07-22,RETURNS-OPS,2040,302
2024-07-23,RETURNS-OPS,1809,272
2024-07-24,RETURNS-OPS,1788,301
2024-07-25,RETURNS-OPS,1589,308
2024-07-26,RETURNS-OPS,1530,316
2024-07-27,RETURNS-OPS,1584,308
2024-07-28,RETURNS-OPS,1196,284
2024-07-29,RETURNS-OPS,2009,282
2024-07-30,RETURNS-OPS,1745,301
2024-07-31,RETURNS-OPS,1666,308
2024-08-01,RETURNS-OPS,1499,307
2024-08-02,RETURNS-OPS,1609,313
2024-08-03,RETURNS-OPS,1514,288
2024-08-04,RETURNS-OPS,1222,281
2024-08-05,RETURNS-OPS,1683,290
2024-08-06,RETURNS-OPS,1890,300
2024-08-07,RETURNS-OPS,1660,296
2024-08-08,RETURNS-OPS,1593,294
2024-08-09,RETURNS-OPS,1525,304
2024-08-10,RETURNS-OPS,1391,304
2024-08-11,RETURNS-OPS,1251,300
2024-08-12,RETURNS-OPS,1885,293
2024-08-13,RETURNS-OPS,1783,309
2024-08-14,RETURNS-OPS,1474,314
2024-08-15,RETURNS-OPS,1490,305
2024-08-16,RETURNS-OPS,1547,305
2024-08-17,RETURNS-OPS,1424,299
2024-08-18,RETURNS-OPS,1367,296
2024-08-19,RETURNS-OPS,1963,293
2024-08-20,RETURNS-OPS,1902,306
2024-08-21,RETURNS-OPS,1487,317
2024-08-22,RETURNS-OPS,1540,296
2024-08-23,RETURNS-OPS,1600,310
2024-08-24,RETURNS-OPS,1355,293
2024-08-25,RETURNS-OPS,1140,293
2024-08-26,RETURNS-OPS,1779,312
2024-08-27,RETURNS-OPS,1864,290
2024-08-28,RETURNS-OPS,1586,281
2024-08-29,RETURNS-OPS,1686,304
2024-08-30,RETURNS-OPS,1553,297
2024-08-31,RETURNS-OPS,1529,300
2024-09-01,RETURNS-OPS,1215,315
2024-09-02,RETURNS-OPS,2027,299
2024-09-03,RETURNS-OPS,1851,303
2024-09-04,RETURNS-OPS,1667,301
2024-09-05,RETURNS-OPS,1563,289
2024-09-06,RETURNS-OPS,1663,303
2024-09-07,RETURNS-OPS,1375,299
2024-09-08,RETURNS-OPS,1306,295
2024-09-09,RETURNS-OPS,1984,299
2024-09-10,RETURNS-OPS,1860,308
2024-09-11,RETURNS-OPS,1788,301
2024-09-12,RETURNS-OPS,1740,312
2024-09-13,RETURNS-OPS,1560,303
2024-09-14,RETURNS-OPS,1554,293
2024-09-15,RETURNS-OPS,1408,303
2024-09-16,RETURNS-OPS,2008,299
2024-09-17,RETURNS-OPS,1790,290
2024-09-18,RETURNS-OPS,1631,308
2024-09-19,RETURNS-OPS,1669,296
2024-09-20,RETURNS-OPS,1565,297
2024-09-21,RETURNS-OPS,1387,286
2024-09-22,RETURNS-OPS,1284,296
2024-09-23,RETURNS-OPS,2066,301
2024-09-24,RETURNS-OPS,1663,308
2024-09-25,RETURNS-OPS,1740,307
2024-09-26,RETURNS-OPS,1567,296
2024-09-27,RETURNS-OPS,1649,299
2024-09-28,RETURNS-OPS,1475,307
2024-09-29,RETURNS-OPS,1324,300
2024-09-30,RETURNS-OPS,1925,291
2024-10-01,RETURNS-OPS,1786,314
2024-10-02,RETURNS-OPS,1700,302
2024-10-03,RETURNS-OPS,1522,284
2024-10-04,RETURNS-OPS,1563,293
2024-10-05,RETURNS-OPS,1537,303
2024-10-06,RETURNS-OPS,1273,297
2024-10-07,RETURNS-OPS,1989,306
2024-10-08,RETURNS-OPS,1769,294
2024-10-09,RETURNS-OPS,1660,300
2024-10-10,RETURNS-OPS,1561,286
2024-10-11,RETURNS-OPS,1575,304
2024-10-12,RETURNS-OPS,1378,314
2024-10-13,RETURNS-OPS,1251,299
2024-10-14,RETURNS-OPS,2029,299
2024-10-15,RETURNS-OPS,1759,310
2024-10-16,RETURNS-OPS,1663,306
2024-10-17,RETURNS-OPS,1685,316
2024-10-18,RETURNS-OPS,1696,286
2024-10-19,RETURNS-OPS,1497,305
2024-10-20,RETURNS-OPS,1250,300
2024-10-21,RETURNS-OPS,1942,295
2024-10-22,RETURNS-OPS,1740,313
2024-10-23,RETURNS-OPS,1709,291
2024-10-24,RETURNS-OPS,1643,289
2024-10-25,RETURNS-OPS,1668,305
2024-10-26,RETURNS-OPS,1606,306
2024-10-27,RETURNS-OPS,1307,306
2024-10-28,RETURNS-OPS,2076,288
2024-10-29,RETURNS-OPS,1969,308
2024-10-30,RETURNS-OPS,1788,303
2024-10-31,RETURNS-OPS,1737,291
2024-11-01,RETURNS-OPS,1641,298
2024-11-02,RETURNS-OPS,1469,306
2024-11-03,RETURNS-OPS,1414,312
2024-11-04,RETURNS-OPS,2464,299
2024-11-05,RETURNS-OPS,2130,302
2024-11-06,RETURNS-OPS,1984,303
2024-11-07,RETURNS-OPS,2144,308
2024-11-08,RETURNS-OPS,1982,318
2024-11-09,RETURNS-OPS,1764,300
2024-11-10,RETURNS-OPS,1550,324
2024-11-11,RETURNS-OPS,2524,316
2024-11-12,RETURNS-OPS,2341,332
2024-11-13,RETURNS-OPS,2244,307
2024-11-14,RETURNS-OPS,2204,323
2024-11-15,RETURNS-OPS,2152,305
2024-11-16,RETURNS-OPS,1948,318
2024-11-17,RETURNS-OPS,1730,298
2024-11-18,RETURNS-OPS,3006,300
2024-11-19,RETURNS-OPS,2874,315
2024-11-20,RETURNS-OPS,2432,310
2024-11-21,RETURNS-OPS,2392,313
2024-11-22,RETURNS-OPS,2177,318
2024-11-23,RETURNS-OPS,2099,311
2024-11-24,RETURNS-OPS,1857,318
2024-11-25,RETURNS-OPS,3025,295
2024-11-26,RETURNS-OPS,2536,290
2024-11-27,RETURNS-OPS,2525,326
2024-11-28,RETURNS-OPS,2454,307
2024-11-29,RETURNS-OPS,2378,312
2024-11-30,RETURNS-OPS,2120,299
2024-12-01,RETURNS-OPS,2013,304
2024-12-02,RETURNS-OPS,2567,309
2024-12-03,RETURNS-OPS,2794,304
2024-12-04,RETURNS-OPS,2384,327
2024-12-05,RETURNS-OPS,2241,309
2024-12-06,RETURNS-OPS,2146,317
2024-12-07,RETURNS-OPS,2022,305
2024-12-08,RETURNS-OPS,1776,310
2024-12-09,RETURNS-OPS,2709,320
2024-12-10,RETURNS-OPS,2310,311
2024-12-11,RETURNS-OPS,2327,307
2024-12-12,RETURNS-OPS,2044,328
2024-12-13,RETURNS-OPS,2117,333
2024-12-14,RETURNS-OPS,1943,308
2024-12-15,RETURNS-OPS,1719,322
2024-12-16,RETURNS-OPS,2504,312
2024-12-17,RETURNS-OPS,2357,294
2024-12-18,RETURNS-OPS,2316,308
2024-12-19,RETURNS-OPS,2219,321
2024-12-20,RETURNS-OPS,2202,323
2024-12-21,RETURNS-OPS,1866,301
2024-12-22,RETURNS-OPS,1643,321
2024-12-23,RETURNS-OPS,2477,317
2024-12-24,RETURNS-OPS,2320,303
2024-12-25,RETURNS-OPS,2294,320
2024-12-26,RETURNS-OPS,2140,313
2024-12-27,RETURNS-OPS,2124,321
2024-12-28,RETURNS-OPS,1958,318
2024-12-29,RETURNS-OPS,1685,303
2024-12-30,RETURNS-OPS,2741,318
2024-12-31,RETURNS-OPS,2396,319
2025-01-01,RETURNS-OPS,2120,312
2025-01-02,RETURNS-OPS,2122,308
2025-01-03,RETURNS-OPS,1972,316
2025-01-04,RETURNS-OPS,2024,297
2025-01-05,RETURNS-OPS,1711,305
2025-01-06,RETURNS-OPS,2601,310
2025-01-07,RETURNS-OPS,2335,307
2025-01-08,RETURNS-OPS,2341,324
2025-01-09,RETURNS-OPS,2369,308
2025-01-10,RETURNS-OPS,2298,302
2025-01-11,RETURNS-OPS,2157,310
2025-01-12,RETURNS-OPS,1896,311
2025-01-13,RETURNS-OPS,2855,306
2025-01-14,RETURNS-OPS,2455,321
2025-01-15,RETURNS-OPS,2271,312
2025-01-16,RETURNS-OPS,2534,313
2025-01-17,RETURNS-OPS,2412,324
2025-01-18,RETURNS-OPS,2108,312
2025-01-19,RETURNS-OPS,1907,319
2025-01-20,RETURNS-OPS,2575,320
2025-01-21,RETURNS-OPS,2533,312
2025-01-22,RETURNS-OPS,2453,319
2025-01-23,RETURNS-OPS,2029,306
2025-01-24,RETURNS-OPS,2022,309
2025-01-25,RETURNS-OPS,1842,292
2025-01-26,RETURNS-OPS,1529,298
2025-01-27,RETURNS-OPS,2397,297
2025-01-28,RETURNS-OPS,2094,292
2025-01-29,RETURNS-OPS,1893,297
2025-01-30,RETURNS-OPS,1763,296
2025-01-31,RETURNS-OPS,2051,290
2025-02-01,RETURNS-OPS,1581,300
2025-02-02,RETURNS-OPS,1328,304
2025-02-03,RETURNS-OPS,1999,296
2025-02-04,RETURNS-OPS,2021,288
2025-02-05,RETURNS-OPS,1950,309
2025-02-06,RETURNS-OPS,1744,299
2025-02-07,RETURNS-OPS,1676,313
2025-02-08,RETURNS-OPS,1570,318
2025-02-09,RETURNS-OPS,1421,304
2025-02-10,RETURNS-OPS,2032,299
2025-02-11,RETURNS-OPS,1935,309
2025-02-12,RETURNS-OPS,1856,272
2025-02-13,RETURNS-OPS,1653,300
2025-02-14,RETURNS-OPS,1817,298
2025-02-15,RETURNS-OPS,1536,298
2025-02-16,RETURNS-OPS,1246,317
2025-02-17,RETURNS-OPS,2017,301
2025-02-18,RETURNS-OPS,1799,300
2025-02-19,RETURNS-OPS,1775,296
2025-02-20,RETURNS-OPS,1767,293
2025-02-21,RETURNS-OPS,1595,288
2025-02-22,RETURNS-OPS,1483,279
2025-02-23,RETURNS-OPS,1425,311
2025-02-24,RETURNS-OPS,2052,315
2025-02-25,RETURNS-OPS,1975,304
2025-02-26,RETURNS-OPS,1864,299
2025-02-27,RETURNS-OPS,1611,283
2025-02-28,RETURNS-OPS,1596,298
2025-03-01,RETURNS-OPS,1631,310
2025-03-02,RETURNS-OPS,1352,294
2025-03-03,RETURNS-OPS,2103,297
2025-03-04,RETURNS-OPS,1872,306
2025-03-05,RETURNS-OPS,1865,299
2025-03-06,RETURNS-OPS,1750,297
2025-03-07,RETURNS-OPS,1674,301
2025-03-08,RETURNS-OPS,1451,319
2025-03-09,RETURNS-OPS,1402,291
2025-03-10,RETURNS-OPS,2045,298
2025-03-11,RETURNS-OPS,1898,294
2025-03-12,RETURNS-OPS,1997,297
2025-03-13,RETURNS-OPS,1713,301
2025-03-14,RETURNS-OPS,1720,299
2025-03-15,RETURNS-OPS,1497,299
2025-03-16,RETURNS-OPS,1336,291
2025-03-17,RETURNS-OPS,2072,307
2025-03-18,RETURNS-OPS,1840,276
2025-03-19,RETURNS-OPS,1824,312
2025-03-20,RETURNS-OPS,1735,308
2025-03-21,RETURNS-OPS,1775,304
2025-03-22,RETURNS-OPS,1632,288
2025-03-23,RETURNS-OPS,1337,306
2025-03-24,RETURNS-OPS,2154,276
2025-03-25,RETURNS-OPS,1914,292
2025-03-26,RETURNS-OPS,1757,305
2025-03-27,RETURNS-OPS,1705,302
2025-03-28,RETURNS-OPS,1810,299
2025-03-29,RETURNS-OPS,1718,288
2025-03-30,RETURNS-OPS,1359,301
2025-03-31,RETURNS-OPS,2036,303
2025-04-01,RETURNS-OPS,1873,312
2025-04-02,RETURNS-OPS,1745,315
2025-04-03,RETURNS-OPS,1714,298
2025-04-04,RETURNS-OPS,1857,299
2025-04-05,RETURNS-OPS,1559,310
2025-04-06,RETURNS-OPS,1480,292
2025-04-07,RETURNS-OPS,2126,305
2025-04-08,RETURNS-OPS,1937,293
2025-04-09,RETURNS-OPS,1856,293
2025-04-10,RETURNS-OPS,1753,296
2025-04-11,RETURNS-OPS,1640,324
2025-04-12,RETURNS-OPS,1539,305
2025-04-13,RETURNS-OPS,1511,301
2025-04-14,RETURNS-OPS,2238,310
2025-04-15,RETURNS-OPS,1888,302
2025-04-16,RETURNS-OPS,1790,307
2025-04-17,RETURNS-OPS,1595,284
2025-04-18,RETURNS-OPS,1665,300
2025-04-19,RETURNS-OPS,1443,285
2025-04-20,RETURNS-OPS,1453,307
2025-04-21,RETURNS-OPS,2163,292
2025-04-22,RETURNS-OPS,1873,310
2025-04-23,RETURNS-OPS,1813,312
2025-04-24,RETURNS-OPS,1778,320
2025-04-25,RETURNS-OPS,1745,292
2025-04-26,RETURNS-OPS,1716,292
2025-04-27,RETURNS-OPS,1381,298
2025-04-28,RETURNS-OPS,1938,290
2025-04-29,RETURNS-OPS,1884,305
2025-04-30,RETURNS-OPS,1733,294
2025-05-01,RETURNS-OPS,1766,298
2025-05-02,RETURNS-OPS,1865,283
2025-05-03,RETURNS-OPS,1487,315
2025-05-04,RETURNS-OPS,1361,292
2025-05-05,RETURNS-OPS,2080,304
2025-05-06,RETURNS-OPS,1839,282
2025-05-07,RETURNS-OPS,1810,297
2025-05-08,RETURNS-OPS,1690,303
2025-05-09,RETURNS-OPS,1786,293
2025-05-10,RETURNS-OPS,1518,309
2025-05-11,RETURNS-OPS,1394,308
2025-05-12,RETURNS-OPS,2029,291
2025-05-13,RETURNS-OPS,1883,303
2025-05-14,RETURNS-OPS,1781,288
2025-05-15,RETURNS-OPS,1727,302
2025-05-16,RETURNS-OPS,1753,290
2025-05-17,RETURNS-OPS,1705,301
2025-05-18,RETURNS-OPS,1230,301
2025-05-19,RETURNS-OPS,2026,299
2025-05-20,RETURNS-OPS,1937,300
2025-05-21,RETURNS-OPS,1879,288
2025-05-22,RETURNS-OPS,1704,297
2025-05-23,RETURNS-OPS,1737,311
2025-05-24,RETURNS-OPS,1716,297
2025-05-25,RETURNS-OPS,1384,307
2025-05-26,RETURNS-OPS,2125,297
2025-05-27,RETURNS-OPS,1860,284
2025-05-28,RETURNS-OPS,1934,309
2025-05-29,RETURNS-OPS,1766,295
2025-05-30,RETURNS-OPS,1809,304
2025-05-31,RETURNS-OPS,1589,297
2025-06-01,RETURNS-OPS,1236,300
2025-06-02,RETURNS-OPS,2317,320
2025-06-03,RETURNS-OPS,1896,316
2025-06-04,RETURNS-OPS,1739,303
2025-06-05,RETURNS-OPS,1698,301
2025-06-06,RETURNS-OPS,1746,287
2025-06-07,RETURNS-OPS,1626,305
2025-06-08,RETURNS-OPS,1426,299
2025-06-09,RETURNS-OPS,1999,303
2025-06-10,RETURNS-OPS,1709,300
2025-06-11,RETURNS-OPS,1983,305
2025-06-12,RETURNS-OPS,1676,295
2025-06-13,RETURNS-OPS,1775,294
2025-06-14,RETURNS-OPS,1700,308
2025-06-15,RETURNS-OPS,1443,315
2025-06-16,RETURNS-OPS,2071,299
2025-06-17,RETURNS-OPS,1991,287
2025-06-18,RETURNS-OPS,1848,290
2025-06-19,RETURNS-OPS,1878,291
2025-06-20,RETURNS-OPS,1828,299
2025-06-21,RETURNS-OPS,1681,297
2025-06-22,RETURNS-OPS,1478,301
2025-06-23,RETURNS-OPS,2335,306
2025-06-24,RETURNS-OPS,2141,308
2025-06-25,RETURNS-OPS,1959,296
2025-06-26,RETURNS-OPS,1865,305
2025-06-27,RETURNS-OPS,1725,290
2025-06-28,RETURNS-OPS,1626,304
2025-06-29,RETURNS-OPS,1427,278
2025-06-30,RETURNS-OPS,2130,290
2025-07-01,RETURNS-OPS,1869,289
2025-07-02,RETURNS-OPS,1893,308
2025-07-03,RETURNS-OPS,1873,306
2025-07-04,RETURNS-OPS,1715,299
2025-07-05,RETURNS-OPS,1793,287
2025-07-06,RETURNS-OPS,1477,311
2025-07-07,RETURNS-OPS,2238,312
2025-07-08,RETURNS-OPS,2169,323
2025-07-09,RETURNS-OPS,1886,312
2025-07-10,RETURNS-OPS,1872,288
2025-07-11,RETURNS-OPS,2093,287
2025-07-12,RETURNS-OPS,1821,281
2025-07-13,RETURNS-OPS,1698,298
2025-07-14,RETURNS-OPS,2545,315
2025-07-15,RETURNS-OPS,2534,320
2025-07-16,RETURNS-OPS,2525,321
2025-07-17,RETURNS-OPS,2410,315
2025-07-18,RETURNS-OPS,2363,293
2025-07-19,RETURNS-OPS,1955,299
2025-07-20,RETURNS-OPS,1604,314
2025-07-21,RETURNS-OPS,2717,295
2025-07-22,RETURNS-OPS,2055,316
2025-07-23,RETURNS-OPS,2013,294
2025-07-24,RETURNS-OPS,1886,306
2025-07-25,RETURNS-OPS,1950,314
2025-07-26,RETURNS-OPS,1817,309
2025-07-27,RETURNS-OPS,1465,309
2025-07-28,RETURNS-OPS,2304,308
2025-07-29,RETURNS-OPS,2178,312
2025-07-30,RETURNS-OPS,1912,277
2025-07-31,RETURNS-OPS,1736,276
2025-08-01,RETURNS-OPS,1719,304
2025-08-02,RETURNS-OPS,1635,310
2025-08-03,RETURNS-OPS,1444,298
2025-08-04,RETURNS-OPS,2103,310
2025-08-05,RETURNS-OPS,2111,297
2025-08-06,RETURNS-OPS,2047,304
2025-08-07,RETURNS-OPS,1753,298
2025-08-08,RETURNS-OPS,1831,297
2025-08-09,RETURNS-OPS,1661,305
2025-08-10,RETURNS-OPS,1526,313
2025-08-11,RETURNS-OPS,2197,295
2025-08-12,RETURNS-OPS,1906,297
2025-08-13,RETURNS-OPS,1708,287
2025-08-14,RETURNS-OPS,1865,297
2025-08-15,RETURNS-OPS,1866,300
2025-08-16,RETURNS-OPS,1692,293
2025-08-17,RETURNS-OPS,1392,290
2025-08-18,RETURNS-OPS,2318,291
2025-08-19,RETURNS-OPS,2063,300
2025-08-20,RETURNS-OPS,2038,306
2025-08-21,RETURNS-OPS,1835,312
2025-08-22,RETURNS-OPS,1870,295
2025-08-23,RETURNS-OPS,1667,317
2025-08-24,RETURNS-OPS,1481,305
2025-08-25,RETURNS-OPS,2370,311
2025-08-26,RETURNS-OPS,1996,299
2025-08-27,RETURNS-OPS,1894,303
2025-08-28,RETURNS-OPS,1990,306
2025-08-29,RETURNS-OPS,1965,309
2025-08-30,RETURNS-OPS,1579,303
2025-08-31,RETURNS-OPS,1411,310
2025-09-01,RETURNS-OPS,2192,288
2025-09-02,RETURNS-OPS,2185,280
2025-09-03,RETURNS-OPS,1842,300
2025-09-04,RETURNS-OPS,1984,313
2025-09-05,RETURNS-OPS,1655,303
2025-09-06,RETURNS-OPS,1639,310
2025-09-07,RETURNS-OPS,1521,304
2025-09-08,RETURNS-OPS,2364,289
2025-09-09,RETURNS-OPS,2044,300
2025-09-10,RETURNS-OPS,1961,287
2025-09-11,RETURNS-OPS,1780,289
2025-09-12,RETURNS-OPS,1836,301
2025-09-13,RETURNS-OPS,1777,297
2025-09-14,RETURNS-OPS,1439,286
2025-09-15,RETURNS-OPS,2224,302
2025-09-16,RETURNS-OPS,1913,300
2025-09-17,RETURNS-OPS,1878,305
2025-09-18,RETURNS-OPS,1904,312
2025-09-19,RETURNS-OPS,1790,300
2025-09-20,RETURNS-OPS,1730,294
2025-09-21,RETURNS-OPS,1461,288
2025-09-22,RETURNS-OPS,2322,297
2025-09-23,RETURNS-OPS,1964,289
2025-09-24,RETURNS-OPS,2004,283
2025-09-25,RETURNS-OPS,1878,303
2025-09-26,RETURNS-OPS,1711,290
2025-09-27,RETURNS-OPS,1846,303
2025-09-28,RETURNS-OPS,1423,289
2025-09-29,RETURNS-OPS,2383,296
2025-09-30,RETURNS-OPS,2107,285
2025-10-01,RETURNS-OPS,2140,294
2025-10-02,RETURNS-OPS,1680,301
2025-10-03,RETURNS-OPS,1864,285
2025-10-04,RETURNS-OPS,1698,295
2025-10-05,RETURNS-OPS,1332,311
2025-10-06,RETURNS-OPS,2228,300
2025-10-07,RETURNS-OPS,2012,288
2025-10-08,RETURNS-OPS,2040,299
2025-10-09,RETURNS-OPS,1985,311
2025-10-10,RETURNS-OPS,1939,292
2025-10-11,RETURNS-OPS,1669,297
2025-10-12,RETURNS-OPS,1515,287
2025-10-13,RETURNS-OPS,2164,305
2025-10-14,RETURNS-OPS,2189,298
2025-10-15,RETURNS-OPS,2088,299
2025-10-16,RETURNS-OPS,1928,302
2025-10-17,RETURNS-OPS,1934,285
2025-10-18,RETURNS-OPS,1675,309
2025-10-19,RETURNS-OPS,1631,310
2025-10-20,RETURNS-OPS,2289,298
2025-10-21,RETURNS-OPS,2002,290
2025-10-22,RETURNS-OPS,1952,290
2025-10-23,RETURNS-OPS,1816,296
2025-10-24,RETURNS-OPS,1802,284
2025-10-25,RETURNS-OPS,1659,310
2025-10-26,RETURNS-OPS,1475,310
2025-10-27,RETURNS-OPS,2328,307
2025-10-28,RETURNS-OPS,2107,306
2025-10-29,RETURNS-OPS,2208,313
2025-10-30,RETURNS-OPS,1884,279
2025-10-31,RETURNS-OPS,1728,302
2025-11-01,RETURNS-OPS,2063,302
2025-11-02,RETURNS-OPS,1552,309
2025-11-03,RETURNS-OPS,2582,298
2025-11-04,RETURNS-OPS,2262,289
2025-11-05,RETURNS-OPS,2128,304
2025-11-06,RETURNS-OPS,2166,306
2025-11-07,RETURNS-OPS,2029,291
2025-11-08,RETURNS-OPS,2016,311
2025-11-09,RETURNS-OPS,1840,297
2025-11-10,RETURNS-OPS,2694,301
2025-11-11,RETURNS-OPS,2753,333
2025-11-12,RETURNS-OPS,2539,322
2025-11-13,RETURNS-OPS,2250,319
2025-11-14,RETURNS-OPS,2544,305
2025-11-15,RETURNS-OPS,2192,302
2025-11-16,RETURNS-OPS,1955,305
2025-11-17,RETURNS-OPS,3084,313
2025-11-18,RETURNS-OPS,2685,312
2025-11-19,RETURNS-OPS,2825,305
2025-11-20,RETURNS-OPS,2754,326
2025-11-21,RETURNS-OPS,2714,304
2025-11-22,RETURNS-OPS,2587,311
2025-11-23,RETURNS-OPS,2187,313
2025-11-24,RETURNS-OPS,3314,302
2025-11-25,RETURNS-OPS,3172,327
2025-11-26,RETURNS-OPS,2655,301
2025-11-27,RETURNS-OPS,2792,315
2025-11-28,RETURNS-OPS,2831,310
2025-11-29,RETURNS-OPS,2700,325
2025-11-30,RETURNS-OPS,2402,297
2025-12-01,RETURNS-OPS,3408,307
2025-12-02,RETURNS-OPS,2989,308
2025-12-03,RETURNS-OPS,2967,328
2025-12-04,RETURNS-OPS,2492,305
2025-12-05,RETURNS-OPS,2525,309
2025-12-06,RETURNS-OPS,2326,310
2025-12-07,RETURNS-OPS,2079,302
2025-12-08,RETURNS-OPS,2969,317
2025-12-09,RETURNS-OPS,2665,327
2025-12-10,RETURNS-OPS,2842,303
2025-12-11,RETURNS-OPS,2650,297
2025-12-12,RETURNS-OPS,2266,317
2025-12-13,RETURNS-OPS,2409,330
2025-12-14,RETURNS-OPS,2041,312
2025-12-15,RETURNS-OPS,2678,315
2025-12-16,RETURNS-OPS,2847,315
2025-12-17,RETURNS-OPS,2479,319
2025-12-18,RETURNS-OPS,2449,328
2025-12-19,RETURNS-OPS,2472,316
2025-12-20,RETURNS-OPS,2523,307
2025-12-21,RETURNS-OPS,2014,312
2025-12-22,RETURNS-OPS,3135,311
2025-12-23,RETURNS-OPS,2854,312
2025-12-24,RETURNS-OPS,2616,325
2025-12-25,RETURNS-OPS,2541,303
2025-12-26,RETURNS-OPS,2449,316
2025-12-27,RETURNS-OPS,1923,313
2025-12-28,RETURNS-OPS,1946,310
2025-12-29,RETURNS-OPS,2751,309
2025-12-30,RETURNS-OPS,2831,317
2025-12-31,RETURNS-OPS,2466,313
2026-01-01,RETURNS-OPS,2304,308
2026-01-02,RETURNS-OPS,2482,332
2026-01-03,RETURNS-OPS,2290,328
2026-01-04,RETURNS-OPS,1941,320
2026-01-05,RETURNS-OPS,3023,313
2026-01-06,RETURNS-OPS,2897,311
2026-01-07,RETURNS-OPS,2576,322
2026-01-08,RETURNS-OPS,2693,319
2026-01-09,RETURNS-OPS,2450,306
2026-01-10,RETURNS-OPS,2432,316
2026-01-11,RETURNS-OPS,2269,310
2026-01-12,RETURNS-OPS,2949,300
2026-01-13,RETURNS-OPS,3158,312
2026-01-14,RETURNS-OPS,2834,305
2026-01-15,RETURNS-OPS,2727,321
2026-01-16,RETURNS-OPS,2479,309
2026-01-17,RETURNS-OPS,2508,303
2026-01-18,RETURNS-OPS,1969,310
2026-01-19,RETURNS-OPS,2929,310
2026-01-20,RETURNS-OPS,2985,319
2026-01-21,RETURNS-OPS,2445,318
2026-01-22,RETURNS-OPS,2579,317
2026-01-23,RETURNS-OPS,2269,307
2026-01-24,RETURNS-OPS,2086,313
2026-01-25,RETURNS-OPS,1983,286
2026-01-26,RETURNS-OPS,2485,300
2026-01-27,RETURNS-OPS,2611,296
2026-01-28,RETURNS-OPS,2337,306
2026-01-29,RETURNS-OPS,2155,313
2026-01-30,RETURNS-OPS,2145,308
2026-01-31,RETURNS-OPS,1909,309
2026-02-01,RETURNS-OPS,1792,291
2026-02-02,RETURNS-OPS,2421,298
2026-02-03,RETURNS-OPS,2303,290
2026-02-04,RETURNS-OPS,2299,303
2026-02-05,RETURNS-OPS,2006,300
2026-02-06,RETURNS-OPS,1915,300
2026-02-07,RETURNS-OPS,1825,294
2026-02-08,RETURNS-OPS,1504,290
2026-02-09,RETURNS-OPS,2401,286
2026-02-10,RETURNS-OPS,2101,296
2026-02-11,RETURNS-OPS,2045,303
2026-02-12,RETURNS-OPS,2099,305
2026-02-13,RETURNS-OPS,1856,300
2026-02-14,RETURNS-OPS,1783,305
2026-02-15,RETURNS-OPS,1645,299
2026-02-16,RETURNS-OPS,2406,298
2026-02-17,RETURNS-OPS,2013,308
2026-02-18,RETURNS-OPS,1909,298
2026-02-19,RETURNS-OPS,1848,294
2026-02-20,RETURNS-OPS,1966,288
2026-02-21,RETURNS-OPS,1802,316
2026-02-22,RETURNS-OPS,1581,296
2026-02-23,RETURNS-OPS,2506,299
2026-02-24,RETURNS-OPS,2203,291
2026-02-25,RETURNS-OPS,1950,280
2026-02-26,RETURNS-OPS,1887,278
2026-02-27,RETURNS-OPS,1903,280
2026-02-28,RETURNS-OPS,1652,297
2026-03-01,RETURNS-OPS,1705,314
2026-03-02,RETURNS-OPS,2599,299
2026-03-03,RETURNS-OPS,2055,304
2026-03-04,RETURNS-OPS,2110,294
2026-03-05,RETURNS-OPS,2044,288
2026-03-06,RETURNS-OPS,1973,288
2026-03-07,RETURNS-OPS,1876,312
2026-03-08,RETURNS-OPS,1473,302
2026-03-09,RETURNS-OPS,2435,298
2026-03-10,RETURNS-OPS,2234,300
2026-03-11,RETURNS-OPS,2161,291
2026-03-12,RETURNS-OPS,1992,310
2026-03-13,RETURNS-OPS,1948,287
2026-03-14,RETURNS-OPS,1738,294
2026-03-15,RETURNS-OPS,1626,289
2026-03-16,RETURNS-OPS,2396,293
2026-03-17,RETURNS-OPS,2418,294
2026-03-18,RETURNS-OPS,1899,290
2026-03-19,RETURNS-OPS,2060,296
2026-03-20,RETURNS-OPS,1940,281
2026-03-21,RETURNS-OPS,1935,320
2026-03-22,RETURNS-OPS,1653,309
2026-03-23,RETURNS-OPS,2456,309
2026-03-24,RETURNS-OPS,2166,298
2026-03-25,RETURNS-OPS,1956,291
2026-03-26,RETURNS-OPS,1924,300
2026-03-27,RETURNS-OPS,1944,293
2026-03-28,RETURNS-OPS,2021,292
2026-03-29,RETURNS-OPS,1365,293
2026-03-30,RETURNS-OPS,2624,322
2026-03-31,RETURNS-OPS,2228,281
2026-04-01,RETURNS-OPS,2105,299
2026-04-02,RETURNS-OPS,2026,303
2026-04-03,RETURNS-OPS,2093,296
2026-04-04,RETURNS-OPS,1906,295
2026-04-05,RETURNS-OPS,1769,296
2026-04-06,RETURNS-OPS,2276,297
2026-04-07,RETURNS-OPS,2343,313
2026-04-08,RETURNS-OPS,2251,296
2026-04-09,RETURNS-OPS,1907,285
2026-04-10,RETURNS-OPS,1950,297
2026-04-11,RETURNS-OPS,1832,292
2026-04-12,RETURNS-OPS,1652,294
2026-04-13,RETURNS-OPS,2320,280
2026-04-14,RETURNS-OPS,2238,301
2026-04-15,RETURNS-OPS,2223,302
2026-04-16,RETURNS-OPS,2095,322
2026-04-17,RETURNS-OPS,1892,300
2026-04-18,RETURNS-OPS,1628,304
2026-04-19,RETURNS-OPS,1676,288
2026-04-20,RETURNS-OPS,2543,299
2026-04-21,RETURNS-OPS,2120,299
2026-04-22,RETURNS-OPS,2172,296
2026-04-23,RETURNS-OPS,2253,321
2026-04-24,RETURNS-OPS,2018,294
2026-04-25,RETURNS-OPS,1746,300
2026-04-26,RETURNS-OPS,1554,284
2026-04-27,RETURNS-OPS,2274,307
2026-04-28,RETURNS-OPS,2008,296
2026-04-29,RETURNS-OPS,2403,300
2026-04-30,RETURNS-OPS,2015,303
2026-05-01,RETURNS-OPS,1965,303
2026-05-02,RETURNS-OPS,1765,310
2026-05-03,RETURNS-OPS,1732,298
2026-05-04,RETURNS-OPS,2372,289
2026-05-05,RETURNS-OPS,2121,297
2026-05-06,RETURNS-OPS,2207,300
2026-05-07,RETURNS-OPS,1986,301
2026-05-08,RETURNS-OPS,2341,309
2026-05-09,RETURNS-OPS,2021,294
2026-05-10,RETURNS-OPS,1700,316
2026-05-11,RETURNS-OPS,2307,308
2026-05-12,RETURNS-OPS,2163,282
2026-05-13,RETURNS-OPS,2086,300
2026-05-14,RETURNS-OPS,1984,283
2026-05-15,RETURNS-OPS,2097,290
2026-05-16,RETURNS-OPS,1979,287
2026-05-17,RETURNS-OPS,1720,325
2026-05-18,RETURNS-OPS,2390,283
2026-05-19,RETURNS-OPS,2026,310
2026-05-20,RETURNS-OPS,2238,299
2026-05-21,RETURNS-OPS,2163,288
2026-05-22,RETURNS-OPS,1956,292
2026-05-23,RETURNS-OPS,1705,310
2026-05-24,RETURNS-OPS,1790,291
2026-05-25,RETURNS-OPS,2501,298
2026-05-26,RETURNS-OPS,2383,298
2026-05-27,RETURNS-OPS,2269,303
2026-05-28,RETURNS-OPS,2086,307
2026-05-29,RETURNS-OPS,2033,297
2026-05-30,RETURNS-OPS,1826,299
2026-05-31,RETURNS-OPS,1622,307
2026-06-01,RETURNS-OPS,2358,311
2026-06-02,RETURNS-OPS,2274,306
2026-06-03,RETURNS-OPS,2100,316
2026-06-04,RETURNS-OPS,2139,316
2026-06-05,RETURNS-OPS,2094,293
2026-06-06,RETURNS-OPS,1842,285
2026-06-07,RETURNS-OPS,1735,314
2026-06-08,RETURNS-OPS,2494,308
2026-06-09,RETURNS-OPS,2199,295
2026-06-10,RETURNS-OPS,2102,296
2026-06-11,RETURNS-OPS,1909,315
2026-06-12,RETURNS-OPS,1919,309
2026-06-13,RETURNS-OPS,1831,303
2026-06-14,RETURNS-OPS,1637,295
2026-06-15,RETURNS-OPS,2648,299
2026-06-16,RETURNS-OPS,2280,275
2026-06-17,RETURNS-OPS,2076,290
2026-06-18,RETURNS-OPS,2016,300
2026-06-19,RETURNS-OPS,2100,298
2026-06-20,RETURNS-OPS,1938,291
2026-06-21,RETURNS-OPS,1593,304
2026-06-22,RETURNS-OPS,2501,302
2026-06-23,RETURNS-OPS,2262,298
2026-06-24,RETURNS-OPS,2319,294
2026-06-25,RETURNS-OPS,2065,292
2026-06-26,RETURNS-OPS,2024,293
2026-06-27,RETURNS-OPS,1877,303
2026-06-28,RETURNS-OPS,1831,284
2026-06-29,RETURNS-OPS,2333,298
2026-06-30,RETURNS-OPS,2431,283
2026-07-01,RETURNS-OPS,1975,297
2026-07-02,RETURNS-OPS,2223,299
2026-07-03,RETURNS-OPS,1745,273
2026-07-04,RETURNS-OPS,1905,296
2026-07-05,RETURNS-OPS,1760,284
2026-07-06,RETURNS-OPS,2537,281
2026-07-07,RETURNS-OPS,2201,308
2026-07-08,RETURNS-OPS,2205,307
2026-07-09,RETURNS-OPS,2187,289
2026-07-10,RETURNS-OPS,2276,290
2026-07-11,RETURNS-OPS,2001,302
2026-07-12,RETURNS-OPS,1925,305
2026-07-13,RETURNS-OPS,3091,295
2026-07-14,RETURNS-OPS,3073,313
2026-07-15,RETURNS-OPS,2761,316
2026-07-16,RETURNS-OPS,2660,319
2026-07-17,RETURNS-OPS,2524,319
2026-07-18,RETURNS-OPS,2288,311
2026-07-19,RETURNS-OPS,1970,294
2026-07-20,RETURNS-OPS,2714,308
2026-07-21,RETURNS-OPS,2677,292
2026-07-22,RETURNS-OPS,2308,286
2026-07-23,RETURNS-OPS,2200,287
2026-07-24,RETURNS-OPS,2086,297
2026-07-25,RETURNS-OPS,2202,299
2026-07-26,RETURNS-OPS,1801,303
2026-07-27,RETURNS-OPS,2416,298
2026-07-28,RETURNS-OPS,2291,301
2026-07-29,RETURNS-OPS,2323,296
2026-07-30,RETURNS-OPS,1969,300
2026-07-31,RETURNS-OPS,2031,299
2026-08-01,RETURNS-OPS,1924,289
2026-08-02,RETURNS-OPS,1659,311
2026-08-03,RETURNS-OPS,2334,293
2026-08-04,RETURNS-OPS,2227,293
2026-08-05,RETURNS-OPS,2340,313
2026-08-06,RETURNS-OPS,2308,301
2026-08-07,RETURNS-OPS,2048,311
2026-08-08,RETURNS-OPS,2082,304
2026-08-09,RETURNS-OPS,1686,307
2026-08-10,RETURNS-OPS,2085,296
2026-08-11,RETURNS-OPS,2335,305
2026-08-12,RETURNS-OPS,2069,293
2026-08-13,RETURNS-OPS,1978,297
2026-08-14,RETURNS-OPS,2066,288
2026-08-15,RETURNS-OPS,1841,302
2026-08-16,RETURNS-OPS,1636,290
2026-08-17,RETURNS-OPS,2571,287
2026-08-18,RETURNS-OPS,2320,302
2026-08-19,RETURNS-OPS,2299,301
2026-08-20,RETURNS-OPS,2006,283
2026-08-21,RETURNS-OPS,2050,308
2026-08-22,RETURNS-OPS,1802,302
2026-08-23,RETURNS-OPS,1754,303
2026-08-24,RETURNS-OPS,2437,300
2026-08-25,RETURNS-OPS,2210,296
2026-08-26,RETURNS-OPS,2036,296
2026-08-27,RETURNS-OPS,1853,303
2026-08-28,RETURNS-OPS,2019,302
2026-08-29,RETURNS-OPS,1926,299
2026-08-30,RETURNS-OPS,1702,291
2026-08-31,RETURNS-OPS,2731,304
2026-09-01,RETURNS-OPS,2283,306
2026-09-02,RETURNS-OPS,1886,304
2026-09-03,RETURNS-OPS,2128,298
2026-09-04,RETURNS-OPS,2019,306
2026-09-05,RETURNS-OPS,1993,295
2026-09-06,RETURNS-OPS,1552,312
2026-09-07,RETURNS-OPS,2419,287
2026-09-08,RETURNS-OPS,2374,287
2026-09-09,RETURNS-OPS,2122,285
2026-09-10,RETURNS-OPS,2142,309
2026-09-11,RETURNS-OPS,2134,311
2026-09-12,RETURNS-OPS,1621,309
2026-09-13,RETURNS-OPS,1600,287
2026-09-14,RETURNS-OPS,2386,288
2026-09-15,RETURNS-OPS,2378,295
2026-09-16,RETURNS-OPS,2058,288
2026-09-17,RETURNS-OPS,2342,295
2026-09-18,RETURNS-OPS,1853,306
2026-09-19,RETURNS-OPS,1917,313
2026-09-20,RETURNS-OPS,1796,297
2026-09-21,RETURNS-OPS,2714,300
2026-09-22,RETURNS-OPS,2407,307
2026-09-23,RETURNS-OPS,2283,307
2026-09-24,RETURNS-OPS,2068,292
2026-09-25,RETURNS-OPS,2051,302
2026-09-26,RETURNS-OPS,2008,301
2026-09-27,RETURNS-OPS,1605,288
